match,referenceIndex,predictionIndex,pitch,gt_onset,gt_key_release,gt_pedal_release,pred_onset,pred_end,key_error,pedal_error,onset_error,case,category,variant
TP,0,0,36,0.5169961241492965,2.518998236030152,2.518998236030152,0.5107616186141968,2.504899024963379,-0.014099211066773254,-0.014099211066773254,-0.006234505535099744,01_isolated,isolated,A_600
TP,0,0,36,0.5169961241492965,2.518998236030152,2.518998236030152,0.5107616186141968,2.504899024963379,-0.014099211066773254,-0.014099211066773254,-0.006234505535099744,01_isolated,isolated,B_1200
TP,0,0,36,0.5169961241492965,2.518998236030152,2.518998236030152,0.5107616186141968,2.504899024963379,-0.014099211066773254,-0.014099211066773254,-0.006234505535099744,01_isolated,isolated,C_3000
TP,0,0,36,0.5169961241492965,2.518998236030152,2.518998236030152,0.5107616186141968,2.504899024963379,-0.014099211066773254,-0.014099211066773254,-0.006234505535099744,01_isolated,isolated,D_no_cap
TP,0,0,60,0.5199867891476181,2.521988901028474,2.521988901028474,0.5226254463195801,2.549999952316284,0.02801105128781023,0.02801105128781023,0.002638657171961989,02_isolated,isolated,A_600
TP,0,0,60,0.5199867891476181,2.521988901028474,2.521988901028474,0.5226254463195801,2.549999952316284,0.02801105128781023,0.02801105128781023,0.002638657171961989,02_isolated,isolated,B_1200
TP,0,0,60,0.5199867891476181,2.521988901028474,2.521988901028474,0.5226254463195801,2.549999952316284,0.02801105128781023,0.02801105128781023,0.002638657171961989,02_isolated,isolated,C_3000
TP,0,0,60,0.5199867891476181,2.521988901028474,2.521988901028474,0.5226254463195801,2.549999952316284,0.02801105128781023,0.02801105128781023,0.002638657171961989,02_isolated,isolated,D_no_cap
TP,0,0,84,0.5340013403729362,2.5329993762016665,2.5329993762016665,0.5337690711021423,4.1390625,1.6060631237983332,1.6060631237983332,-0.00023226927079389448,03_isolated,isolated,A_600
FP,,1,75,,,,0.537399411201477,4.1390625,,,,03_isolated,isolated,A_600
TP,0,0,84,0.5340013403729362,2.5329993762016665,2.5329993762016665,0.5337690711021423,4.1390625,1.6060631237983332,1.6060631237983332,-0.00023226927079389448,03_isolated,isolated,B_1200
FP,,1,75,,,,0.537399411201477,4.1390625,,,,03_isolated,isolated,B_1200
TP,0,0,84,0.5340013403729362,2.5329993762016665,2.5329993762016665,0.5337690711021423,4.1390625,1.6060631237983332,1.6060631237983332,-0.00023226927079389448,03_isolated,isolated,C_3000
FP,,1,75,,,,0.537399411201477,4.1390625,,,,03_isolated,isolated,C_3000
TP,0,0,84,0.5340013403729362,2.5329993762016665,2.5329993762016665,0.5337690711021423,4.1390625,1.6060631237983332,1.6060631237983332,-0.00023226927079389448,03_isolated,isolated,D_no_cap
FP,,1,75,,,,0.537399411201477,4.1390625,,,,03_isolated,isolated,D_no_cap
TP,0,0,100,0.5229908651997437,2.5179924069948427,2.5179924069948427,0.5247318744659424,2.609999895095825,0.09200748810098247,0.09200748810098247,0.0017410092661986898,04_isolated,isolated,A_600
FP,,1,33,,,,2.5028016567230225,2.509999990463257,,,,04_isolated,isolated,A_600
TP,0,0,100,0.5229908651997437,2.5179924069948427,2.5179924069948427,0.5247318744659424,2.609999895095825,0.09200748810098247,0.09200748810098247,0.0017410092661986898,04_isolated,isolated,B_1200
FP,,1,33,,,,2.5028016567230225,2.509999990463257,,,,04_isolated,isolated,B_1200
TP,0,0,100,0.5229908651997437,2.5179924069948427,2.5179924069948427,0.5247318744659424,2.609999895095825,0.09200748810098247,0.09200748810098247,0.0017410092661986898,04_isolated,isolated,C_3000
FP,,1,33,,,,2.5028016567230225,2.509999990463257,,,,04_isolated,isolated,C_3000
TP,0,0,100,0.5229908651997437,2.5179924069948427,2.5179924069948427,0.5247318744659424,2.609999895095825,0.09200748810098247,0.09200748810098247,0.0017410092661986898,04_isolated,isolated,D_no_cap
FP,,1,33,,,,2.5028016567230225,2.509999990463257,,,,04_isolated,isolated,D_no_cap
FN,0,,105,0.5169961241492965,4.103983629871517,4.103983629871517,,,,,,05_long,long,A_600
FP,,0,103,,,,0.5120784640312195,0.5199999809265137,,,,05_long,long,A_600
FP,,1,104,,,,0.5143954753875732,0.5199999809265137,,,,05_long,long,A_600
FN,0,,105,0.5169961241492965,4.103983629871517,4.103983629871517,,,,,,05_long,long,B_1200
FP,,0,103,,,,0.5120784640312195,0.5199999809265137,,,,05_long,long,B_1200
FP,,1,104,,,,0.5143954753875732,0.5199999809265137,,,,05_long,long,B_1200
FN,0,,105,0.5169961241492965,4.103983629871517,4.103983629871517,,,,,,05_long,long,C_3000
FP,,0,103,,,,0.5120784640312195,0.5199999809265137,,,,05_long,long,C_3000
FP,,1,104,,,,0.5143954753875732,0.5199999809265137,,,,05_long,long,C_3000
FN,0,,105,0.5169961241492965,4.103983629871517,4.103983629871517,,,,,,05_long,long,D_no_cap
FP,,0,103,,,,0.5120784640312195,0.5199999809265137,,,,05_long,long,D_no_cap
FP,,1,104,,,,0.5143954753875732,0.5199999809265137,,,,05_long,long,D_no_cap
TP,0,0,95,0.5229908651997437,6.059999238258004,6.059999238258004,0.5152497291564941,6.519999980926514,0.46000074266850977,0.46000074266850977,-0.007741136043249552,06_long,long,A_600
TP,0,0,95,0.5229908651997437,6.059999238258004,6.059999238258004,0.5152497291564941,7.662,1.602000761741996,1.602000761741996,-0.007741136043249552,06_long,long,B_1200
TP,0,0,95,0.5229908651997437,6.059999238258004,6.059999238258004,0.5152497291564941,7.662,1.602000761741996,1.602000761741996,-0.007741136043249552,06_long,long,C_3000
TP,0,0,95,0.5229908651997437,6.059999238258004,6.059999238258004,0.5152497291564941,7.662,1.602000761741996,1.602000761741996,-0.007741136043249552,06_long,long,D_no_cap
TP,0,0,82,0.5169961241492965,8.594983450422681,8.594983450422681,0.509667694568634,6.510000228881836,-2.0849832215408455,-2.0849832215408455,-0.007328429580662488,07_long,long,A_600
TP,0,0,82,0.5169961241492965,8.594983450422681,8.594983450422681,0.509667694568634,7.5,-1.0949834504226814,-1.0949834504226814,-0.007328429580662488,07_long,long,B_1200
TP,0,0,82,0.5169961241492965,8.594983450422681,8.594983450422681,0.509667694568634,7.5,-1.0949834504226814,-1.0949834504226814,-0.007328429580662488,07_long,long,C_3000
TP,0,0,82,0.5169961241492965,8.594983450422681,8.594983450422681,0.509667694568634,7.5,-1.0949834504226814,-1.0949834504226814,-0.007328429580662488,07_long,long,D_no_cap
TP,0,1,62,0.5139920480971709,12.507993674123355,12.507993674123355,0.4980824291706085,6.5,-6.007993674123355,-6.007993674123355,-0.015909618926562397,08_long,long,A_600
FP,,0,74,,,,0.4974433481693268,6.5,,,,08_long,long,A_600
TP,0,1,62,0.5139920480971709,12.507993674123355,12.507993674123355,0.4980824291706085,7.5,-5.007993674123355,-5.007993674123355,-0.015909618926562397,08_long,long,B_1200
FP,,0,74,,,,0.4974433481693268,7.5,,,,08_long,long,B_1200
TP,0,1,62,0.5139920480971709,12.507993674123355,12.507993674123355,0.4980824291706085,7.5,-5.007993674123355,-5.007993674123355,-0.015909618926562397,08_long,long,C_3000
FP,,0,74,,,,0.4974433481693268,7.5,,,,08_long,long,C_3000
TP,0,1,62,0.5139920480971709,12.507993674123355,12.507993674123355,0.4980824291706085,7.5,-5.007993674123355,-5.007993674123355,-0.015909618926562397,08_long,long,D_no_cap
FP,,0,74,,,,0.4974433481693268,7.5,,,,08_long,long,D_no_cap
TP,0,0,31,0.5139920480971709,18.56299058931242,18.56299058931242,0.505710780620575,6.510000228881836,-12.052990360430584,-12.052990360430584,-0.008281267476595966,09_long,long,A_600
TP,0,0,31,0.5139920480971709,18.56299058931242,18.56299058931242,0.505710780620575,7.5,-11.06299058931242,-11.06299058931242,-0.008281267476595966,09_long,long,B_1200
TP,0,0,31,0.5139920480971709,18.56299058931242,18.56299058931242,0.505710780620575,7.5,-11.06299058931242,-11.06299058931242,-0.008281267476595966,09_long,long,C_3000
TP,0,0,31,0.5139920480971709,18.56299058931242,18.56299058931242,0.505710780620575,7.5,-11.06299058931242,-11.06299058931242,-0.008281267476595966,09_long,long,D_no_cap
TP,0,0,49,0.5169961241492965,0.8699884713278603,0.8699884713278603,0.5066856145858765,0.864687979221344,-0.005300492106516286,-0.005300492106516286,-0.010310509563420056,10_repeated,repeated,A_600
TP,1,1,49,1.2229942295602283,1.5209878450880459,1.5209878450880459,1.2154523134231567,1.511607050895691,-0.009380794192354935,-0.009380794192354935,-0.007541916137071558,10_repeated,repeated,A_600
TP,2,2,49,1.815977384563738,2.066978667561876,2.066978667561876,1.8067502975463867,2.0534093379974365,-0.01356932956443968,-0.01356932956443968,-0.009227087017351199,10_repeated,repeated,A_600
TP,3,3,49,2.3159817035431987,2.5289894711142304,2.5289894711142304,2.3070504665374756,2.51867413520813,-0.010315335906100565,-0.010315335906100565,-0.00893123700572307,10_repeated,repeated,A_600
TP,4,4,49,2.7389931626331365,2.914007414777062,2.914007414777062,2.731541633605957,2.9065279960632324,-0.0074794187138294,-0.0074794187138294,-0.007451529027179493,10_repeated,repeated,A_600
TP,5,5,49,3.0970012439344456,3.2389974816125973,3.2389974816125973,3.0849802494049072,3.2311136722564697,-0.007883809356127536,-0.007883809356127536,-0.01202099452953842,10_repeated,repeated,A_600
TP,6,6,49,3.390005947447126,3.5120063039033167,3.5120063039033167,3.378047227859497,3.4852144718170166,-0.026791832086300094,-0.026791832086300094,-0.011958719587628952,10_repeated,repeated,A_600
TP,7,7,49,3.6419996484267703,3.74299829462569,3.74299829462569,3.6259467601776123,3.6931722164154053,-0.04982607821028484,-0.04982607821028484,-0.01605288824915796,10_repeated,repeated,A_600
TP,8,9,49,3.847993434858241,3.9359967699209566,3.9359967699209566,3.8370063304901123,3.887878894805908,-0.04811787511504839,-0.04811787511504839,-0.010987104368128886,10_repeated,repeated,A_600
TP,9,11,49,4.027004181035798,4.103997040925321,4.103997040925321,4.00422477722168,4.064219951629639,-0.03977708929568191,-0.03977708929568191,-0.022779403814118027,10_repeated,repeated,A_600
TP,10,13,49,4.1739893307290865,4.2369944615009,4.2369944615009,4.154596328735352,4.207353591918945,-0.029640869581954554,-0.029640869581954554,-0.01939300199373495,10_repeated,repeated,A_600
TP,11,15,49,4.303996086306344,4.3530000769066435,4.3530000769066435,4.2855448722839355,4.380000114440918,0.02700003753427449,0.02700003753427449,-0.018451214022408458,10_repeated,repeated,A_600
TP,12,16,49,4.406000561540574,4.454012134159367,4.454012134159367,4.39278507232666,4.46999979019165,0.01598765603228358,0.01598765603228358,-0.013215489213913578,10_repeated,repeated,A_600
TP,13,17,49,4.492005649586473,4.534009070101015,4.534009070101015,4.479801654815674,4.550000190734863,0.015991120633848332,0.015991120633848332,-0.012203994770799476,10_repeated,repeated,A_600
TP,14,18,49,4.570004338511306,4.598006618854334,4.598006618854334,4.562192440032959,4.604488849639893,0.006482230785558762,0.006482230785558762,-0.007811898478347068,10_repeated,repeated,A_600
FP,,8,61,,,,3.6275062561035156,3.640000104904175,,,,10_repeated,repeated,A_600
FP,,10,61,,,,3.8391475677490234,3.9200000762939453,,,,10_repeated,repeated,A_600
FP,,12,61,,,,4.005894660949707,4.090000152587891,,,,10_repeated,repeated,A_600
FP,,14,61,,,,4.155442237854004,4.230000019073486,,,,10_repeated,repeated,A_600
TP,0,0,49,0.5169961241492965,0.8699884713278603,0.8699884713278603,0.5066856145858765,0.864687979221344,-0.005300492106516286,-0.005300492106516286,-0.010310509563420056,10_repeated,repeated,B_1200
TP,1,1,49,1.2229942295602283,1.5209878450880459,1.5209878450880459,1.2154523134231567,1.511607050895691,-0.009380794192354935,-0.009380794192354935,-0.007541916137071558,10_repeated,repeated,B_1200
TP,2,2,49,1.815977384563738,2.066978667561876,2.066978667561876,1.8067502975463867,2.0534093379974365,-0.01356932956443968,-0.01356932956443968,-0.009227087017351199,10_repeated,repeated,B_1200
TP,3,3,49,2.3159817035431987,2.5289894711142304,2.5289894711142304,2.3070504665374756,2.51867413520813,-0.010315335906100565,-0.010315335906100565,-0.00893123700572307,10_repeated,repeated,B_1200
TP,4,4,49,2.7389931626331365,2.914007414777062,2.914007414777062,2.731541633605957,2.9065279960632324,-0.0074794187138294,-0.0074794187138294,-0.007451529027179493,10_repeated,repeated,B_1200
TP,5,5,49,3.0970012439344456,3.2389974816125973,3.2389974816125973,3.0849802494049072,3.2311136722564697,-0.007883809356127536,-0.007883809356127536,-0.01202099452953842,10_repeated,repeated,B_1200
TP,6,6,49,3.390005947447126,3.5120063039033167,3.5120063039033167,3.378047227859497,3.4852144718170166,-0.026791832086300094,-0.026791832086300094,-0.011958719587628952,10_repeated,repeated,B_1200
TP,7,7,49,3.6419996484267703,3.74299829462569,3.74299829462569,3.6259467601776123,3.6931722164154053,-0.04982607821028484,-0.04982607821028484,-0.01605288824915796,10_repeated,repeated,B_1200
TP,8,9,49,3.847993434858241,3.9359967699209566,3.9359967699209566,3.8370063304901123,3.887878894805908,-0.04811787511504839,-0.04811787511504839,-0.010987104368128886,10_repeated,repeated,B_1200
TP,9,11,49,4.027004181035798,4.103997040925321,4.103997040925321,4.00422477722168,4.064219951629639,-0.03977708929568191,-0.03977708929568191,-0.022779403814118027,10_repeated,repeated,B_1200
TP,10,13,49,4.1739893307290865,4.2369944615009,4.2369944615009,4.154596328735352,4.207353591918945,-0.029640869581954554,-0.029640869581954554,-0.01939300199373495,10_repeated,repeated,B_1200
TP,11,15,49,4.303996086306344,4.3530000769066435,4.3530000769066435,4.2855448722839355,4.380000114440918,0.02700003753427449,0.02700003753427449,-0.018451214022408458,10_repeated,repeated,B_1200
TP,12,16,49,4.406000561540574,4.454012134159367,4.454012134159367,4.39278507232666,4.46999979019165,0.01598765603228358,0.01598765603228358,-0.013215489213913578,10_repeated,repeated,B_1200
TP,13,17,49,4.492005649586473,4.534009070101015,4.534009070101015,4.479801654815674,4.550000190734863,0.015991120633848332,0.015991120633848332,-0.012203994770799476,10_repeated,repeated,B_1200
TP,14,18,49,4.570004338511306,4.598006618854334,4.598006618854334,4.562192440032959,4.604488849639893,0.006482230785558762,0.006482230785558762,-0.007811898478347068,10_repeated,repeated,B_1200
FP,,8,61,,,,3.6275062561035156,3.640000104904175,,,,10_repeated,repeated,B_1200
FP,,10,61,,,,3.8391475677490234,3.9200000762939453,,,,10_repeated,repeated,B_1200
FP,,12,61,,,,4.005894660949707,4.090000152587891,,,,10_repeated,repeated,B_1200
FP,,14,61,,,,4.155442237854004,4.230000019073486,,,,10_repeated,repeated,B_1200
TP,0,0,49,0.5169961241492965,0.8699884713278603,0.8699884713278603,0.5066856145858765,0.864687979221344,-0.005300492106516286,-0.005300492106516286,-0.010310509563420056,10_repeated,repeated,C_3000
TP,1,1,49,1.2229942295602283,1.5209878450880459,1.5209878450880459,1.2154523134231567,1.511607050895691,-0.009380794192354935,-0.009380794192354935,-0.007541916137071558,10_repeated,repeated,C_3000
TP,2,2,49,1.815977384563738,2.066978667561876,2.066978667561876,1.8067502975463867,2.0534093379974365,-0.01356932956443968,-0.01356932956443968,-0.009227087017351199,10_repeated,repeated,C_3000
TP,3,3,49,2.3159817035431987,2.5289894711142304,2.5289894711142304,2.3070504665374756,2.51867413520813,-0.010315335906100565,-0.010315335906100565,-0.00893123700572307,10_repeated,repeated,C_3000
TP,4,4,49,2.7389931626331365,2.914007414777062,2.914007414777062,2.731541633605957,2.9065279960632324,-0.0074794187138294,-0.0074794187138294,-0.007451529027179493,10_repeated,repeated,C_3000
TP,5,5,49,3.0970012439344456,3.2389974816125973,3.2389974816125973,3.0849802494049072,3.2311136722564697,-0.007883809356127536,-0.007883809356127536,-0.01202099452953842,10_repeated,repeated,C_3000
TP,6,6,49,3.390005947447126,3.5120063039033167,3.5120063039033167,3.378047227859497,3.4852144718170166,-0.026791832086300094,-0.026791832086300094,-0.011958719587628952,10_repeated,repeated,C_3000
TP,7,7,49,3.6419996484267703,3.74299829462569,3.74299829462569,3.6259467601776123,3.6931722164154053,-0.04982607821028484,-0.04982607821028484,-0.01605288824915796,10_repeated,repeated,C_3000
TP,8,9,49,3.847993434858241,3.9359967699209566,3.9359967699209566,3.8370063304901123,3.887878894805908,-0.04811787511504839,-0.04811787511504839,-0.010987104368128886,10_repeated,repeated,C_3000
TP,9,11,49,4.027004181035798,4.103997040925321,4.103997040925321,4.00422477722168,4.064219951629639,-0.03977708929568191,-0.03977708929568191,-0.022779403814118027,10_repeated,repeated,C_3000
TP,10,13,49,4.1739893307290865,4.2369944615009,4.2369944615009,4.154596328735352,4.207353591918945,-0.029640869581954554,-0.029640869581954554,-0.01939300199373495,10_repeated,repeated,C_3000
TP,11,15,49,4.303996086306344,4.3530000769066435,4.3530000769066435,4.2855448722839355,4.380000114440918,0.02700003753427449,0.02700003753427449,-0.018451214022408458,10_repeated,repeated,C_3000
TP,12,16,49,4.406000561540574,4.454012134159367,4.454012134159367,4.39278507232666,4.46999979019165,0.01598765603228358,0.01598765603228358,-0.013215489213913578,10_repeated,repeated,C_3000
TP,13,17,49,4.492005649586473,4.534009070101015,4.534009070101015,4.479801654815674,4.550000190734863,0.015991120633848332,0.015991120633848332,-0.012203994770799476,10_repeated,repeated,C_3000
TP,14,18,49,4.570004338511306,4.598006618854334,4.598006618854334,4.562192440032959,4.604488849639893,0.006482230785558762,0.006482230785558762,-0.007811898478347068,10_repeated,repeated,C_3000
FP,,8,61,,,,3.6275062561035156,3.640000104904175,,,,10_repeated,repeated,C_3000
FP,,10,61,,,,3.8391475677490234,3.9200000762939453,,,,10_repeated,repeated,C_3000
FP,,12,61,,,,4.005894660949707,4.090000152587891,,,,10_repeated,repeated,C_3000
FP,,14,61,,,,4.155442237854004,4.230000019073486,,,,10_repeated,repeated,C_3000
TP,0,0,49,0.5169961241492965,0.8699884713278603,0.8699884713278603,0.5066856145858765,0.864687979221344,-0.005300492106516286,-0.005300492106516286,-0.010310509563420056,10_repeated,repeated,D_no_cap
TP,1,1,49,1.2229942295602283,1.5209878450880459,1.5209878450880459,1.2154523134231567,1.511607050895691,-0.009380794192354935,-0.009380794192354935,-0.007541916137071558,10_repeated,repeated,D_no_cap
TP,2,2,49,1.815977384563738,2.066978667561876,2.066978667561876,1.8067502975463867,2.0534093379974365,-0.01356932956443968,-0.01356932956443968,-0.009227087017351199,10_repeated,repeated,D_no_cap
TP,3,3,49,2.3159817035431987,2.5289894711142304,2.5289894711142304,2.3070504665374756,2.51867413520813,-0.010315335906100565,-0.010315335906100565,-0.00893123700572307,10_repeated,repeated,D_no_cap
TP,4,4,49,2.7389931626331365,2.914007414777062,2.914007414777062,2.731541633605957,2.9065279960632324,-0.0074794187138294,-0.0074794187138294,-0.007451529027179493,10_repeated,repeated,D_no_cap
TP,5,5,49,3.0970012439344456,3.2389974816125973,3.2389974816125973,3.0849802494049072,3.2311136722564697,-0.007883809356127536,-0.007883809356127536,-0.01202099452953842,10_repeated,repeated,D_no_cap
TP,6,6,49,3.390005947447126,3.5120063039033167,3.5120063039033167,3.378047227859497,3.4852144718170166,-0.026791832086300094,-0.026791832086300094,-0.011958719587628952,10_repeated,repeated,D_no_cap
TP,7,7,49,3.6419996484267703,3.74299829462569,3.74299829462569,3.6259467601776123,3.6931722164154053,-0.04982607821028484,-0.04982607821028484,-0.01605288824915796,10_repeated,repeated,D_no_cap
TP,8,9,49,3.847993434858241,3.9359967699209566,3.9359967699209566,3.8370063304901123,3.887878894805908,-0.04811787511504839,-0.04811787511504839,-0.010987104368128886,10_repeated,repeated,D_no_cap
TP,9,11,49,4.027004181035798,4.103997040925321,4.103997040925321,4.00422477722168,4.064219951629639,-0.03977708929568191,-0.03977708929568191,-0.022779403814118027,10_repeated,repeated,D_no_cap
TP,10,13,49,4.1739893307290865,4.2369944615009,4.2369944615009,4.154596328735352,4.207353591918945,-0.029640869581954554,-0.029640869581954554,-0.01939300199373495,10_repeated,repeated,D_no_cap
TP,11,15,49,4.303996086306344,4.3530000769066435,4.3530000769066435,4.2855448722839355,4.380000114440918,0.02700003753427449,0.02700003753427449,-0.018451214022408458,10_repeated,repeated,D_no_cap
TP,12,16,49,4.406000561540574,4.454012134159367,4.454012134159367,4.39278507232666,4.46999979019165,0.01598765603228358,0.01598765603228358,-0.013215489213913578,10_repeated,repeated,D_no_cap
TP,13,17,49,4.492005649586473,4.534009070101015,4.534009070101015,4.479801654815674,4.550000190734863,0.015991120633848332,0.015991120633848332,-0.012203994770799476,10_repeated,repeated,D_no_cap
TP,14,18,49,4.570004338511306,4.598006618854334,4.598006618854334,4.562192440032959,4.604488849639893,0.006482230785558762,0.006482230785558762,-0.007811898478347068,10_repeated,repeated,D_no_cap
FP,,8,61,,,,3.6275062561035156,3.640000104904175,,,,10_repeated,repeated,D_no_cap
FP,,10,61,,,,3.8391475677490234,3.9200000762939453,,,,10_repeated,repeated,D_no_cap
FP,,12,61,,,,4.005894660949707,4.090000152587891,,,,10_repeated,repeated,D_no_cap
FP,,14,61,,,,4.155442237854004,4.230000019073486,,,,10_repeated,repeated,D_no_cap
TP,0,1,66,0.5139920480971709,0.8679902243110447,0.8679902243110447,0.5131301283836365,0.8733826279640198,0.0053924036529751085,0.0053924036529751085,-0.0008619197135344425,11_repeated,repeated,A_600
TP,1,3,66,1.224992476577044,1.5189895980712302,1.5189895980712302,1.2204687595367432,1.5244778394699097,0.005488241398679428,0.005488241398679428,-0.004523717040300745,11_repeated,repeated,A_600
TP,2,5,66,1.8199738785973694,2.0719809906308178,2.0719809906308178,1.8169349431991577,2.0771377086639404,0.005156718033122676,0.005156718033122676,-0.0030389353982116507,11_repeated,repeated,A_600
TP,3,7,66,2.32098402661214,2.5299953001495408,2.5299953001495408,2.31535267829895,2.5299999713897705,4.6712402297366395e-06,4.6712402297366395e-06,-0.00563134831319001,11_repeated,repeated,A_600
TP,4,9,66,2.736981504562517,2.9189829157383955,2.9189829157383955,2.7322869300842285,2.9200000762939453,0.0010171605555497898,0.0010171605555497898,-0.004694574478288693,11_repeated,repeated,A_600
TP,5,11,66,3.093997167882321,3.244992222663045,3.244992222663045,3.08540678024292,3.2316112518310547,-0.013380970831990524,-0.013380970831990524,-0.008590387639400898,11_repeated,repeated,A_600
TP,6,13,66,3.388007700430311,3.5170086269722587,3.5170086269722587,3.381368398666382,3.470982789993286,-0.046025836978972556,-0.046025836978972556,-0.0066393017639292395,11_repeated,repeated,A_600
TP,7,15,66,3.6400014014099553,3.7489930356761376,3.7489930356761376,3.6276769638061523,3.670008897781372,-0.07898413789476555,-0.07898413789476555,-0.012324437603802973,11_repeated,repeated,A_600
TP,8,17,66,3.8529957579271827,3.940999092989898,3.940999092989898,3.849499225616455,3.882751941680908,-0.05824715130898994,-0.05824715130898994,-0.0034965323107276625,11_repeated,repeated,A_600
TP,9,19,66,4.025005934018982,4.101998793908505,4.101998793908505,4.019036769866943,4.0538763999938965,-0.04812239391460871,-0.04812239391460871,-0.005969164152038964,11_repeated,repeated,A_600
TP,10,21,66,4.178991653798028,4.238992708517715,4.238992708517715,4.170976638793945,4.204733371734619,-0.03425933678309612,-0.03425933678309612,-0.008015015004082748,11_repeated,repeated,A_600
TP,11,23,66,4.301997839289529,4.3530000769066435,4.3530000769066435,4.295836448669434,4.331690311431885,-0.021309765474758713,-0.021309765474758713,-0.00616139062009502,11_repeated,repeated,A_600
TP,12,25,66,4.403009896542253,4.452013887142552,4.452013887142552,4.394587993621826,4.431241989135742,-0.02077189800681012,-0.02077189800681012,-0.00842190292042666,11_repeated,repeated,A_600
TP,13,27,66,4.497007972655416,4.533003241065707,4.533003241065707,4.488086223602295,4.559999942779541,0.02699670171383417,0.02699670171383417,-0.00892174905312082,11_repeated,repeated,A_600
TP,14,28,66,4.5680060914944915,4.603008941923276,4.603008941923276,4.572404861450195,4.610114097595215,0.00710515567193859,0.00710515567193859,0.004398769955703763,11_repeated,repeated,A_600
FP,,0,78,,,,0.5126231908798218,0.6000000238418579,,,,11_repeated,repeated,A_600
FP,,2,78,,,,1.2191517353057861,1.440000057220459,,,,11_repeated,repeated,A_600
FP,,4,78,,,,1.8161506652832031,2.0299999713897705,,,,11_repeated,repeated,A_600
FP,,6,78,,,,2.314962863922119,2.369999885559082,,,,11_repeated,repeated,A_600
FP,,8,78,,,,2.73116135597229,2.7799999713897705,,,,11_repeated,repeated,A_600
FP,,10,78,,,,3.084998369216919,3.140000104904175,,,,11_repeated,repeated,A_600
FP,,12,78,,,,3.37953519821167,3.430000066757202,,,,11_repeated,repeated,A_600
FP,,14,78,,,,3.6265153884887695,3.6700000762939453,,,,11_repeated,repeated,A_600
FP,,16,78,,,,3.8474318981170654,3.890000104904175,,,,11_repeated,repeated,A_600
FP,,18,78,,,,4.017162322998047,4.059999942779541,,,,11_repeated,repeated,A_600
FP,,20,78,,,,4.168540954589844,4.21999979019165,,,,11_repeated,repeated,A_600
FP,,22,78,,,,4.29525089263916,4.349999904632568,,,,11_repeated,repeated,A_600
FP,,24,78,,,,4.393461227416992,4.480000019073486,,,,11_repeated,repeated,A_600
FP,,26,78,,,,4.486342906951904,4.630000114440918,,,,11_repeated,repeated,A_600
TP,0,1,66,0.5139920480971709,0.8679902243110447,0.8679902243110447,0.5131301283836365,0.8733826279640198,0.0053924036529751085,0.0053924036529751085,-0.0008619197135344425,11_repeated,repeated,B_1200
TP,1,3,66,1.224992476577044,1.5189895980712302,1.5189895980712302,1.2204687595367432,1.5244778394699097,0.005488241398679428,0.005488241398679428,-0.004523717040300745,11_repeated,repeated,B_1200
TP,2,5,66,1.8199738785973694,2.0719809906308178,2.0719809906308178,1.8169349431991577,2.0771377086639404,0.005156718033122676,0.005156718033122676,-0.0030389353982116507,11_repeated,repeated,B_1200
TP,3,7,66,2.32098402661214,2.5299953001495408,2.5299953001495408,2.31535267829895,2.5299999713897705,4.6712402297366395e-06,4.6712402297366395e-06,-0.00563134831319001,11_repeated,repeated,B_1200
TP,4,9,66,2.736981504562517,2.9189829157383955,2.9189829157383955,2.7322869300842285,2.9200000762939453,0.0010171605555497898,0.0010171605555497898,-0.004694574478288693,11_repeated,repeated,B_1200
TP,5,11,66,3.093997167882321,3.244992222663045,3.244992222663045,3.08540678024292,3.2316112518310547,-0.013380970831990524,-0.013380970831990524,-0.008590387639400898,11_repeated,repeated,B_1200
TP,6,13,66,3.388007700430311,3.5170086269722587,3.5170086269722587,3.381368398666382,3.470982789993286,-0.046025836978972556,-0.046025836978972556,-0.0066393017639292395,11_repeated,repeated,B_1200
TP,7,15,66,3.6400014014099553,3.7489930356761376,3.7489930356761376,3.6276769638061523,3.670008897781372,-0.07898413789476555,-0.07898413789476555,-0.012324437603802973,11_repeated,repeated,B_1200
TP,8,17,66,3.8529957579271827,3.940999092989898,3.940999092989898,3.849499225616455,3.882751941680908,-0.05824715130898994,-0.05824715130898994,-0.0034965323107276625,11_repeated,repeated,B_1200
TP,9,19,66,4.025005934018982,4.101998793908505,4.101998793908505,4.019036769866943,4.0538763999938965,-0.04812239391460871,-0.04812239391460871,-0.005969164152038964,11_repeated,repeated,B_1200
TP,10,21,66,4.178991653798028,4.238992708517715,4.238992708517715,4.170976638793945,4.204733371734619,-0.03425933678309612,-0.03425933678309612,-0.008015015004082748,11_repeated,repeated,B_1200
TP,11,23,66,4.301997839289529,4.3530000769066435,4.3530000769066435,4.295836448669434,4.331690311431885,-0.021309765474758713,-0.021309765474758713,-0.00616139062009502,11_repeated,repeated,B_1200
TP,12,25,66,4.403009896542253,4.452013887142552,4.452013887142552,4.394587993621826,4.431241989135742,-0.02077189800681012,-0.02077189800681012,-0.00842190292042666,11_repeated,repeated,B_1200
TP,13,27,66,4.497007972655416,4.533003241065707,4.533003241065707,4.488086223602295,4.559999942779541,0.02699670171383417,0.02699670171383417,-0.00892174905312082,11_repeated,repeated,B_1200
TP,14,28,66,4.5680060914944915,4.603008941923276,4.603008941923276,4.572404861450195,4.610114097595215,0.00710515567193859,0.00710515567193859,0.004398769955703763,11_repeated,repeated,B_1200
FP,,0,78,,,,0.5126231908798218,0.6000000238418579,,,,11_repeated,repeated,B_1200
FP,,2,78,,,,1.2191517353057861,1.440000057220459,,,,11_repeated,repeated,B_1200
FP,,4,78,,,,1.8161506652832031,2.0299999713897705,,,,11_repeated,repeated,B_1200
FP,,6,78,,,,2.314962863922119,2.369999885559082,,,,11_repeated,repeated,B_1200
FP,,8,78,,,,2.73116135597229,2.7799999713897705,,,,11_repeated,repeated,B_1200
FP,,10,78,,,,3.084998369216919,3.140000104904175,,,,11_repeated,repeated,B_1200
FP,,12,78,,,,3.37953519821167,3.430000066757202,,,,11_repeated,repeated,B_1200
FP,,14,78,,,,3.6265153884887695,3.6700000762939453,,,,11_repeated,repeated,B_1200
FP,,16,78,,,,3.8474318981170654,3.890000104904175,,,,11_repeated,repeated,B_1200
FP,,18,78,,,,4.017162322998047,4.059999942779541,,,,11_repeated,repeated,B_1200
FP,,20,78,,,,4.168540954589844,4.21999979019165,,,,11_repeated,repeated,B_1200
FP,,22,78,,,,4.29525089263916,4.349999904632568,,,,11_repeated,repeated,B_1200
FP,,24,78,,,,4.393461227416992,4.480000019073486,,,,11_repeated,repeated,B_1200
FP,,26,78,,,,4.486342906951904,4.630000114440918,,,,11_repeated,repeated,B_1200
TP,0,1,66,0.5139920480971709,0.8679902243110447,0.8679902243110447,0.5131301283836365,0.8733826279640198,0.0053924036529751085,0.0053924036529751085,-0.0008619197135344425,11_repeated,repeated,C_3000
TP,1,3,66,1.224992476577044,1.5189895980712302,1.5189895980712302,1.2204687595367432,1.5244778394699097,0.005488241398679428,0.005488241398679428,-0.004523717040300745,11_repeated,repeated,C_3000
TP,2,5,66,1.8199738785973694,2.0719809906308178,2.0719809906308178,1.8169349431991577,2.0771377086639404,0.005156718033122676,0.005156718033122676,-0.0030389353982116507,11_repeated,repeated,C_3000
TP,3,7,66,2.32098402661214,2.5299953001495408,2.5299953001495408,2.31535267829895,2.5299999713897705,4.6712402297366395e-06,4.6712402297366395e-06,-0.00563134831319001,11_repeated,repeated,C_3000
TP,4,9,66,2.736981504562517,2.9189829157383955,2.9189829157383955,2.7322869300842285,2.9200000762939453,0.0010171605555497898,0.0010171605555497898,-0.004694574478288693,11_repeated,repeated,C_3000
TP,5,11,66,3.093997167882321,3.244992222663045,3.244992222663045,3.08540678024292,3.2316112518310547,-0.013380970831990524,-0.013380970831990524,-0.008590387639400898,11_repeated,repeated,C_3000
TP,6,13,66,3.388007700430311,3.5170086269722587,3.5170086269722587,3.381368398666382,3.470982789993286,-0.046025836978972556,-0.046025836978972556,-0.0066393017639292395,11_repeated,repeated,C_3000
TP,7,15,66,3.6400014014099553,3.7489930356761376,3.7489930356761376,3.6276769638061523,3.670008897781372,-0.07898413789476555,-0.07898413789476555,-0.012324437603802973,11_repeated,repeated,C_3000
TP,8,17,66,3.8529957579271827,3.940999092989898,3.940999092989898,3.849499225616455,3.882751941680908,-0.05824715130898994,-0.05824715130898994,-0.0034965323107276625,11_repeated,repeated,C_3000
TP,9,19,66,4.025005934018982,4.101998793908505,4.101998793908505,4.019036769866943,4.0538763999938965,-0.04812239391460871,-0.04812239391460871,-0.005969164152038964,11_repeated,repeated,C_3000
TP,10,21,66,4.178991653798028,4.238992708517715,4.238992708517715,4.170976638793945,4.204733371734619,-0.03425933678309612,-0.03425933678309612,-0.008015015004082748,11_repeated,repeated,C_3000
TP,11,23,66,4.301997839289529,4.3530000769066435,4.3530000769066435,4.295836448669434,4.331690311431885,-0.021309765474758713,-0.021309765474758713,-0.00616139062009502,11_repeated,repeated,C_3000
TP,12,25,66,4.403009896542253,4.452013887142552,4.452013887142552,4.394587993621826,4.431241989135742,-0.02077189800681012,-0.02077189800681012,-0.00842190292042666,11_repeated,repeated,C_3000
TP,13,27,66,4.497007972655416,4.533003241065707,4.533003241065707,4.488086223602295,4.559999942779541,0.02699670171383417,0.02699670171383417,-0.00892174905312082,11_repeated,repeated,C_3000
TP,14,28,66,4.5680060914944915,4.603008941923276,4.603008941923276,4.572404861450195,4.610114097595215,0.00710515567193859,0.00710515567193859,0.004398769955703763,11_repeated,repeated,C_3000
FP,,0,78,,,,0.5126231908798218,0.6000000238418579,,,,11_repeated,repeated,C_3000
FP,,2,78,,,,1.2191517353057861,1.440000057220459,,,,11_repeated,repeated,C_3000
FP,,4,78,,,,1.8161506652832031,2.0299999713897705,,,,11_repeated,repeated,C_3000
FP,,6,78,,,,2.314962863922119,2.369999885559082,,,,11_repeated,repeated,C_3000
FP,,8,78,,,,2.73116135597229,2.7799999713897705,,,,11_repeated,repeated,C_3000
FP,,10,78,,,,3.084998369216919,3.140000104904175,,,,11_repeated,repeated,C_3000
FP,,12,78,,,,3.37953519821167,3.430000066757202,,,,11_repeated,repeated,C_3000
FP,,14,78,,,,3.6265153884887695,3.6700000762939453,,,,11_repeated,repeated,C_3000
FP,,16,78,,,,3.8474318981170654,3.890000104904175,,,,11_repeated,repeated,C_3000
FP,,18,78,,,,4.017162322998047,4.059999942779541,,,,11_repeated,repeated,C_3000
FP,,20,78,,,,4.168540954589844,4.21999979019165,,,,11_repeated,repeated,C_3000
FP,,22,78,,,,4.29525089263916,4.349999904632568,,,,11_repeated,repeated,C_3000
FP,,24,78,,,,4.393461227416992,4.480000019073486,,,,11_repeated,repeated,C_3000
FP,,26,78,,,,4.486342906951904,4.630000114440918,,,,11_repeated,repeated,C_3000
TP,0,1,66,0.5139920480971709,0.8679902243110447,0.8679902243110447,0.5131301283836365,0.8733826279640198,0.0053924036529751085,0.0053924036529751085,-0.0008619197135344425,11_repeated,repeated,D_no_cap
TP,1,3,66,1.224992476577044,1.5189895980712302,1.5189895980712302,1.2204687595367432,1.5244778394699097,0.005488241398679428,0.005488241398679428,-0.004523717040300745,11_repeated,repeated,D_no_cap
TP,2,5,66,1.8199738785973694,2.0719809906308178,2.0719809906308178,1.8169349431991577,2.0771377086639404,0.005156718033122676,0.005156718033122676,-0.0030389353982116507,11_repeated,repeated,D_no_cap
TP,3,7,66,2.32098402661214,2.5299953001495408,2.5299953001495408,2.31535267829895,2.5299999713897705,4.6712402297366395e-06,4.6712402297366395e-06,-0.00563134831319001,11_repeated,repeated,D_no_cap
TP,4,9,66,2.736981504562517,2.9189829157383955,2.9189829157383955,2.7322869300842285,2.9200000762939453,0.0010171605555497898,0.0010171605555497898,-0.004694574478288693,11_repeated,repeated,D_no_cap
TP,5,11,66,3.093997167882321,3.244992222663045,3.244992222663045,3.08540678024292,3.2316112518310547,-0.013380970831990524,-0.013380970831990524,-0.008590387639400898,11_repeated,repeated,D_no_cap
TP,6,13,66,3.388007700430311,3.5170086269722587,3.5170086269722587,3.381368398666382,3.470982789993286,-0.046025836978972556,-0.046025836978972556,-0.0066393017639292395,11_repeated,repeated,D_no_cap
TP,7,15,66,3.6400014014099553,3.7489930356761376,3.7489930356761376,3.6276769638061523,3.670008897781372,-0.07898413789476555,-0.07898413789476555,-0.012324437603802973,11_repeated,repeated,D_no_cap
TP,8,17,66,3.8529957579271827,3.940999092989898,3.940999092989898,3.849499225616455,3.882751941680908,-0.05824715130898994,-0.05824715130898994,-0.0034965323107276625,11_repeated,repeated,D_no_cap
TP,9,19,66,4.025005934018982,4.101998793908505,4.101998793908505,4.019036769866943,4.0538763999938965,-0.04812239391460871,-0.04812239391460871,-0.005969164152038964,11_repeated,repeated,D_no_cap
TP,10,21,66,4.178991653798028,4.238992708517715,4.238992708517715,4.170976638793945,4.204733371734619,-0.03425933678309612,-0.03425933678309612,-0.008015015004082748,11_repeated,repeated,D_no_cap
TP,11,23,66,4.301997839289529,4.3530000769066435,4.3530000769066435,4.295836448669434,4.331690311431885,-0.021309765474758713,-0.021309765474758713,-0.00616139062009502,11_repeated,repeated,D_no_cap
TP,12,25,66,4.403009896542253,4.452013887142552,4.452013887142552,4.394587993621826,4.431241989135742,-0.02077189800681012,-0.02077189800681012,-0.00842190292042666,11_repeated,repeated,D_no_cap
TP,13,27,66,4.497007972655416,4.533003241065707,4.533003241065707,4.488086223602295,4.559999942779541,0.02699670171383417,0.02699670171383417,-0.00892174905312082,11_repeated,repeated,D_no_cap
TP,14,28,66,4.5680060914944915,4.603008941923276,4.603008941923276,4.572404861450195,4.610114097595215,0.00710515567193859,0.00710515567193859,0.004398769955703763,11_repeated,repeated,D_no_cap
FP,,0,78,,,,0.5126231908798218,0.6000000238418579,,,,11_repeated,repeated,D_no_cap
FP,,2,78,,,,1.2191517353057861,1.440000057220459,,,,11_repeated,repeated,D_no_cap
FP,,4,78,,,,1.8161506652832031,2.0299999713897705,,,,11_repeated,repeated,D_no_cap
FP,,6,78,,,,2.314962863922119,2.369999885559082,,,,11_repeated,repeated,D_no_cap
FP,,8,78,,,,2.73116135597229,2.7799999713897705,,,,11_repeated,repeated,D_no_cap
FP,,10,78,,,,3.084998369216919,3.140000104904175,,,,11_repeated,repeated,D_no_cap
FP,,12,78,,,,3.37953519821167,3.430000066757202,,,,11_repeated,repeated,D_no_cap
FP,,14,78,,,,3.6265153884887695,3.6700000762939453,,,,11_repeated,repeated,D_no_cap
FP,,16,78,,,,3.8474318981170654,3.890000104904175,,,,11_repeated,repeated,D_no_cap
FP,,18,78,,,,4.017162322998047,4.059999942779541,,,,11_repeated,repeated,D_no_cap
FP,,20,78,,,,4.168540954589844,4.21999979019165,,,,11_repeated,repeated,D_no_cap
FP,,22,78,,,,4.29525089263916,4.349999904632568,,,,11_repeated,repeated,D_no_cap
FP,,24,78,,,,4.393461227416992,4.480000019073486,,,,11_repeated,repeated,D_no_cap
FP,,26,78,,,,4.486342906951904,4.630000114440918,,,,11_repeated,repeated,D_no_cap
TP,0,0,89,0.5239832831812494,0.8689960533463545,0.8689960533463545,0.5111894607543945,1.2000000476837158,0.3310039943373613,0.3310039943373613,-0.012793822426854895,12_repeated,repeated,A_600
TP,1,2,89,1.2229942295602283,1.5239785100863674,1.5239785100863674,1.2123931646347046,1.5199999809265137,-0.00397852915985375,-0.00397852915985375,-0.010601064925523707,12_repeated,repeated,A_600
TP,2,5,89,1.8209797076326792,2.069982743614002,2.069982743614002,1.811651349067688,2.059999942779541,-0.009982800834460903,-0.009982800834460903,-0.009328358564991257,12_repeated,repeated,A_600
TP,3,8,89,2.318985779595325,2.527970231025117,2.527970231025117,2.3169572353363037,2.5199999809265137,-0.007970250098603415,-0.007970250098603415,-0.0020285442590211034,12_repeated,repeated,A_600
TP,4,11,89,2.738979751579333,2.9199887447737054,2.9199887447737054,2.723280668258667,2.9100000858306885,-0.009988658943016926,-0.009988658943016926,-0.015699083320666052,12_repeated,repeated,A_600
TP,5,14,89,3.0929779277932066,3.2419881466109195,3.2419881466109195,3.0766994953155518,3.359999895095825,0.1180117484849057,0.1180117484849057,-0.016278432477654814,12_repeated,repeated,A_600
TP,6,16,89,3.3899925363933225,3.51899346293527,3.51899346293527,3.367882490158081,3.609999895095825,0.09100643216055504,0.09100643216055504,-0.022110046235241487,12_repeated,repeated,A_600
TP,7,18,89,3.637989743339335,3.742984883571886,3.742984883571886,3.6222622394561768,3.8299999237060547,0.0870150401341685,0.0870150401341685,-0.015727503883158356,12_repeated,repeated,A_600
TP,8,19,89,3.8549940049439986,3.9390008459730828,3.9390008459730828,3.835463047027588,4.0,0.060999154026917246,0.060999154026917246,-0.019530957916410685,12_repeated,repeated,A_600
TP,9,20,89,4.027004181035799,4.103004622943816,4.103004622943816,4.0112409591674805,4.150000095367432,0.04699547242361568,0.04699547242361568,-0.015763221868318134,12_repeated,repeated,A_600
TP,10,21,89,4.179997482833339,4.243995031586658,4.243995031586658,4.164132595062256,4.28000020980835,0.036005178221691914,0.036005178221691914,-0.01586488777108297,12_repeated,repeated,A_600
TP,11,22,89,4.299999592272714,4.3519942478713345,4.3519942478713345,4.2853240966796875,4.389999866485596,0.038005618614261216,0.038005618614261216,-0.01467549559302661,12_repeated,repeated,A_600
TP,12,23,89,4.405008143559069,4.4500022290719325,4.4500022290719325,4.39577054977417,4.53000020980835,0.07999798073641706,0.07999798073641706,-0.00923759378489919,12_repeated,repeated,A_600
TP,13,24,89,4.499006219672232,4.534009070101017,4.534009070101017,4.538790225982666,6.203,1.6689909298989836,1.6689909298989836,0.039784006310433995,12_repeated,repeated,A_600
FN,14,,89,4.568998509475998,4.600997283852657,4.600997283852657,,,,,,12_repeated,repeated,A_600
FP,,1,77,,,,0.5149377584457397,0.5199999809265137,,,,12_repeated,repeated,A_600
FP,,3,77,,,,1.2191253900527954,1.2999999523162842,,,,12_repeated,repeated,A_600
FP,,4,89,,,,1.5281689167022705,1.7999999523162842,,,,12_repeated,repeated,A_600
FP,,6,77,,,,1.8166601657867432,1.8899999856948853,,,,12_repeated,repeated,A_600
FP,,7,89,,,,2.0703916549682617,2.309999942779541,,,,12_repeated,repeated,A_600
FP,,9,77,,,,2.3241257667541504,2.7200000286102295,,,,12_repeated,repeated,A_600
FP,,10,89,,,,2.5308213233947754,2.7100000381469727,,,,12_repeated,repeated,A_600
FP,,12,77,,,,2.730057954788208,3.069999933242798,,,,12_repeated,repeated,A_600
FP,,13,89,,,,2.915651321411133,3.069999933242798,,,,12_repeated,repeated,A_600
FP,,15,77,,,,3.0834829807281494,3.359999895095825,,,,12_repeated,repeated,A_600
FP,,17,77,,,,3.374277114868164,6.203,,,,12_repeated,repeated,A_600
TP,0,0,89,0.5239832831812494,0.8689960533463545,0.8689960533463545,0.5111894607543945,1.2000000476837158,0.3310039943373613,0.3310039943373613,-0.012793822426854895,12_repeated,repeated,B_1200
TP,1,2,89,1.2229942295602283,1.5239785100863674,1.5239785100863674,1.2123931646347046,1.5199999809265137,-0.00397852915985375,-0.00397852915985375,-0.010601064925523707,12_repeated,repeated,B_1200
TP,2,5,89,1.8209797076326792,2.069982743614002,2.069982743614002,1.811651349067688,2.059999942779541,-0.009982800834460903,-0.009982800834460903,-0.009328358564991257,12_repeated,repeated,B_1200
TP,3,8,89,2.318985779595325,2.527970231025117,2.527970231025117,2.3169572353363037,2.5199999809265137,-0.007970250098603415,-0.007970250098603415,-0.0020285442590211034,12_repeated,repeated,B_1200
TP,4,11,89,2.738979751579333,2.9199887447737054,2.9199887447737054,2.723280668258667,2.9100000858306885,-0.009988658943016926,-0.009988658943016926,-0.015699083320666052,12_repeated,repeated,B_1200
TP,5,14,89,3.0929779277932066,3.2419881466109195,3.2419881466109195,3.0766994953155518,3.359999895095825,0.1180117484849057,0.1180117484849057,-0.016278432477654814,12_repeated,repeated,B_1200
TP,6,16,89,3.3899925363933225,3.51899346293527,3.51899346293527,3.367882490158081,3.609999895095825,0.09100643216055504,0.09100643216055504,-0.022110046235241487,12_repeated,repeated,B_1200
TP,7,18,89,3.637989743339335,3.742984883571886,3.742984883571886,3.6222622394561768,3.8299999237060547,0.0870150401341685,0.0870150401341685,-0.015727503883158356,12_repeated,repeated,B_1200
TP,8,19,89,3.8549940049439986,3.9390008459730828,3.9390008459730828,3.835463047027588,4.0,0.060999154026917246,0.060999154026917246,-0.019530957916410685,12_repeated,repeated,B_1200
TP,9,20,89,4.027004181035799,4.103004622943816,4.103004622943816,4.0112409591674805,4.150000095367432,0.04699547242361568,0.04699547242361568,-0.015763221868318134,12_repeated,repeated,B_1200
TP,10,21,89,4.179997482833339,4.243995031586658,4.243995031586658,4.164132595062256,4.28000020980835,0.036005178221691914,0.036005178221691914,-0.01586488777108297,12_repeated,repeated,B_1200
TP,11,22,89,4.299999592272714,4.3519942478713345,4.3519942478713345,4.2853240966796875,4.389999866485596,0.038005618614261216,0.038005618614261216,-0.01467549559302661,12_repeated,repeated,B_1200
TP,12,23,89,4.405008143559069,4.4500022290719325,4.4500022290719325,4.39577054977417,4.53000020980835,0.07999798073641706,0.07999798073641706,-0.00923759378489919,12_repeated,repeated,B_1200
TP,13,24,89,4.499006219672232,4.534009070101017,4.534009070101017,4.538790225982666,6.203,1.6689909298989836,1.6689909298989836,0.039784006310433995,12_repeated,repeated,B_1200
FN,14,,89,4.568998509475998,4.600997283852657,4.600997283852657,,,,,,12_repeated,repeated,B_1200
FP,,1,77,,,,0.5149377584457397,0.5199999809265137,,,,12_repeated,repeated,B_1200
FP,,3,77,,,,1.2191253900527954,1.2999999523162842,,,,12_repeated,repeated,B_1200
FP,,4,89,,,,1.5281689167022705,1.7999999523162842,,,,12_repeated,repeated,B_1200
FP,,6,77,,,,1.8166601657867432,1.8899999856948853,,,,12_repeated,repeated,B_1200
FP,,7,89,,,,2.0703916549682617,2.309999942779541,,,,12_repeated,repeated,B_1200
FP,,9,77,,,,2.3241257667541504,2.7200000286102295,,,,12_repeated,repeated,B_1200
FP,,10,89,,,,2.5308213233947754,2.7100000381469727,,,,12_repeated,repeated,B_1200
FP,,12,77,,,,2.730057954788208,3.069999933242798,,,,12_repeated,repeated,B_1200
FP,,13,89,,,,2.915651321411133,3.069999933242798,,,,12_repeated,repeated,B_1200
FP,,15,77,,,,3.0834829807281494,3.359999895095825,,,,12_repeated,repeated,B_1200
FP,,17,77,,,,3.374277114868164,6.203,,,,12_repeated,repeated,B_1200
TP,0,0,89,0.5239832831812494,0.8689960533463545,0.8689960533463545,0.5111894607543945,1.2000000476837158,0.3310039943373613,0.3310039943373613,-0.012793822426854895,12_repeated,repeated,C_3000
TP,1,2,89,1.2229942295602283,1.5239785100863674,1.5239785100863674,1.2123931646347046,1.5199999809265137,-0.00397852915985375,-0.00397852915985375,-0.010601064925523707,12_repeated,repeated,C_3000
TP,2,5,89,1.8209797076326792,2.069982743614002,2.069982743614002,1.811651349067688,2.059999942779541,-0.009982800834460903,-0.009982800834460903,-0.009328358564991257,12_repeated,repeated,C_3000
TP,3,8,89,2.318985779595325,2.527970231025117,2.527970231025117,2.3169572353363037,2.5199999809265137,-0.007970250098603415,-0.007970250098603415,-0.0020285442590211034,12_repeated,repeated,C_3000
TP,4,11,89,2.738979751579333,2.9199887447737054,2.9199887447737054,2.723280668258667,2.9100000858306885,-0.009988658943016926,-0.009988658943016926,-0.015699083320666052,12_repeated,repeated,C_3000
TP,5,14,89,3.0929779277932066,3.2419881466109195,3.2419881466109195,3.0766994953155518,3.359999895095825,0.1180117484849057,0.1180117484849057,-0.016278432477654814,12_repeated,repeated,C_3000
TP,6,16,89,3.3899925363933225,3.51899346293527,3.51899346293527,3.367882490158081,3.609999895095825,0.09100643216055504,0.09100643216055504,-0.022110046235241487,12_repeated,repeated,C_3000
TP,7,18,89,3.637989743339335,3.742984883571886,3.742984883571886,3.6222622394561768,3.8299999237060547,0.0870150401341685,0.0870150401341685,-0.015727503883158356,12_repeated,repeated,C_3000
TP,8,19,89,3.8549940049439986,3.9390008459730828,3.9390008459730828,3.835463047027588,4.0,0.060999154026917246,0.060999154026917246,-0.019530957916410685,12_repeated,repeated,C_3000
TP,9,20,89,4.027004181035799,4.103004622943816,4.103004622943816,4.0112409591674805,4.150000095367432,0.04699547242361568,0.04699547242361568,-0.015763221868318134,12_repeated,repeated,C_3000
TP,10,21,89,4.179997482833339,4.243995031586658,4.243995031586658,4.164132595062256,4.28000020980835,0.036005178221691914,0.036005178221691914,-0.01586488777108297,12_repeated,repeated,C_3000
TP,11,22,89,4.299999592272714,4.3519942478713345,4.3519942478713345,4.2853240966796875,4.389999866485596,0.038005618614261216,0.038005618614261216,-0.01467549559302661,12_repeated,repeated,C_3000
TP,12,23,89,4.405008143559069,4.4500022290719325,4.4500022290719325,4.39577054977417,4.53000020980835,0.07999798073641706,0.07999798073641706,-0.00923759378489919,12_repeated,repeated,C_3000
TP,13,24,89,4.499006219672232,4.534009070101017,4.534009070101017,4.538790225982666,6.203,1.6689909298989836,1.6689909298989836,0.039784006310433995,12_repeated,repeated,C_3000
FN,14,,89,4.568998509475998,4.600997283852657,4.600997283852657,,,,,,12_repeated,repeated,C_3000
FP,,1,77,,,,0.5149377584457397,0.5199999809265137,,,,12_repeated,repeated,C_3000
FP,,3,77,,,,1.2191253900527954,1.2999999523162842,,,,12_repeated,repeated,C_3000
FP,,4,89,,,,1.5281689167022705,1.7999999523162842,,,,12_repeated,repeated,C_3000
FP,,6,77,,,,1.8166601657867432,1.8899999856948853,,,,12_repeated,repeated,C_3000
FP,,7,89,,,,2.0703916549682617,2.309999942779541,,,,12_repeated,repeated,C_3000
FP,,9,77,,,,2.3241257667541504,2.7200000286102295,,,,12_repeated,repeated,C_3000
FP,,10,89,,,,2.5308213233947754,2.7100000381469727,,,,12_repeated,repeated,C_3000
FP,,12,77,,,,2.730057954788208,3.069999933242798,,,,12_repeated,repeated,C_3000
FP,,13,89,,,,2.915651321411133,3.069999933242798,,,,12_repeated,repeated,C_3000
FP,,15,77,,,,3.0834829807281494,3.359999895095825,,,,12_repeated,repeated,C_3000
FP,,17,77,,,,3.374277114868164,6.203,,,,12_repeated,repeated,C_3000
TP,0,0,89,0.5239832831812494,0.8689960533463545,0.8689960533463545,0.5111894607543945,1.2000000476837158,0.3310039943373613,0.3310039943373613,-0.012793822426854895,12_repeated,repeated,D_no_cap
TP,1,2,89,1.2229942295602283,1.5239785100863674,1.5239785100863674,1.2123931646347046,1.5199999809265137,-0.00397852915985375,-0.00397852915985375,-0.010601064925523707,12_repeated,repeated,D_no_cap
TP,2,5,89,1.8209797076326792,2.069982743614002,2.069982743614002,1.811651349067688,2.059999942779541,-0.009982800834460903,-0.009982800834460903,-0.009328358564991257,12_repeated,repeated,D_no_cap
TP,3,8,89,2.318985779595325,2.527970231025117,2.527970231025117,2.3169572353363037,2.5199999809265137,-0.007970250098603415,-0.007970250098603415,-0.0020285442590211034,12_repeated,repeated,D_no_cap
TP,4,11,89,2.738979751579333,2.9199887447737054,2.9199887447737054,2.723280668258667,2.9100000858306885,-0.009988658943016926,-0.009988658943016926,-0.015699083320666052,12_repeated,repeated,D_no_cap
TP,5,14,89,3.0929779277932066,3.2419881466109195,3.2419881466109195,3.0766994953155518,3.359999895095825,0.1180117484849057,0.1180117484849057,-0.016278432477654814,12_repeated,repeated,D_no_cap
TP,6,16,89,3.3899925363933225,3.51899346293527,3.51899346293527,3.367882490158081,3.609999895095825,0.09100643216055504,0.09100643216055504,-0.022110046235241487,12_repeated,repeated,D_no_cap
TP,7,18,89,3.637989743339335,3.742984883571886,3.742984883571886,3.6222622394561768,3.8299999237060547,0.0870150401341685,0.0870150401341685,-0.015727503883158356,12_repeated,repeated,D_no_cap
TP,8,19,89,3.8549940049439986,3.9390008459730828,3.9390008459730828,3.835463047027588,4.0,0.060999154026917246,0.060999154026917246,-0.019530957916410685,12_repeated,repeated,D_no_cap
TP,9,20,89,4.027004181035799,4.103004622943816,4.103004622943816,4.0112409591674805,4.150000095367432,0.04699547242361568,0.04699547242361568,-0.015763221868318134,12_repeated,repeated,D_no_cap
TP,10,21,89,4.179997482833339,4.243995031586658,4.243995031586658,4.164132595062256,4.28000020980835,0.036005178221691914,0.036005178221691914,-0.01586488777108297,12_repeated,repeated,D_no_cap
TP,11,22,89,4.299999592272714,4.3519942478713345,4.3519942478713345,4.2853240966796875,4.389999866485596,0.038005618614261216,0.038005618614261216,-0.01467549559302661,12_repeated,repeated,D_no_cap
TP,12,23,89,4.405008143559069,4.4500022290719325,4.4500022290719325,4.39577054977417,4.53000020980835,0.07999798073641706,0.07999798073641706,-0.00923759378489919,12_repeated,repeated,D_no_cap
TP,13,24,89,4.499006219672232,4.534009070101017,4.534009070101017,4.538790225982666,6.203,1.6689909298989836,1.6689909298989836,0.039784006310433995,12_repeated,repeated,D_no_cap
FN,14,,89,4.568998509475998,4.600997283852657,4.600997283852657,,,,,,12_repeated,repeated,D_no_cap
FP,,1,77,,,,0.5149377584457397,0.5199999809265137,,,,12_repeated,repeated,D_no_cap
FP,,3,77,,,,1.2191253900527954,1.2999999523162842,,,,12_repeated,repeated,D_no_cap
FP,,4,89,,,,1.5281689167022705,1.7999999523162842,,,,12_repeated,repeated,D_no_cap
FP,,6,77,,,,1.8166601657867432,1.8899999856948853,,,,12_repeated,repeated,D_no_cap
FP,,7,89,,,,2.0703916549682617,2.309999942779541,,,,12_repeated,repeated,D_no_cap
FP,,9,77,,,,2.3241257667541504,2.7200000286102295,,,,12_repeated,repeated,D_no_cap
FP,,10,89,,,,2.5308213233947754,2.7100000381469727,,,,12_repeated,repeated,D_no_cap
FP,,12,77,,,,2.730057954788208,3.069999933242798,,,,12_repeated,repeated,D_no_cap
FP,,13,89,,,,2.915651321411133,3.069999933242798,,,,12_repeated,repeated,D_no_cap
FP,,15,77,,,,3.0834829807281494,3.359999895095825,,,,12_repeated,repeated,D_no_cap
FP,,17,77,,,,3.374277114868164,6.203,,,,12_repeated,repeated,D_no_cap
TP,0,0,48,0.7209916635639516,2.7159932053590503,2.9229794097720267,0.7402752041816711,2.8440260887145996,0.1280328833555493,-0.07895332105742714,0.01928354061771953,13_sustain,sustain,A_600
TP,0,0,48,0.7209916635639516,2.7159932053590503,2.9229794097720267,0.7402752041816711,2.8440260887145996,0.1280328833555493,-0.07895332105742714,0.01928354061771953,13_sustain,sustain,B_1200
TP,0,0,48,0.7209916635639516,2.7159932053590503,2.9229794097720267,0.7402752041816711,2.8440260887145996,0.1280328833555493,-0.07895332105742714,0.01928354061771953,13_sustain,sustain,C_3000
TP,0,0,48,0.7209916635639516,2.7159932053590503,2.9229794097720267,0.7402752041816711,2.8440260887145996,0.1280328833555493,-0.07895332105742714,0.01928354061771953,13_sustain,sustain,D_no_cap
TP,0,0,67,0.7179875875118259,2.7219879464094974,2.9189829157383955,0.7153058052062988,2.8464508056640625,0.12446285925456513,-0.07253211007433302,-0.0026817823055270695,14_sustain,sustain,A_600
TP,0,0,67,0.7179875875118259,2.7219879464094974,2.9189829157383955,0.7153058052062988,2.8464508056640625,0.12446285925456513,-0.07253211007433302,-0.0026817823055270695,14_sustain,sustain,B_1200
TP,0,0,67,0.7179875875118259,2.7219879464094974,2.9189829157383955,0.7153058052062988,2.8464508056640625,0.12446285925456513,-0.07253211007433302,-0.0026817823055270695,14_sustain,sustain,C_3000
TP,0,0,67,0.7179875875118259,2.7219879464094974,2.9189829157383955,0.7153058052062988,2.8464508056640625,0.12446285925456513,-0.07253211007433302,-0.0026817823055270695,14_sustain,sustain,D_no_cap
TP,0,0,90,0.7179875875118259,2.7169856233405563,2.9199887447737054,0.7124173641204834,4.57,1.853014376659444,1.6500112552262949,-0.005570223391342499,15_sustain,sustain,A_600
TP,0,0,90,0.7179875875118259,2.7169856233405563,2.9199887447737054,0.7124173641204834,4.57,1.853014376659444,1.6500112552262949,-0.005570223391342499,15_sustain,sustain,B_1200
TP,0,0,90,0.7179875875118259,2.7169856233405563,2.9199887447737054,0.7124173641204834,4.57,1.853014376659444,1.6500112552262949,-0.005570223391342499,15_sustain,sustain,C_3000
TP,0,0,90,0.7179875875118259,2.7169856233405563,2.9199887447737054,0.7124173641204834,4.57,1.853014376659444,1.6500112552262949,-0.005570223391342499,15_sustain,sustain,D_no_cap
TP,0,0,43,0.5179885421308024,1.514993104037599,1.514993104037599,0.5085691809654236,1.5190662145614624,0.004073110523863388,0.004073110523863388,-0.009419361165378781,16_chords,chords,A_600
TP,1,2,67,0.5179885421308024,1.5189895980712305,1.5189895980712305,0.5134027600288391,1.515573263168335,-0.0034163349028955015,-0.0034163349028955015,-0.004585782101963254,16_chords,chords,A_600
FP,,1,79,,,,0.5122467875480652,1.2100000381469727,,,,16_chords,chords,A_600
TP,0,0,43,0.5179885421308024,1.514993104037599,1.514993104037599,0.5085691809654236,1.5190662145614624,0.004073110523863388,0.004073110523863388,-0.009419361165378781,16_chords,chords,B_1200
TP,1,2,67,0.5179885421308024,1.5189895980712305,1.5189895980712305,0.5134027600288391,1.515573263168335,-0.0034163349028955015,-0.0034163349028955015,-0.004585782101963254,16_chords,chords,B_1200
FP,,1,79,,,,0.5122467875480652,1.2100000381469727,,,,16_chords,chords,B_1200
TP,0,0,43,0.5179885421308024,1.514993104037599,1.514993104037599,0.5085691809654236,1.5190662145614624,0.004073110523863388,0.004073110523863388,-0.009419361165378781,16_chords,chords,C_3000
TP,1,2,67,0.5179885421308024,1.5189895980712305,1.5189895980712305,0.5134027600288391,1.515573263168335,-0.0034163349028955015,-0.0034163349028955015,-0.004585782101963254,16_chords,chords,C_3000
FP,,1,79,,,,0.5122467875480652,1.2100000381469727,,,,16_chords,chords,C_3000
TP,0,0,43,0.5179885421308024,1.514993104037599,1.514993104037599,0.5085691809654236,1.5190662145614624,0.004073110523863388,0.004073110523863388,-0.009419361165378781,16_chords,chords,D_no_cap
TP,1,2,67,0.5179885421308024,1.5189895980712305,1.5189895980712305,0.5134027600288391,1.515573263168335,-0.0034163349028955015,-0.0034163349028955015,-0.004585782101963254,16_chords,chords,D_no_cap
FP,,1,79,,,,0.5122467875480652,1.2100000381469727,,,,16_chords,chords,D_no_cap
TP,0,0,62,0.5159902951139866,1.519982016052736,1.519982016052736,0.5177741646766663,1.5499999523162842,0.030017936263548206,0.030017936263548206,0.0017838695626796186,17_chords,chords,A_600
TP,1,1,67,0.5169961241492965,1.519982016052736,1.519982016052736,0.5178908705711365,1.5338162183761597,0.013834202323423694,0.013834202323423694,0.0008947464218399537,17_chords,chords,A_600
TP,2,2,71,0.5189943711661122,1.5209878450880459,1.5209878450880459,0.5190001130104065,1.553910732269287,0.032922887181241256,0.032922887181241256,5.7418442942491765e-06,17_chords,chords,A_600
FP,,3,79,,,,0.519662618637085,0.8299999833106995,,,,17_chords,chords,A_600
FP,,4,43,,,,1.559188961982727,1.5700000524520874,,,,17_chords,chords,A_600
TP,0,0,62,0.5159902951139866,1.519982016052736,1.519982016052736,0.5177741646766663,1.5499999523162842,0.030017936263548206,0.030017936263548206,0.0017838695626796186,17_chords,chords,B_1200
TP,1,1,67,0.5169961241492965,1.519982016052736,1.519982016052736,0.5178908705711365,1.5338162183761597,0.013834202323423694,0.013834202323423694,0.0008947464218399537,17_chords,chords,B_1200
TP,2,2,71,0.5189943711661122,1.5209878450880459,1.5209878450880459,0.5190001130104065,1.553910732269287,0.032922887181241256,0.032922887181241256,5.7418442942491765e-06,17_chords,chords,B_1200
FP,,3,79,,,,0.519662618637085,0.8299999833106995,,,,17_chords,chords,B_1200
FP,,4,43,,,,1.559188961982727,1.5700000524520874,,,,17_chords,chords,B_1200
TP,0,0,62,0.5159902951139866,1.519982016052736,1.519982016052736,0.5177741646766663,1.5499999523162842,0.030017936263548206,0.030017936263548206,0.0017838695626796186,17_chords,chords,C_3000
TP,1,1,67,0.5169961241492965,1.519982016052736,1.519982016052736,0.5178908705711365,1.5338162183761597,0.013834202323423694,0.013834202323423694,0.0008947464218399537,17_chords,chords,C_3000
TP,2,2,71,0.5189943711661122,1.5209878450880459,1.5209878450880459,0.5190001130104065,1.553910732269287,0.032922887181241256,0.032922887181241256,5.7418442942491765e-06,17_chords,chords,C_3000
FP,,3,79,,,,0.519662618637085,0.8299999833106995,,,,17_chords,chords,C_3000
FP,,4,43,,,,1.559188961982727,1.5700000524520874,,,,17_chords,chords,C_3000
TP,0,0,62,0.5159902951139866,1.519982016052736,1.519982016052736,0.5177741646766663,1.5499999523162842,0.030017936263548206,0.030017936263548206,0.0017838695626796186,17_chords,chords,D_no_cap
TP,1,1,67,0.5169961241492965,1.519982016052736,1.519982016052736,0.5178908705711365,1.5338162183761597,0.013834202323423694,0.013834202323423694,0.0008947464218399537,17_chords,chords,D_no_cap
TP,2,2,71,0.5189943711661122,1.5209878450880459,1.5209878450880459,0.5190001130104065,1.553910732269287,0.032922887181241256,0.032922887181241256,5.7418442942491765e-06,17_chords,chords,D_no_cap
FP,,3,79,,,,0.519662618637085,0.8299999833106995,,,,17_chords,chords,D_no_cap
FP,,4,43,,,,1.559188961982727,1.5700000524520874,,,,17_chords,chords,D_no_cap
TP,0,0,38,0.5169961241492965,1.160981516769921,1.160981516769921,0.5096779465675354,1.159999966621399,-0.0009815501485219702,-0.0009815501485219702,-0.0073181775817611205,18_chords,chords,A_600
TP,1,1,72,0.5179885421308023,1.160981516769921,1.160981516769921,0.5141837000846863,1.1579653024673462,-0.0030162143025747046,-0.0030162143025747046,-0.003804842046115975,18_chords,chords,A_600
TP,0,0,38,0.5169961241492965,1.160981516769921,1.160981516769921,0.5096779465675354,1.159999966621399,-0.0009815501485219702,-0.0009815501485219702,-0.0073181775817611205,18_chords,chords,B_1200
TP,1,1,72,0.5179885421308023,1.160981516769921,1.160981516769921,0.5141837000846863,1.1579653024673462,-0.0030162143025747046,-0.0030162143025747046,-0.003804842046115975,18_chords,chords,B_1200
TP,0,0,38,0.5169961241492965,1.160981516769921,1.160981516769921,0.5096779465675354,1.159999966621399,-0.0009815501485219702,-0.0009815501485219702,-0.0073181775817611205,18_chords,chords,C_3000
TP,1,1,72,0.5179885421308023,1.160981516769921,1.160981516769921,0.5141837000846863,1.1579653024673462,-0.0030162143025747046,-0.0030162143025747046,-0.003804842046115975,18_chords,chords,C_3000
TP,0,0,38,0.5169961241492965,1.160981516769921,1.160981516769921,0.5096779465675354,1.159999966621399,-0.0009815501485219702,-0.0009815501485219702,-0.0073181775817611205,18_chords,chords,D_no_cap
TP,1,1,72,0.5179885421308023,1.160981516769921,1.160981516769921,0.5141837000846863,1.1579653024673462,-0.0030162143025747046,-0.0030162143025747046,-0.003804842046115975,18_chords,chords,D_no_cap
TP,0,2,61,0.5169961241492965,1.1499978637043367,1.1499978637043367,0.5157619714736938,1.1584484577178955,0.008450594013558854,0.008450594013558854,-0.0012341526756026733,19_chords,chords,A_600
TP,1,0,66,0.5179885421308023,1.1509902816858424,1.1509902816858424,0.5108168721199036,1.1576851606369019,0.006694878951059469,0.006694878951059469,-0.00717167001089869,19_chords,chords,A_600
TP,2,4,83,0.519986789147618,1.153994357737968,1.153994357737968,0.5171985030174255,0.75,-0.4039943577379681,-0.4039943577379681,-0.002788286130192441,19_chords,chords,A_600
FP,,1,78,,,,0.5126567482948303,1.1699999570846558,,,,19_chords,chords,A_600
FP,,3,73,,,,0.5160502195358276,1.1604443788528442,,,,19_chords,chords,A_600
TP,0,2,61,0.5169961241492965,1.1499978637043367,1.1499978637043367,0.5157619714736938,1.1584484577178955,0.008450594013558854,0.008450594013558854,-0.0012341526756026733,19_chords,chords,B_1200
TP,1,0,66,0.5179885421308023,1.1509902816858424,1.1509902816858424,0.5108168721199036,1.1576851606369019,0.006694878951059469,0.006694878951059469,-0.00717167001089869,19_chords,chords,B_1200
TP,2,4,83,0.519986789147618,1.153994357737968,1.153994357737968,0.5171985030174255,0.75,-0.4039943577379681,-0.4039943577379681,-0.002788286130192441,19_chords,chords,B_1200
FP,,1,78,,,,0.5126567482948303,1.1699999570846558,,,,19_chords,chords,B_1200
FP,,3,73,,,,0.5160502195358276,1.1604443788528442,,,,19_chords,chords,B_1200
TP,0,2,61,0.5169961241492965,1.1499978637043367,1.1499978637043367,0.5157619714736938,1.1584484577178955,0.008450594013558854,0.008450594013558854,-0.0012341526756026733,19_chords,chords,C_3000
TP,1,0,66,0.5179885421308023,1.1509902816858424,1.1509902816858424,0.5108168721199036,1.1576851606369019,0.006694878951059469,0.006694878951059469,-0.00717167001089869,19_chords,chords,C_3000
TP,2,4,83,0.519986789147618,1.153994357737968,1.153994357737968,0.5171985030174255,0.75,-0.4039943577379681,-0.4039943577379681,-0.002788286130192441,19_chords,chords,C_3000
FP,,1,78,,,,0.5126567482948303,1.1699999570846558,,,,19_chords,chords,C_3000
FP,,3,73,,,,0.5160502195358276,1.1604443788528442,,,,19_chords,chords,C_3000
TP,0,2,61,0.5169961241492965,1.1499978637043367,1.1499978637043367,0.5157619714736938,1.1584484577178955,0.008450594013558854,0.008450594013558854,-0.0012341526756026733,19_chords,chords,D_no_cap
TP,1,0,66,0.5179885421308023,1.1509902816858424,1.1509902816858424,0.5108168721199036,1.1576851606369019,0.006694878951059469,0.006694878951059469,-0.00717167001089869,19_chords,chords,D_no_cap
TP,2,4,83,0.519986789147618,1.153994357737968,1.153994357737968,0.5171985030174255,0.75,-0.4039943577379681,-0.4039943577379681,-0.002788286130192441,19_chords,chords,D_no_cap
FP,,1,78,,,,0.5126567482948303,1.1699999570846558,,,,19_chords,chords,D_no_cap
FP,,3,73,,,,0.5160502195358276,1.1604443788528442,,,,19_chords,chords,D_no_cap
TP,0,1,53,0.5219850361644337,1.504975046845912,1.504975046845912,0.5253900289535522,1.4802656173706055,-0.02470942947530652,-0.02470942947530652,0.003404992789118544,20_music,music,A_600
TP,1,0,56,0.5229908651997436,1.5059808758812219,1.5059808758812219,0.5252552032470703,1.480712652206421,-0.02526822367480097,-0.02526822367480097,0.0022643380473267305,20_music,music,A_600
FN,2,,37,0.5249891122165593,1.7009775981933042,1.7009775981933042,,,,,,20_music,music,A_600
TP,3,3,44,0.5249891122165593,1.70197001617481,1.70197001617481,0.5339913964271545,1.48198401927948,-0.21998599689532994,-0.21998599689532994,0.009002284210595235,20_music,music,A_600
TP,4,2,49,0.525981530198065,1.70197001617481,1.70197001617481,0.5277674794197083,1.4801069498062134,-0.22186306636859654,-0.22186306636859654,0.0017859492216432127,20_music,music,A_600
TP,5,5,54,1.4029839826654866,1.8019762443922238,1.8019762443922238,1.4174877405166626,1.804344892501831,0.002368648109607241,0.002368648109607241,0.014503757851175969,20_music,music,A_600
TP,6,4,58,1.4039764006469924,1.8059727384258553,1.8059727384258553,1.415407657623291,1.8076250553131104,0.0016523168872550897,0.0016523168872550897,0.011431256976298654,20_music,music,A_600
TP,7,8,56,1.7039682631916255,2.3339659266945403,2.3339659266945403,1.6821913719177246,2.1125071048736572,-0.22145882182088306,-0.22145882182088306,-0.021776891273900922,20_music,music,A_600
TP,8,9,44,1.7049740922269354,2.3349583446760462,2.3349583446760462,1.6831185817718506,2.112938165664673,-0.2220201790113734,-0.2220201790113734,-0.021855510455084826,20_music,music,A_600
TP,9,10,53,1.7049740922269354,2.327971185644093,2.327971185644093,1.6838409900665283,2.1158535480499268,-0.21211763759416646,-0.21211763759416646,-0.02113310216040709,20_music,music,A_600
TP,10,6,37,1.7059799212622453,2.3349583446760462,2.3349583446760462,1.6755695343017578,2.1179463863372803,-0.21701195833876596,-0.21701195833876596,-0.03041038696048748,20_music,music,A_600
TP,11,7,49,1.7089705862605669,2.3349583446760462,2.3349583446760462,1.6760164499282837,2.1156272888183594,-0.21933105585768686,-0.21933105585768686,-0.03295413633228317,20_music,music,A_600
TP,12,12,37,2.338968249763482,3.464960327158422,4.031966270943328,2.3196444511413574,3.969414710998535,0.504454383840113,-0.06255155994479278,-0.01932379862212441,20_music,music,A_600
TP,13,11,49,2.338968249763482,3.464960327158422,4.031966270943328,2.313692808151245,3.967499017715454,0.5025386905570319,-0.06446725322787383,-0.025275441612236715,20_music,music,A_600
TP,14,14,53,2.338968249763482,2.477973822443312,4.031966270943328,2.3243398666381836,3.4277360439300537,0.9497622214867416,-0.6042302270132742,-0.014628383125298239,20_music,music,A_600
TP,15,13,44,2.3409664967802977,3.4689568211920534,4.031966270943328,2.323498487472534,3.9683327674865723,0.49937594629451887,-0.06363350345675567,-0.017468009307763488,20_music,music,A_600
TP,16,15,56,2.478966240424818,2.6249723831904053,3.472953315225685,2.455000877380371,3.4200000762939453,0.79502769310354,-0.052953238931739754,-0.023965363044446963,20_music,music,A_600
TP,17,16,61,2.625978212225715,2.76097387981811,3.471960897244179,2.615381956100464,3.430000066757202,0.6690261869390923,-0.04196083048697696,-0.01059625612525128,20_music,music,A_600
TP,18,17,65,2.7619662977996158,2.908978269600513,3.471960897244179,2.7537362575531006,3.4100000858306885,0.5010218162301756,-0.061960811413490635,-0.008230040246515191,20_music,music,A_600
TP,19,18,68,2.908978269600513,3.0449797662282174,4.031966270943328,2.9006824493408203,3.9662442207336426,0.9212644545054252,-0.06572205020968536,-0.008295820259692555,20_music,music,A_600
TP,20,19,73,3.0459721842097234,3.1849643458357497,4.031966270943328,3.042069911956787,3.9696993827819824,0.7847350369462327,-0.06226688816134551,-0.0039022722529362674,20_music,music,A_600
TP,21,20,77,3.1849643458357497,3.324962336497086,4.031966270943328,3.1857492923736572,3.9671926498413086,0.6422303133442226,-0.06477362110201934,0.0007849465379075049,20_music,music,A_600
TP,22,21,80,3.325968165532396,3.4689568211920534,4.031966270943328,3.3345839977264404,3.967963457107544,0.49900663591549055,-0.06400281383578399,0.008615832194044604,20_music,music,A_600
TP,23,25,85,3.4699492391735594,4.066955710318309,4.066955710318309,3.4782636165618896,3.970210552215576,-0.09674515810273299,-0.09674515810273299,0.008314377388330296,20_music,music,A_600
TP,24,24,61,3.471960897244179,4.067961539353619,4.067961539353619,3.4375507831573486,3.9698686599731445,-0.09809287938047451,-0.09809287938047451,-0.03441011408683048,20_music,music,A_600
TP,25,22,65,3.471960897244179,4.069959786370434,4.069959786370434,3.4248223304748535,3.9698452949523926,-0.10011449141804185,-0.10011449141804185,-0.047138566769325596,20_music,music,A_600
TP,26,23,56,3.472953315225685,4.073956280404066,4.073956280404066,3.433642625808716,3.9684152603149414,-0.10554102008912469,-0.10554102008912469,-0.03931068941696925,20_music,music,A_600
TP,27,30,68,4.126956765037996,5.095959046601764,5.095959046601764,4.116151809692383,5.071220397949219,-0.02473864865254516,-0.02473864865254516,-0.010804955345613543,20_music,music,A_600
TP,28,28,65,4.127962594073306,5.095959046601764,5.095959046601764,4.1069016456604,5.071306228637695,-0.024652817964068596,-0.024652817964068596,-0.021060948412905844,20_music,music,A_600
TP,29,29,49,4.129960841090122,5.2949522629474775,5.2949522629474775,4.112992763519287,5.07376766204834,-0.2211846008991376,-0.2211846008991376,-0.016968077570834517,20_music,music,A_600
TP,30,26,56,4.129960841090122,5.291948186895352,5.291948186895352,4.090097427368164,5.067664623260498,-0.22428356363485413,-0.22428356363485413,-0.039863413721957563,20_music,music,A_600
TP,31,27,61,4.130953259071627,5.295958091982787,5.295958091982787,4.0938544273376465,5.070342540740967,-0.22561555124182053,-0.22561555124182053,-0.03709883173398065,20_music,music,A_600
TP,32,31,66,4.997951065401166,5.396943327127903,5.396943327127903,4.996851444244385,5.389525413513184,-0.007417913614719218,-0.007417913614719218,-0.0010996211567810832,20_music,music,A_600
TP,33,32,70,4.998956894436476,5.397949156163213,5.397949156163213,5.005128383636475,5.3935065269470215,-0.004442629216191207,-0.004442629216191207,0.006171489199998881,20_music,music,A_600
TP,34,35,65,5.295958091982787,5.928959831537828,5.928959831537828,5.265615463256836,5.712420463562012,-0.21653936797581608,-0.21653936797581608,-0.030342628725951393,20_music,music,A_600
TP,35,36,68,5.298948756981109,5.929952249519333,5.929952249519333,5.266669750213623,5.706854343414307,-0.22309790610502667,-0.22309790610502667,-0.032279006767486074,20_music,music,A_600
TP,36,33,49,5.299954586016419,5.929952249519333,5.929952249519333,5.264950752258301,5.710273742675781,-0.21967850684355206,-0.21967850684355206,-0.03500383375811822,20_music,music,A_600
TP,37,37,61,5.299954586016419,5.930958078554643,5.930958078554643,5.271230220794678,5.7057785987854,-0.2251794797692428,-0.2251794797692428,-0.028724365221741266,20_music,music,A_600
TP,38,34,56,5.301952833033234,5.931950496536149,5.931950496536149,5.265334129333496,5.705870628356934,-0.2260798681792151,-0.2260798681792151,-0.0366187036997383,20_music,music,A_600
TP,39,38,56,5.932956325571459,7.0559309158604675,7.667930945158237,5.898723125457764,7.02656888961792,-0.02936202624254758,-0.6413620555403172,-0.034233200113694906,20_music,music,A_600
TP,40,41,65,5.932956325571459,6.0729409051789895,7.667930945158237,5.904444694519043,7.614892482757568,1.5419515775785788,-0.053038462400668784,-0.02851163105241561,20_music,music,A_600
TP,41,40,49,5.933948743552964,7.059940820947903,7.667930945158237,5.904273986816406,7.615005016326904,0.5550641953790016,-0.05292592883133285,-0.02967475673655784,20_music,music,A_600
TP,42,39,61,5.9359469905697795,7.062931485946224,7.667930945158237,5.903820514678955,6.199999809265137,-0.8629316766810877,-1.4679311358931004,-0.0321264758908244,20_music,music,A_600
FN,43,,68,6.0729409051789895,6.215956382946255,7.066927979979856,,,,,,20_music,music,A_600
TP,44,44,73,6.219952876979887,6.355954373607592,7.063937314981534,6.207979202270508,7.070000171661377,0.7140457980537853,0.006062856679842632,-0.011973674709379267,20_music,music,A_600
TP,45,46,77,6.356946791589097,6.503958763389995,7.066927979979856,6.343606948852539,6.78000020980835,0.27604144641835493,-0.2869277701715065,-0.013339842736558083,20_music,music,A_600
TP,46,47,80,6.503958763389995,6.642950925016021,7.667930945158237,6.497117519378662,7.614697456359863,0.9717465313438423,-0.05323348879837386,-0.00684124401133257,20_music,music,A_600
TP,47,48,85,6.6439433429975265,6.779944839625231,7.667930945158237,6.6345720291137695,7.61531925201416,0.8353744123889291,-0.05261169314407699,-0.009371313883757004,20_music,music,A_600
TP,48,49,89,6.779944839625231,6.918937001251257,7.667930945158237,6.788528919219971,7.6153788566589355,0.6964418554076781,-0.0525520884993016,0.008584079594739613,20_music,music,A_600
TP,49,52,92,6.919942830286567,7.062931485946224,7.667930945158237,6.92781400680542,7.614919185638428,0.5519876996922033,-0.05301175951980941,0.007871176518852607,20_music,music,A_600
TP,50,55,73,7.063937314981534,7.720944840845972,7.720944840845972,7.0764689445495605,7.6156005859375,-0.10534425490847177,-0.10534425490847177,0.012531629568026226,20_music,music,A_600
TP,51,56,97,7.063937314981534,7.720944840845972,7.720944840845972,7.080502510070801,7.616371154785156,-0.10457368606081552,-0.10457368606081552,0.01656519508926646,20_music,music,A_600
FN,52,,68,7.066927979979856,7.721937258827477,7.721937258827477,,,,,,20_music,music,A_600
TP,53,54,77,7.066927979979856,7.7249413348796026,7.7249413348796026,7.0443220138549805,7.615522384643555,-0.10941895023604786,-0.10941895023604786,-0.022605966124875643,20_music,music,A_600
TP,54,58,54,7.7249413348796026,8.882932186651201,8.885936262703328,7.730178356170654,8.850000381469727,-0.03293180518147487,-0.03593588123360192,0.005237021291051747,20_music,music,A_600
TP,55,59,48,7.725933752861108,8.883938015686512,8.88993275673696,7.7435622215271,8.84000015258789,-0.04393786309862158,-0.04993260414906864,0.017628468665991548,20_music,music,A_600
TP,56,57,63,7.725933752861108,8.883938015686512,8.886928680684834,7.725275039672852,8.859999656677246,-0.023938359009266108,-0.0269290240075879,-0.0006587131882564989,20_music,music,A_600
TP,57,60,44,7.7279319998779235,8.884930433668018,8.886928680684834,7.743755340576172,8.65999984741211,-0.22493058625590834,-0.22692883327272462,0.015823340698248423,20_music,music,A_600
TP,58,64,54,8.885936262703328,9.501932786034729,9.506921698049865,8.864583015441895,9.479999542236328,-0.02193324379840078,-0.026922155813537074,-0.02135324726143395,20_music,music,A_600
TP,59,63,44,8.886928680684834,9.502925204016234,9.508919945066681,8.858261108398438,10.619999885559082,1.1170746815428476,1.1110799404924006,-0.028667572286396492,20_music,music,A_600
TP,60,65,63,8.886928680684834,9.337929009063995,10.51790057802057,8.867501258850098,9.960000038146973,0.6220710290829778,-0.5579005398735966,-0.019427421834736336,20_music,music,A_600
TP,61,62,48,8.88993275673696,9.341925503097626,10.667903214819788,8.854890823364258,11.21570110321045,1.8737756001128236,0.5477978883906616,-0.03504193337270145,20_music,music,A_600
TP,62,67,60,9.342931332132936,9.50592928006836,9.506921698049865,9.3556489944458,9.550000190734863,0.04407091066650359,0.04307849268499808,0.01271766231286442,20_music,music,A_600
TP,63,66,51,9.344929579149753,9.506921698049865,9.509925774101992,9.345464706420898,9.539999961853027,0.033078263803162145,0.030074187751035097,0.0005351272711457966,20_music,music,A_600
TP,64,68,54,9.506921698049865,9.6709254750206,11.09591699697867,9.486531257629395,10.619999885559082,0.9490744105384827,-0.47591711141958726,-0.020390440420470668,20_music,music,A_600
FN,65,,60,9.506921698049865,9.6709254750206,10.667903214819788,,,,,,20_music,music,A_600
FN,66,,44,9.508919945066681,10.664912549821466,10.668909043855098,,,,,,20_music,music,A_600
TP,67,69,51,9.509925774101992,10.664912549821466,11.276899168065432,9.554564476013184,11.239999771118164,0.5750872212966982,-0.03689939694726796,0.04463870191119135,20_music,music,A_600
TP,68,71,80,9.673916140018921,9.809917636646626,11.276899168065432,9.676669120788574,11.21275806427002,1.402840427623394,-0.06414110379541249,0.002752980769653135,20_music,music,A_600
TP,69,72,78,9.810923465681936,9.953912121341594,11.276899168065432,9.823933601379395,11.212417602539062,1.258505481197469,-0.06448156552636952,0.013010135697458125,20_music,music,A_600
TP,70,74,75,9.957908615375224,10.094902529984434,11.276899168065432,9.970629692077637,11.212217330932617,1.1173148009481828,-0.06468183713281483,0.012721076702412404,20_music,music,A_600
FP,,42,68,,,,5.904779434204102,5.989999771118164,,,,20_music,music,A_600
FP,,43,68,,,,6.004843235015869,6.78000020980835,,,,20_music,music,A_600
FP,,45,61,,,,6.208373546600342,7.0267157554626465,,,,20_music,music,A_600
FP,,50,68,,,,6.790527820587158,7.0,,,,20_music,music,A_600
FP,,51,77,,,,6.794075012207031,7.03000020980835,,,,20_music,music,A_600
FP,,53,68,,,,7.012974739074707,7.615298271179199,,,,20_music,music,A_600
FP,,61,44,,,,8.667470932006836,8.850000381469727,,,,20_music,music,A_600
FP,,70,60,,,,9.561322212219238,10.670000076293945,,,,20_music,music,A_600
FP,,73,63,,,,9.96741771697998,10.5,,,,20_music,music,A_600
TP,0,1,53,0.5219850361644337,1.504975046845912,1.504975046845912,0.5253900289535522,1.4802656173706055,-0.02470942947530652,-0.02470942947530652,0.003404992789118544,20_music,music,B_1200
TP,1,0,56,0.5229908651997436,1.5059808758812219,1.5059808758812219,0.5252552032470703,1.480712652206421,-0.02526822367480097,-0.02526822367480097,0.0022643380473267305,20_music,music,B_1200
FN,2,,37,0.5249891122165593,1.7009775981933042,1.7009775981933042,,,,,,20_music,music,B_1200
TP,3,3,44,0.5249891122165593,1.70197001617481,1.70197001617481,0.5339913964271545,1.48198401927948,-0.21998599689532994,-0.21998599689532994,0.009002284210595235,20_music,music,B_1200
TP,4,2,49,0.525981530198065,1.70197001617481,1.70197001617481,0.5277674794197083,1.4801069498062134,-0.22186306636859654,-0.22186306636859654,0.0017859492216432127,20_music,music,B_1200
TP,5,5,54,1.4029839826654866,1.8019762443922238,1.8019762443922238,1.4174877405166626,1.804344892501831,0.002368648109607241,0.002368648109607241,0.014503757851175969,20_music,music,B_1200
TP,6,4,58,1.4039764006469924,1.8059727384258553,1.8059727384258553,1.415407657623291,1.8076250553131104,0.0016523168872550897,0.0016523168872550897,0.011431256976298654,20_music,music,B_1200
TP,7,8,56,1.7039682631916255,2.3339659266945403,2.3339659266945403,1.6821913719177246,2.1125071048736572,-0.22145882182088306,-0.22145882182088306,-0.021776891273900922,20_music,music,B_1200
TP,8,9,44,1.7049740922269354,2.3349583446760462,2.3349583446760462,1.6831185817718506,2.112938165664673,-0.2220201790113734,-0.2220201790113734,-0.021855510455084826,20_music,music,B_1200
TP,9,10,53,1.7049740922269354,2.327971185644093,2.327971185644093,1.6838409900665283,2.1158535480499268,-0.21211763759416646,-0.21211763759416646,-0.02113310216040709,20_music,music,B_1200
TP,10,6,37,1.7059799212622453,2.3349583446760462,2.3349583446760462,1.6755695343017578,2.1179463863372803,-0.21701195833876596,-0.21701195833876596,-0.03041038696048748,20_music,music,B_1200
TP,11,7,49,1.7089705862605669,2.3349583446760462,2.3349583446760462,1.6760164499282837,2.1156272888183594,-0.21933105585768686,-0.21933105585768686,-0.03295413633228317,20_music,music,B_1200
TP,12,12,37,2.338968249763482,3.464960327158422,4.031966270943328,2.3196444511413574,3.969414710998535,0.504454383840113,-0.06255155994479278,-0.01932379862212441,20_music,music,B_1200
TP,13,11,49,2.338968249763482,3.464960327158422,4.031966270943328,2.313692808151245,3.967499017715454,0.5025386905570319,-0.06446725322787383,-0.025275441612236715,20_music,music,B_1200
TP,14,14,53,2.338968249763482,2.477973822443312,4.031966270943328,2.3243398666381836,3.4277360439300537,0.9497622214867416,-0.6042302270132742,-0.014628383125298239,20_music,music,B_1200
TP,15,13,44,2.3409664967802977,3.4689568211920534,4.031966270943328,2.323498487472534,3.9683327674865723,0.49937594629451887,-0.06363350345675567,-0.017468009307763488,20_music,music,B_1200
TP,16,15,56,2.478966240424818,2.6249723831904053,3.472953315225685,2.455000877380371,3.4200000762939453,0.79502769310354,-0.052953238931739754,-0.023965363044446963,20_music,music,B_1200
TP,17,16,61,2.625978212225715,2.76097387981811,3.471960897244179,2.615381956100464,3.430000066757202,0.6690261869390923,-0.04196083048697696,-0.01059625612525128,20_music,music,B_1200
TP,18,17,65,2.7619662977996158,2.908978269600513,3.471960897244179,2.7537362575531006,3.4100000858306885,0.5010218162301756,-0.061960811413490635,-0.008230040246515191,20_music,music,B_1200
TP,19,18,68,2.908978269600513,3.0449797662282174,4.031966270943328,2.9006824493408203,3.9662442207336426,0.9212644545054252,-0.06572205020968536,-0.008295820259692555,20_music,music,B_1200
TP,20,19,73,3.0459721842097234,3.1849643458357497,4.031966270943328,3.042069911956787,3.9696993827819824,0.7847350369462327,-0.06226688816134551,-0.0039022722529362674,20_music,music,B_1200
TP,21,20,77,3.1849643458357497,3.324962336497086,4.031966270943328,3.1857492923736572,3.9671926498413086,0.6422303133442226,-0.06477362110201934,0.0007849465379075049,20_music,music,B_1200
TP,22,21,80,3.325968165532396,3.4689568211920534,4.031966270943328,3.3345839977264404,3.967963457107544,0.49900663591549055,-0.06400281383578399,0.008615832194044604,20_music,music,B_1200
TP,23,25,85,3.4699492391735594,4.066955710318309,4.066955710318309,3.4782636165618896,3.970210552215576,-0.09674515810273299,-0.09674515810273299,0.008314377388330296,20_music,music,B_1200
TP,24,24,61,3.471960897244179,4.067961539353619,4.067961539353619,3.4375507831573486,3.9698686599731445,-0.09809287938047451,-0.09809287938047451,-0.03441011408683048,20_music,music,B_1200
TP,25,22,65,3.471960897244179,4.069959786370434,4.069959786370434,3.4248223304748535,3.9698452949523926,-0.10011449141804185,-0.10011449141804185,-0.047138566769325596,20_music,music,B_1200
TP,26,23,56,3.472953315225685,4.073956280404066,4.073956280404066,3.433642625808716,3.9684152603149414,-0.10554102008912469,-0.10554102008912469,-0.03931068941696925,20_music,music,B_1200
TP,27,30,68,4.126956765037996,5.095959046601764,5.095959046601764,4.116151809692383,5.071220397949219,-0.02473864865254516,-0.02473864865254516,-0.010804955345613543,20_music,music,B_1200
TP,28,28,65,4.127962594073306,5.095959046601764,5.095959046601764,4.1069016456604,5.071306228637695,-0.024652817964068596,-0.024652817964068596,-0.021060948412905844,20_music,music,B_1200
TP,29,29,49,4.129960841090122,5.2949522629474775,5.2949522629474775,4.112992763519287,5.07376766204834,-0.2211846008991376,-0.2211846008991376,-0.016968077570834517,20_music,music,B_1200
TP,30,26,56,4.129960841090122,5.291948186895352,5.291948186895352,4.090097427368164,5.067664623260498,-0.22428356363485413,-0.22428356363485413,-0.039863413721957563,20_music,music,B_1200
TP,31,27,61,4.130953259071627,5.295958091982787,5.295958091982787,4.0938544273376465,5.070342540740967,-0.22561555124182053,-0.22561555124182053,-0.03709883173398065,20_music,music,B_1200
TP,32,31,66,4.997951065401166,5.396943327127903,5.396943327127903,4.996851444244385,5.389525413513184,-0.007417913614719218,-0.007417913614719218,-0.0010996211567810832,20_music,music,B_1200
TP,33,32,70,4.998956894436476,5.397949156163213,5.397949156163213,5.005128383636475,5.3935065269470215,-0.004442629216191207,-0.004442629216191207,0.006171489199998881,20_music,music,B_1200
TP,34,35,65,5.295958091982787,5.928959831537828,5.928959831537828,5.265615463256836,5.712420463562012,-0.21653936797581608,-0.21653936797581608,-0.030342628725951393,20_music,music,B_1200
TP,35,36,68,5.298948756981109,5.929952249519333,5.929952249519333,5.266669750213623,5.706854343414307,-0.22309790610502667,-0.22309790610502667,-0.032279006767486074,20_music,music,B_1200
TP,36,33,49,5.299954586016419,5.929952249519333,5.929952249519333,5.264950752258301,5.710273742675781,-0.21967850684355206,-0.21967850684355206,-0.03500383375811822,20_music,music,B_1200
TP,37,37,61,5.299954586016419,5.930958078554643,5.930958078554643,5.271230220794678,5.7057785987854,-0.2251794797692428,-0.2251794797692428,-0.028724365221741266,20_music,music,B_1200
TP,38,34,56,5.301952833033234,5.931950496536149,5.931950496536149,5.265334129333496,5.705870628356934,-0.2260798681792151,-0.2260798681792151,-0.0366187036997383,20_music,music,B_1200
TP,39,38,56,5.932956325571459,7.0559309158604675,7.667930945158237,5.898723125457764,7.02656888961792,-0.02936202624254758,-0.6413620555403172,-0.034233200113694906,20_music,music,B_1200
TP,40,41,65,5.932956325571459,6.0729409051789895,7.667930945158237,5.904444694519043,7.614892482757568,1.5419515775785788,-0.053038462400668784,-0.02851163105241561,20_music,music,B_1200
TP,41,40,49,5.933948743552964,7.059940820947903,7.667930945158237,5.904273986816406,7.615005016326904,0.5550641953790016,-0.05292592883133285,-0.02967475673655784,20_music,music,B_1200
TP,42,39,61,5.9359469905697795,7.062931485946224,7.667930945158237,5.903820514678955,6.199999809265137,-0.8629316766810877,-1.4679311358931004,-0.0321264758908244,20_music,music,B_1200
FN,43,,68,6.0729409051789895,6.215956382946255,7.066927979979856,,,,,,20_music,music,B_1200
TP,44,44,73,6.219952876979887,6.355954373607592,7.063937314981534,6.207979202270508,7.070000171661377,0.7140457980537853,0.006062856679842632,-0.011973674709379267,20_music,music,B_1200
TP,45,46,77,6.356946791589097,6.503958763389995,7.066927979979856,6.343606948852539,6.78000020980835,0.27604144641835493,-0.2869277701715065,-0.013339842736558083,20_music,music,B_1200
TP,46,47,80,6.503958763389995,6.642950925016021,7.667930945158237,6.497117519378662,7.614697456359863,0.9717465313438423,-0.05323348879837386,-0.00684124401133257,20_music,music,B_1200
TP,47,48,85,6.6439433429975265,6.779944839625231,7.667930945158237,6.6345720291137695,7.61531925201416,0.8353744123889291,-0.05261169314407699,-0.009371313883757004,20_music,music,B_1200
TP,48,49,89,6.779944839625231,6.918937001251257,7.667930945158237,6.788528919219971,7.6153788566589355,0.6964418554076781,-0.0525520884993016,0.008584079594739613,20_music,music,B_1200
TP,49,52,92,6.919942830286567,7.062931485946224,7.667930945158237,6.92781400680542,7.614919185638428,0.5519876996922033,-0.05301175951980941,0.007871176518852607,20_music,music,B_1200
TP,50,55,73,7.063937314981534,7.720944840845972,7.720944840845972,7.0764689445495605,7.6156005859375,-0.10534425490847177,-0.10534425490847177,0.012531629568026226,20_music,music,B_1200
TP,51,56,97,7.063937314981534,7.720944840845972,7.720944840845972,7.080502510070801,7.616371154785156,-0.10457368606081552,-0.10457368606081552,0.01656519508926646,20_music,music,B_1200
FN,52,,68,7.066927979979856,7.721937258827477,7.721937258827477,,,,,,20_music,music,B_1200
TP,53,54,77,7.066927979979856,7.7249413348796026,7.7249413348796026,7.0443220138549805,7.615522384643555,-0.10941895023604786,-0.10941895023604786,-0.022605966124875643,20_music,music,B_1200
TP,54,58,54,7.7249413348796026,8.882932186651201,8.885936262703328,7.730178356170654,8.850000381469727,-0.03293180518147487,-0.03593588123360192,0.005237021291051747,20_music,music,B_1200
TP,55,59,48,7.725933752861108,8.883938015686512,8.88993275673696,7.7435622215271,8.84000015258789,-0.04393786309862158,-0.04993260414906864,0.017628468665991548,20_music,music,B_1200
TP,56,57,63,7.725933752861108,8.883938015686512,8.886928680684834,7.725275039672852,8.859999656677246,-0.023938359009266108,-0.0269290240075879,-0.0006587131882564989,20_music,music,B_1200
TP,57,60,44,7.7279319998779235,8.884930433668018,8.886928680684834,7.743755340576172,8.65999984741211,-0.22493058625590834,-0.22692883327272462,0.015823340698248423,20_music,music,B_1200
TP,58,64,54,8.885936262703328,9.501932786034729,9.506921698049865,8.864583015441895,9.479999542236328,-0.02193324379840078,-0.026922155813537074,-0.02135324726143395,20_music,music,B_1200
TP,59,63,44,8.886928680684834,9.502925204016234,9.508919945066681,8.858261108398438,10.619999885559082,1.1170746815428476,1.1110799404924006,-0.028667572286396492,20_music,music,B_1200
TP,60,65,63,8.886928680684834,9.337929009063995,10.51790057802057,8.867501258850098,9.960000038146973,0.6220710290829778,-0.5579005398735966,-0.019427421834736336,20_music,music,B_1200
TP,61,62,48,8.88993275673696,9.341925503097626,10.667903214819788,8.854890823364258,11.21570110321045,1.8737756001128236,0.5477978883906616,-0.03504193337270145,20_music,music,B_1200
TP,62,67,60,9.342931332132936,9.50592928006836,9.506921698049865,9.3556489944458,9.550000190734863,0.04407091066650359,0.04307849268499808,0.01271766231286442,20_music,music,B_1200
TP,63,66,51,9.344929579149753,9.506921698049865,9.509925774101992,9.345464706420898,9.539999961853027,0.033078263803162145,0.030074187751035097,0.0005351272711457966,20_music,music,B_1200
TP,64,68,54,9.506921698049865,9.6709254750206,11.09591699697867,9.486531257629395,10.619999885559082,0.9490744105384827,-0.47591711141958726,-0.020390440420470668,20_music,music,B_1200
FN,65,,60,9.506921698049865,9.6709254750206,10.667903214819788,,,,,,20_music,music,B_1200
FN,66,,44,9.508919945066681,10.664912549821466,10.668909043855098,,,,,,20_music,music,B_1200
TP,67,69,51,9.509925774101992,10.664912549821466,11.276899168065432,9.554564476013184,11.239999771118164,0.5750872212966982,-0.03689939694726796,0.04463870191119135,20_music,music,B_1200
TP,68,71,80,9.673916140018921,9.809917636646626,11.276899168065432,9.676669120788574,11.21275806427002,1.402840427623394,-0.06414110379541249,0.002752980769653135,20_music,music,B_1200
TP,69,72,78,9.810923465681936,9.953912121341594,11.276899168065432,9.823933601379395,11.212417602539062,1.258505481197469,-0.06448156552636952,0.013010135697458125,20_music,music,B_1200
TP,70,74,75,9.957908615375224,10.094902529984434,11.276899168065432,9.970629692077637,11.212217330932617,1.1173148009481828,-0.06468183713281483,0.012721076702412404,20_music,music,B_1200
FP,,42,68,,,,5.904779434204102,5.989999771118164,,,,20_music,music,B_1200
FP,,43,68,,,,6.004843235015869,6.78000020980835,,,,20_music,music,B_1200
FP,,45,61,,,,6.208373546600342,7.0267157554626465,,,,20_music,music,B_1200
FP,,50,68,,,,6.790527820587158,7.0,,,,20_music,music,B_1200
FP,,51,77,,,,6.794075012207031,7.03000020980835,,,,20_music,music,B_1200
FP,,53,68,,,,7.012974739074707,7.615298271179199,,,,20_music,music,B_1200
FP,,61,44,,,,8.667470932006836,8.850000381469727,,,,20_music,music,B_1200
FP,,70,60,,,,9.561322212219238,10.670000076293945,,,,20_music,music,B_1200
FP,,73,63,,,,9.96741771697998,10.5,,,,20_music,music,B_1200
TP,0,1,53,0.5219850361644337,1.504975046845912,1.504975046845912,0.5253900289535522,1.4802656173706055,-0.02470942947530652,-0.02470942947530652,0.003404992789118544,20_music,music,C_3000
TP,1,0,56,0.5229908651997436,1.5059808758812219,1.5059808758812219,0.5252552032470703,1.480712652206421,-0.02526822367480097,-0.02526822367480097,0.0022643380473267305,20_music,music,C_3000
FN,2,,37,0.5249891122165593,1.7009775981933042,1.7009775981933042,,,,,,20_music,music,C_3000
TP,3,3,44,0.5249891122165593,1.70197001617481,1.70197001617481,0.5339913964271545,1.48198401927948,-0.21998599689532994,-0.21998599689532994,0.009002284210595235,20_music,music,C_3000
TP,4,2,49,0.525981530198065,1.70197001617481,1.70197001617481,0.5277674794197083,1.4801069498062134,-0.22186306636859654,-0.22186306636859654,0.0017859492216432127,20_music,music,C_3000
TP,5,5,54,1.4029839826654866,1.8019762443922238,1.8019762443922238,1.4174877405166626,1.804344892501831,0.002368648109607241,0.002368648109607241,0.014503757851175969,20_music,music,C_3000
TP,6,4,58,1.4039764006469924,1.8059727384258553,1.8059727384258553,1.415407657623291,1.8076250553131104,0.0016523168872550897,0.0016523168872550897,0.011431256976298654,20_music,music,C_3000
TP,7,8,56,1.7039682631916255,2.3339659266945403,2.3339659266945403,1.6821913719177246,2.1125071048736572,-0.22145882182088306,-0.22145882182088306,-0.021776891273900922,20_music,music,C_3000
TP,8,9,44,1.7049740922269354,2.3349583446760462,2.3349583446760462,1.6831185817718506,2.112938165664673,-0.2220201790113734,-0.2220201790113734,-0.021855510455084826,20_music,music,C_3000
TP,9,10,53,1.7049740922269354,2.327971185644093,2.327971185644093,1.6838409900665283,2.1158535480499268,-0.21211763759416646,-0.21211763759416646,-0.02113310216040709,20_music,music,C_3000
TP,10,6,37,1.7059799212622453,2.3349583446760462,2.3349583446760462,1.6755695343017578,2.1179463863372803,-0.21701195833876596,-0.21701195833876596,-0.03041038696048748,20_music,music,C_3000
TP,11,7,49,1.7089705862605669,2.3349583446760462,2.3349583446760462,1.6760164499282837,2.1156272888183594,-0.21933105585768686,-0.21933105585768686,-0.03295413633228317,20_music,music,C_3000
TP,12,12,37,2.338968249763482,3.464960327158422,4.031966270943328,2.3196444511413574,3.969414710998535,0.504454383840113,-0.06255155994479278,-0.01932379862212441,20_music,music,C_3000
TP,13,11,49,2.338968249763482,3.464960327158422,4.031966270943328,2.313692808151245,3.967499017715454,0.5025386905570319,-0.06446725322787383,-0.025275441612236715,20_music,music,C_3000
TP,14,14,53,2.338968249763482,2.477973822443312,4.031966270943328,2.3243398666381836,3.4277360439300537,0.9497622214867416,-0.6042302270132742,-0.014628383125298239,20_music,music,C_3000
TP,15,13,44,2.3409664967802977,3.4689568211920534,4.031966270943328,2.323498487472534,3.9683327674865723,0.49937594629451887,-0.06363350345675567,-0.017468009307763488,20_music,music,C_3000
TP,16,15,56,2.478966240424818,2.6249723831904053,3.472953315225685,2.455000877380371,3.4200000762939453,0.79502769310354,-0.052953238931739754,-0.023965363044446963,20_music,music,C_3000
TP,17,16,61,2.625978212225715,2.76097387981811,3.471960897244179,2.615381956100464,3.430000066757202,0.6690261869390923,-0.04196083048697696,-0.01059625612525128,20_music,music,C_3000
TP,18,17,65,2.7619662977996158,2.908978269600513,3.471960897244179,2.7537362575531006,3.4100000858306885,0.5010218162301756,-0.061960811413490635,-0.008230040246515191,20_music,music,C_3000
TP,19,18,68,2.908978269600513,3.0449797662282174,4.031966270943328,2.9006824493408203,3.9662442207336426,0.9212644545054252,-0.06572205020968536,-0.008295820259692555,20_music,music,C_3000
TP,20,19,73,3.0459721842097234,3.1849643458357497,4.031966270943328,3.042069911956787,3.9696993827819824,0.7847350369462327,-0.06226688816134551,-0.0039022722529362674,20_music,music,C_3000
TP,21,20,77,3.1849643458357497,3.324962336497086,4.031966270943328,3.1857492923736572,3.9671926498413086,0.6422303133442226,-0.06477362110201934,0.0007849465379075049,20_music,music,C_3000
TP,22,21,80,3.325968165532396,3.4689568211920534,4.031966270943328,3.3345839977264404,3.967963457107544,0.49900663591549055,-0.06400281383578399,0.008615832194044604,20_music,music,C_3000
TP,23,25,85,3.4699492391735594,4.066955710318309,4.066955710318309,3.4782636165618896,3.970210552215576,-0.09674515810273299,-0.09674515810273299,0.008314377388330296,20_music,music,C_3000
TP,24,24,61,3.471960897244179,4.067961539353619,4.067961539353619,3.4375507831573486,3.9698686599731445,-0.09809287938047451,-0.09809287938047451,-0.03441011408683048,20_music,music,C_3000
TP,25,22,65,3.471960897244179,4.069959786370434,4.069959786370434,3.4248223304748535,3.9698452949523926,-0.10011449141804185,-0.10011449141804185,-0.047138566769325596,20_music,music,C_3000
TP,26,23,56,3.472953315225685,4.073956280404066,4.073956280404066,3.433642625808716,3.9684152603149414,-0.10554102008912469,-0.10554102008912469,-0.03931068941696925,20_music,music,C_3000
TP,27,30,68,4.126956765037996,5.095959046601764,5.095959046601764,4.116151809692383,5.071220397949219,-0.02473864865254516,-0.02473864865254516,-0.010804955345613543,20_music,music,C_3000
TP,28,28,65,4.127962594073306,5.095959046601764,5.095959046601764,4.1069016456604,5.071306228637695,-0.024652817964068596,-0.024652817964068596,-0.021060948412905844,20_music,music,C_3000
TP,29,29,49,4.129960841090122,5.2949522629474775,5.2949522629474775,4.112992763519287,5.07376766204834,-0.2211846008991376,-0.2211846008991376,-0.016968077570834517,20_music,music,C_3000
TP,30,26,56,4.129960841090122,5.291948186895352,5.291948186895352,4.090097427368164,5.067664623260498,-0.22428356363485413,-0.22428356363485413,-0.039863413721957563,20_music,music,C_3000
TP,31,27,61,4.130953259071627,5.295958091982787,5.295958091982787,4.0938544273376465,5.070342540740967,-0.22561555124182053,-0.22561555124182053,-0.03709883173398065,20_music,music,C_3000
TP,32,31,66,4.997951065401166,5.396943327127903,5.396943327127903,4.996851444244385,5.389525413513184,-0.007417913614719218,-0.007417913614719218,-0.0010996211567810832,20_music,music,C_3000
TP,33,32,70,4.998956894436476,5.397949156163213,5.397949156163213,5.005128383636475,5.3935065269470215,-0.004442629216191207,-0.004442629216191207,0.006171489199998881,20_music,music,C_3000
TP,34,35,65,5.295958091982787,5.928959831537828,5.928959831537828,5.265615463256836,5.712420463562012,-0.21653936797581608,-0.21653936797581608,-0.030342628725951393,20_music,music,C_3000
TP,35,36,68,5.298948756981109,5.929952249519333,5.929952249519333,5.266669750213623,5.706854343414307,-0.22309790610502667,-0.22309790610502667,-0.032279006767486074,20_music,music,C_3000
TP,36,33,49,5.299954586016419,5.929952249519333,5.929952249519333,5.264950752258301,5.710273742675781,-0.21967850684355206,-0.21967850684355206,-0.03500383375811822,20_music,music,C_3000
TP,37,37,61,5.299954586016419,5.930958078554643,5.930958078554643,5.271230220794678,5.7057785987854,-0.2251794797692428,-0.2251794797692428,-0.028724365221741266,20_music,music,C_3000
TP,38,34,56,5.301952833033234,5.931950496536149,5.931950496536149,5.265334129333496,5.705870628356934,-0.2260798681792151,-0.2260798681792151,-0.0366187036997383,20_music,music,C_3000
TP,39,38,56,5.932956325571459,7.0559309158604675,7.667930945158237,5.898723125457764,7.02656888961792,-0.02936202624254758,-0.6413620555403172,-0.034233200113694906,20_music,music,C_3000
TP,40,41,65,5.932956325571459,6.0729409051789895,7.667930945158237,5.904444694519043,7.614892482757568,1.5419515775785788,-0.053038462400668784,-0.02851163105241561,20_music,music,C_3000
TP,41,40,49,5.933948743552964,7.059940820947903,7.667930945158237,5.904273986816406,7.615005016326904,0.5550641953790016,-0.05292592883133285,-0.02967475673655784,20_music,music,C_3000
TP,42,39,61,5.9359469905697795,7.062931485946224,7.667930945158237,5.903820514678955,6.199999809265137,-0.8629316766810877,-1.4679311358931004,-0.0321264758908244,20_music,music,C_3000
FN,43,,68,6.0729409051789895,6.215956382946255,7.066927979979856,,,,,,20_music,music,C_3000
TP,44,44,73,6.219952876979887,6.355954373607592,7.063937314981534,6.207979202270508,7.070000171661377,0.7140457980537853,0.006062856679842632,-0.011973674709379267,20_music,music,C_3000
TP,45,46,77,6.356946791589097,6.503958763389995,7.066927979979856,6.343606948852539,6.78000020980835,0.27604144641835493,-0.2869277701715065,-0.013339842736558083,20_music,music,C_3000
TP,46,47,80,6.503958763389995,6.642950925016021,7.667930945158237,6.497117519378662,7.614697456359863,0.9717465313438423,-0.05323348879837386,-0.00684124401133257,20_music,music,C_3000
TP,47,48,85,6.6439433429975265,6.779944839625231,7.667930945158237,6.6345720291137695,7.61531925201416,0.8353744123889291,-0.05261169314407699,-0.009371313883757004,20_music,music,C_3000
TP,48,49,89,6.779944839625231,6.918937001251257,7.667930945158237,6.788528919219971,7.6153788566589355,0.6964418554076781,-0.0525520884993016,0.008584079594739613,20_music,music,C_3000
TP,49,52,92,6.919942830286567,7.062931485946224,7.667930945158237,6.92781400680542,7.614919185638428,0.5519876996922033,-0.05301175951980941,0.007871176518852607,20_music,music,C_3000
TP,50,55,73,7.063937314981534,7.720944840845972,7.720944840845972,7.0764689445495605,7.6156005859375,-0.10534425490847177,-0.10534425490847177,0.012531629568026226,20_music,music,C_3000
TP,51,56,97,7.063937314981534,7.720944840845972,7.720944840845972,7.080502510070801,7.616371154785156,-0.10457368606081552,-0.10457368606081552,0.01656519508926646,20_music,music,C_3000
FN,52,,68,7.066927979979856,7.721937258827477,7.721937258827477,,,,,,20_music,music,C_3000
TP,53,54,77,7.066927979979856,7.7249413348796026,7.7249413348796026,7.0443220138549805,7.615522384643555,-0.10941895023604786,-0.10941895023604786,-0.022605966124875643,20_music,music,C_3000
TP,54,58,54,7.7249413348796026,8.882932186651201,8.885936262703328,7.730178356170654,8.850000381469727,-0.03293180518147487,-0.03593588123360192,0.005237021291051747,20_music,music,C_3000
TP,55,59,48,7.725933752861108,8.883938015686512,8.88993275673696,7.7435622215271,8.84000015258789,-0.04393786309862158,-0.04993260414906864,0.017628468665991548,20_music,music,C_3000
TP,56,57,63,7.725933752861108,8.883938015686512,8.886928680684834,7.725275039672852,8.859999656677246,-0.023938359009266108,-0.0269290240075879,-0.0006587131882564989,20_music,music,C_3000
TP,57,60,44,7.7279319998779235,8.884930433668018,8.886928680684834,7.743755340576172,8.65999984741211,-0.22493058625590834,-0.22692883327272462,0.015823340698248423,20_music,music,C_3000
TP,58,64,54,8.885936262703328,9.501932786034729,9.506921698049865,8.864583015441895,9.479999542236328,-0.02193324379840078,-0.026922155813537074,-0.02135324726143395,20_music,music,C_3000
TP,59,63,44,8.886928680684834,9.502925204016234,9.508919945066681,8.858261108398438,10.619999885559082,1.1170746815428476,1.1110799404924006,-0.028667572286396492,20_music,music,C_3000
TP,60,65,63,8.886928680684834,9.337929009063995,10.51790057802057,8.867501258850098,9.960000038146973,0.6220710290829778,-0.5579005398735966,-0.019427421834736336,20_music,music,C_3000
TP,61,62,48,8.88993275673696,9.341925503097626,10.667903214819788,8.854890823364258,11.21570110321045,1.8737756001128236,0.5477978883906616,-0.03504193337270145,20_music,music,C_3000
TP,62,67,60,9.342931332132936,9.50592928006836,9.506921698049865,9.3556489944458,9.550000190734863,0.04407091066650359,0.04307849268499808,0.01271766231286442,20_music,music,C_3000
TP,63,66,51,9.344929579149753,9.506921698049865,9.509925774101992,9.345464706420898,9.539999961853027,0.033078263803162145,0.030074187751035097,0.0005351272711457966,20_music,music,C_3000
TP,64,68,54,9.506921698049865,9.6709254750206,11.09591699697867,9.486531257629395,10.619999885559082,0.9490744105384827,-0.47591711141958726,-0.020390440420470668,20_music,music,C_3000
FN,65,,60,9.506921698049865,9.6709254750206,10.667903214819788,,,,,,20_music,music,C_3000
FN,66,,44,9.508919945066681,10.664912549821466,10.668909043855098,,,,,,20_music,music,C_3000
TP,67,69,51,9.509925774101992,10.664912549821466,11.276899168065432,9.554564476013184,11.239999771118164,0.5750872212966982,-0.03689939694726796,0.04463870191119135,20_music,music,C_3000
TP,68,71,80,9.673916140018921,9.809917636646626,11.276899168065432,9.676669120788574,11.21275806427002,1.402840427623394,-0.06414110379541249,0.002752980769653135,20_music,music,C_3000
TP,69,72,78,9.810923465681936,9.953912121341594,11.276899168065432,9.823933601379395,11.212417602539062,1.258505481197469,-0.06448156552636952,0.013010135697458125,20_music,music,C_3000
TP,70,74,75,9.957908615375224,10.094902529984434,11.276899168065432,9.970629692077637,11.212217330932617,1.1173148009481828,-0.06468183713281483,0.012721076702412404,20_music,music,C_3000
FP,,42,68,,,,5.904779434204102,5.989999771118164,,,,20_music,music,C_3000
FP,,43,68,,,,6.004843235015869,6.78000020980835,,,,20_music,music,C_3000
FP,,45,61,,,,6.208373546600342,7.0267157554626465,,,,20_music,music,C_3000
FP,,50,68,,,,6.790527820587158,7.0,,,,20_music,music,C_3000
FP,,51,77,,,,6.794075012207031,7.03000020980835,,,,20_music,music,C_3000
FP,,53,68,,,,7.012974739074707,7.615298271179199,,,,20_music,music,C_3000
FP,,61,44,,,,8.667470932006836,8.850000381469727,,,,20_music,music,C_3000
FP,,70,60,,,,9.561322212219238,10.670000076293945,,,,20_music,music,C_3000
FP,,73,63,,,,9.96741771697998,10.5,,,,20_music,music,C_3000
TP,0,1,53,0.5219850361644337,1.504975046845912,1.504975046845912,0.5253900289535522,1.4802656173706055,-0.02470942947530652,-0.02470942947530652,0.003404992789118544,20_music,music,D_no_cap
TP,1,0,56,0.5229908651997436,1.5059808758812219,1.5059808758812219,0.5252552032470703,1.480712652206421,-0.02526822367480097,-0.02526822367480097,0.0022643380473267305,20_music,music,D_no_cap
FN,2,,37,0.5249891122165593,1.7009775981933042,1.7009775981933042,,,,,,20_music,music,D_no_cap
TP,3,3,44,0.5249891122165593,1.70197001617481,1.70197001617481,0.5339913964271545,1.48198401927948,-0.21998599689532994,-0.21998599689532994,0.009002284210595235,20_music,music,D_no_cap
TP,4,2,49,0.525981530198065,1.70197001617481,1.70197001617481,0.5277674794197083,1.4801069498062134,-0.22186306636859654,-0.22186306636859654,0.0017859492216432127,20_music,music,D_no_cap
TP,5,5,54,1.4029839826654866,1.8019762443922238,1.8019762443922238,1.4174877405166626,1.804344892501831,0.002368648109607241,0.002368648109607241,0.014503757851175969,20_music,music,D_no_cap
TP,6,4,58,1.4039764006469924,1.8059727384258553,1.8059727384258553,1.415407657623291,1.8076250553131104,0.0016523168872550897,0.0016523168872550897,0.011431256976298654,20_music,music,D_no_cap
TP,7,8,56,1.7039682631916255,2.3339659266945403,2.3339659266945403,1.6821913719177246,2.1125071048736572,-0.22145882182088306,-0.22145882182088306,-0.021776891273900922,20_music,music,D_no_cap
TP,8,9,44,1.7049740922269354,2.3349583446760462,2.3349583446760462,1.6831185817718506,2.112938165664673,-0.2220201790113734,-0.2220201790113734,-0.021855510455084826,20_music,music,D_no_cap
TP,9,10,53,1.7049740922269354,2.327971185644093,2.327971185644093,1.6838409900665283,2.1158535480499268,-0.21211763759416646,-0.21211763759416646,-0.02113310216040709,20_music,music,D_no_cap
TP,10,6,37,1.7059799212622453,2.3349583446760462,2.3349583446760462,1.6755695343017578,2.1179463863372803,-0.21701195833876596,-0.21701195833876596,-0.03041038696048748,20_music,music,D_no_cap
TP,11,7,49,1.7089705862605669,2.3349583446760462,2.3349583446760462,1.6760164499282837,2.1156272888183594,-0.21933105585768686,-0.21933105585768686,-0.03295413633228317,20_music,music,D_no_cap
TP,12,12,37,2.338968249763482,3.464960327158422,4.031966270943328,2.3196444511413574,3.969414710998535,0.504454383840113,-0.06255155994479278,-0.01932379862212441,20_music,music,D_no_cap
TP,13,11,49,2.338968249763482,3.464960327158422,4.031966270943328,2.313692808151245,3.967499017715454,0.5025386905570319,-0.06446725322787383,-0.025275441612236715,20_music,music,D_no_cap
TP,14,14,53,2.338968249763482,2.477973822443312,4.031966270943328,2.3243398666381836,3.4277360439300537,0.9497622214867416,-0.6042302270132742,-0.014628383125298239,20_music,music,D_no_cap
TP,15,13,44,2.3409664967802977,3.4689568211920534,4.031966270943328,2.323498487472534,3.9683327674865723,0.49937594629451887,-0.06363350345675567,-0.017468009307763488,20_music,music,D_no_cap
TP,16,15,56,2.478966240424818,2.6249723831904053,3.472953315225685,2.455000877380371,3.4200000762939453,0.79502769310354,-0.052953238931739754,-0.023965363044446963,20_music,music,D_no_cap
TP,17,16,61,2.625978212225715,2.76097387981811,3.471960897244179,2.615381956100464,3.430000066757202,0.6690261869390923,-0.04196083048697696,-0.01059625612525128,20_music,music,D_no_cap
TP,18,17,65,2.7619662977996158,2.908978269600513,3.471960897244179,2.7537362575531006,3.4100000858306885,0.5010218162301756,-0.061960811413490635,-0.008230040246515191,20_music,music,D_no_cap
TP,19,18,68,2.908978269600513,3.0449797662282174,4.031966270943328,2.9006824493408203,3.9662442207336426,0.9212644545054252,-0.06572205020968536,-0.008295820259692555,20_music,music,D_no_cap
TP,20,19,73,3.0459721842097234,3.1849643458357497,4.031966270943328,3.042069911956787,3.9696993827819824,0.7847350369462327,-0.06226688816134551,-0.0039022722529362674,20_music,music,D_no_cap
TP,21,20,77,3.1849643458357497,3.324962336497086,4.031966270943328,3.1857492923736572,3.9671926498413086,0.6422303133442226,-0.06477362110201934,0.0007849465379075049,20_music,music,D_no_cap
TP,22,21,80,3.325968165532396,3.4689568211920534,4.031966270943328,3.3345839977264404,3.967963457107544,0.49900663591549055,-0.06400281383578399,0.008615832194044604,20_music,music,D_no_cap
TP,23,25,85,3.4699492391735594,4.066955710318309,4.066955710318309,3.4782636165618896,3.970210552215576,-0.09674515810273299,-0.09674515810273299,0.008314377388330296,20_music,music,D_no_cap
TP,24,24,61,3.471960897244179,4.067961539353619,4.067961539353619,3.4375507831573486,3.9698686599731445,-0.09809287938047451,-0.09809287938047451,-0.03441011408683048,20_music,music,D_no_cap
TP,25,22,65,3.471960897244179,4.069959786370434,4.069959786370434,3.4248223304748535,3.9698452949523926,-0.10011449141804185,-0.10011449141804185,-0.047138566769325596,20_music,music,D_no_cap
TP,26,23,56,3.472953315225685,4.073956280404066,4.073956280404066,3.433642625808716,3.9684152603149414,-0.10554102008912469,-0.10554102008912469,-0.03931068941696925,20_music,music,D_no_cap
TP,27,30,68,4.126956765037996,5.095959046601764,5.095959046601764,4.116151809692383,5.071220397949219,-0.02473864865254516,-0.02473864865254516,-0.010804955345613543,20_music,music,D_no_cap
TP,28,28,65,4.127962594073306,5.095959046601764,5.095959046601764,4.1069016456604,5.071306228637695,-0.024652817964068596,-0.024652817964068596,-0.021060948412905844,20_music,music,D_no_cap
TP,29,29,49,4.129960841090122,5.2949522629474775,5.2949522629474775,4.112992763519287,5.07376766204834,-0.2211846008991376,-0.2211846008991376,-0.016968077570834517,20_music,music,D_no_cap
TP,30,26,56,4.129960841090122,5.291948186895352,5.291948186895352,4.090097427368164,5.067664623260498,-0.22428356363485413,-0.22428356363485413,-0.039863413721957563,20_music,music,D_no_cap
TP,31,27,61,4.130953259071627,5.295958091982787,5.295958091982787,4.0938544273376465,5.070342540740967,-0.22561555124182053,-0.22561555124182053,-0.03709883173398065,20_music,music,D_no_cap
TP,32,31,66,4.997951065401166,5.396943327127903,5.396943327127903,4.996851444244385,5.389525413513184,-0.007417913614719218,-0.007417913614719218,-0.0010996211567810832,20_music,music,D_no_cap
TP,33,32,70,4.998956894436476,5.397949156163213,5.397949156163213,5.005128383636475,5.3935065269470215,-0.004442629216191207,-0.004442629216191207,0.006171489199998881,20_music,music,D_no_cap
TP,34,35,65,5.295958091982787,5.928959831537828,5.928959831537828,5.265615463256836,5.712420463562012,-0.21653936797581608,-0.21653936797581608,-0.030342628725951393,20_music,music,D_no_cap
TP,35,36,68,5.298948756981109,5.929952249519333,5.929952249519333,5.266669750213623,5.706854343414307,-0.22309790610502667,-0.22309790610502667,-0.032279006767486074,20_music,music,D_no_cap
TP,36,33,49,5.299954586016419,5.929952249519333,5.929952249519333,5.264950752258301,5.710273742675781,-0.21967850684355206,-0.21967850684355206,-0.03500383375811822,20_music,music,D_no_cap
TP,37,37,61,5.299954586016419,5.930958078554643,5.930958078554643,5.271230220794678,5.7057785987854,-0.2251794797692428,-0.2251794797692428,-0.028724365221741266,20_music,music,D_no_cap
TP,38,34,56,5.301952833033234,5.931950496536149,5.931950496536149,5.265334129333496,5.705870628356934,-0.2260798681792151,-0.2260798681792151,-0.0366187036997383,20_music,music,D_no_cap
TP,39,38,56,5.932956325571459,7.0559309158604675,7.667930945158237,5.898723125457764,7.02656888961792,-0.02936202624254758,-0.6413620555403172,-0.034233200113694906,20_music,music,D_no_cap
TP,40,41,65,5.932956325571459,6.0729409051789895,7.667930945158237,5.904444694519043,7.614892482757568,1.5419515775785788,-0.053038462400668784,-0.02851163105241561,20_music,music,D_no_cap
TP,41,40,49,5.933948743552964,7.059940820947903,7.667930945158237,5.904273986816406,7.615005016326904,0.5550641953790016,-0.05292592883133285,-0.02967475673655784,20_music,music,D_no_cap
TP,42,39,61,5.9359469905697795,7.062931485946224,7.667930945158237,5.903820514678955,6.199999809265137,-0.8629316766810877,-1.4679311358931004,-0.0321264758908244,20_music,music,D_no_cap
FN,43,,68,6.0729409051789895,6.215956382946255,7.066927979979856,,,,,,20_music,music,D_no_cap
TP,44,44,73,6.219952876979887,6.355954373607592,7.063937314981534,6.207979202270508,7.070000171661377,0.7140457980537853,0.006062856679842632,-0.011973674709379267,20_music,music,D_no_cap
TP,45,46,77,6.356946791589097,6.503958763389995,7.066927979979856,6.343606948852539,6.78000020980835,0.27604144641835493,-0.2869277701715065,-0.013339842736558083,20_music,music,D_no_cap
TP,46,47,80,6.503958763389995,6.642950925016021,7.667930945158237,6.497117519378662,7.614697456359863,0.9717465313438423,-0.05323348879837386,-0.00684124401133257,20_music,music,D_no_cap
TP,47,48,85,6.6439433429975265,6.779944839625231,7.667930945158237,6.6345720291137695,7.61531925201416,0.8353744123889291,-0.05261169314407699,-0.009371313883757004,20_music,music,D_no_cap
TP,48,49,89,6.779944839625231,6.918937001251257,7.667930945158237,6.788528919219971,7.6153788566589355,0.6964418554076781,-0.0525520884993016,0.008584079594739613,20_music,music,D_no_cap
TP,49,52,92,6.919942830286567,7.062931485946224,7.667930945158237,6.92781400680542,7.614919185638428,0.5519876996922033,-0.05301175951980941,0.007871176518852607,20_music,music,D_no_cap
TP,50,55,73,7.063937314981534,7.720944840845972,7.720944840845972,7.0764689445495605,7.6156005859375,-0.10534425490847177,-0.10534425490847177,0.012531629568026226,20_music,music,D_no_cap
TP,51,56,97,7.063937314981534,7.720944840845972,7.720944840845972,7.080502510070801,7.616371154785156,-0.10457368606081552,-0.10457368606081552,0.01656519508926646,20_music,music,D_no_cap
FN,52,,68,7.066927979979856,7.721937258827477,7.721937258827477,,,,,,20_music,music,D_no_cap
TP,53,54,77,7.066927979979856,7.7249413348796026,7.7249413348796026,7.0443220138549805,7.615522384643555,-0.10941895023604786,-0.10941895023604786,-0.022605966124875643,20_music,music,D_no_cap
TP,54,58,54,7.7249413348796026,8.882932186651201,8.885936262703328,7.730178356170654,8.850000381469727,-0.03293180518147487,-0.03593588123360192,0.005237021291051747,20_music,music,D_no_cap
TP,55,59,48,7.725933752861108,8.883938015686512,8.88993275673696,7.7435622215271,8.84000015258789,-0.04393786309862158,-0.04993260414906864,0.017628468665991548,20_music,music,D_no_cap
TP,56,57,63,7.725933752861108,8.883938015686512,8.886928680684834,7.725275039672852,8.859999656677246,-0.023938359009266108,-0.0269290240075879,-0.0006587131882564989,20_music,music,D_no_cap
TP,57,60,44,7.7279319998779235,8.884930433668018,8.886928680684834,7.743755340576172,8.65999984741211,-0.22493058625590834,-0.22692883327272462,0.015823340698248423,20_music,music,D_no_cap
TP,58,64,54,8.885936262703328,9.501932786034729,9.506921698049865,8.864583015441895,9.479999542236328,-0.02193324379840078,-0.026922155813537074,-0.02135324726143395,20_music,music,D_no_cap
TP,59,63,44,8.886928680684834,9.502925204016234,9.508919945066681,8.858261108398438,10.619999885559082,1.1170746815428476,1.1110799404924006,-0.028667572286396492,20_music,music,D_no_cap
TP,60,65,63,8.886928680684834,9.337929009063995,10.51790057802057,8.867501258850098,9.960000038146973,0.6220710290829778,-0.5579005398735966,-0.019427421834736336,20_music,music,D_no_cap
TP,61,62,48,8.88993275673696,9.341925503097626,10.667903214819788,8.854890823364258,11.21570110321045,1.8737756001128236,0.5477978883906616,-0.03504193337270145,20_music,music,D_no_cap
TP,62,67,60,9.342931332132936,9.50592928006836,9.506921698049865,9.3556489944458,9.550000190734863,0.04407091066650359,0.04307849268499808,0.01271766231286442,20_music,music,D_no_cap
TP,63,66,51,9.344929579149753,9.506921698049865,9.509925774101992,9.345464706420898,9.539999961853027,0.033078263803162145,0.030074187751035097,0.0005351272711457966,20_music,music,D_no_cap
TP,64,68,54,9.506921698049865,9.6709254750206,11.09591699697867,9.486531257629395,10.619999885559082,0.9490744105384827,-0.47591711141958726,-0.020390440420470668,20_music,music,D_no_cap
FN,65,,60,9.506921698049865,9.6709254750206,10.667903214819788,,,,,,20_music,music,D_no_cap
FN,66,,44,9.508919945066681,10.664912549821466,10.668909043855098,,,,,,20_music,music,D_no_cap
TP,67,69,51,9.509925774101992,10.664912549821466,11.276899168065432,9.554564476013184,11.239999771118164,0.5750872212966982,-0.03689939694726796,0.04463870191119135,20_music,music,D_no_cap
TP,68,71,80,9.673916140018921,9.809917636646626,11.276899168065432,9.676669120788574,11.21275806427002,1.402840427623394,-0.06414110379541249,0.002752980769653135,20_music,music,D_no_cap
TP,69,72,78,9.810923465681936,9.953912121341594,11.276899168065432,9.823933601379395,11.212417602539062,1.258505481197469,-0.06448156552636952,0.013010135697458125,20_music,music,D_no_cap
TP,70,74,75,9.957908615375224,10.094902529984434,11.276899168065432,9.970629692077637,11.212217330932617,1.1173148009481828,-0.06468183713281483,0.012721076702412404,20_music,music,D_no_cap
FP,,42,68,,,,5.904779434204102,5.989999771118164,,,,20_music,music,D_no_cap
FP,,43,68,,,,6.004843235015869,6.78000020980835,,,,20_music,music,D_no_cap
FP,,45,61,,,,6.208373546600342,7.0267157554626465,,,,20_music,music,D_no_cap
FP,,50,68,,,,6.790527820587158,7.0,,,,20_music,music,D_no_cap
FP,,51,77,,,,6.794075012207031,7.03000020980835,,,,20_music,music,D_no_cap
FP,,53,68,,,,7.012974739074707,7.615298271179199,,,,20_music,music,D_no_cap
FP,,61,44,,,,8.667470932006836,8.850000381469727,,,,20_music,music,D_no_cap
FP,,70,60,,,,9.561322212219238,10.670000076293945,,,,20_music,music,D_no_cap
FP,,73,63,,,,9.96741771697998,10.5,,,,20_music,music,D_no_cap
TP,0,1,67,0.5199867891476181,0.7859816302987763,0.7859816302987763,0.5174018144607544,0.5993766188621521,-0.18660501143662422,-0.18660501143662422,-0.0025849746868636947,21_music,music,A_600
TP,1,4,67,0.7869874593340862,1.2489714407788324,1.2519755168309579,0.784111738204956,1.2300000190734863,-0.018971421705346048,-0.02197549775747154,-0.0028757211291301488,21_music,music,A_600
TP,2,6,72,0.7899781243324077,1.2489714407788324,1.2519755168309579,0.7943416237831116,1.2300000190734863,-0.018971421705346048,-0.02197549775747154,0.0043634994507039115,21_music,music,A_600
TP,3,2,64,0.7909839533677175,1.2489714407788324,1.2529813458662677,0.7838059663772583,0.8334914445877075,-0.41547999619112486,-0.41948990127856023,-0.00717798699045924,21_music,music,A_600
TP,4,7,60,0.7929822003845333,1.2499772698141423,1.2519755168309579,0.7962877154350281,1.2400000095367432,-0.009977260277399091,-0.011975507294214705,0.0033055150504948116,21_music,music,A_600
TP,5,13,60,1.2519755168309579,1.398974077578051,1.404968818628498,1.2502778768539429,1.4600000381469727,0.06102596056892162,0.05503121951847456,-0.0016976399770149975,21_music,music,A_600
TP,6,9,67,1.2519755168309579,1.3979682485427412,1.4029705716116825,1.2385915517807007,1.3799999952316284,-0.017968253311112736,-0.022970576380054064,-0.013383965050257185,21_music,music,A_600
TP,7,12,72,1.2519755168309579,1.398974077578051,1.4029705716116825,1.2444278001785278,1.3799999952316284,-0.018974082346422616,-0.022970576380054064,-0.0075477166524300365,21_music,music,A_600
TP,8,10,64,1.2529813458662677,1.4019647425763726,1.4029705716116825,1.2396304607391357,1.3799999952316284,-0.021964747344744184,-0.022970576380054064,-0.013350885127132006,21_music,music,A_600
TP,9,15,64,1.4029705716116825,2.0149706009094515,2.0189670949430827,1.3858665227890015,2.0399999618530273,0.025029360943575885,0.02103286690994466,-0.017104048822681017,21_music,music,A_600
TP,10,16,67,1.4029705716116825,2.0139647718741416,2.0189670949430827,1.3887382745742798,2.049999952316284,0.0360351804421426,0.031032857373201495,-0.014232297037402697,21_music,music,A_600
TP,11,14,72,1.4029705716116825,2.0149706009094515,2.0189670949430827,1.3857377767562866,2.0399999618530273,0.025029360943575885,0.02103286690994466,-0.01723279485539586,21_music,music,A_600
FN,12,,60,1.404968818628498,2.017961265907773,2.0189670949430827,,,,,,21_music,music,A_600
TP,13,19,67,2.3499519028290656,2.622960725119785,2.622960725119785,2.3446853160858154,2.4305920600891113,-0.19236866503067374,-0.19236866503067374,-0.005266586743250201,21_music,music,A_600
TP,14,20,67,2.623966554155095,3.0819540415662097,3.085950535599841,2.616212844848633,3.069999933242798,-0.011954108323411816,-0.015950602357043042,-0.007753709306462131,21_music,music,A_600
TP,15,22,74,2.623966554155095,3.0829598706015195,3.0869563646351508,2.6226260662078857,3.069999933242798,-0.012959937358721696,-0.016956431392352922,-0.0013404879472092013,21_music,music,A_600
TP,16,23,65,2.6269572191534163,3.0829598706015195,3.0889546116519666,2.6306569576263428,3.069999933242798,-0.012959937358721696,-0.018954678409168757,0.0036997384729264837,21_music,music,A_600
TP,17,21,59,2.627963048188726,3.085950535599841,3.0869563646351508,2.6222259998321533,3.069999933242798,-0.015950602357043042,-0.016956431392352922,-0.005737048356572849,21_music,music,A_600
TP,18,27,67,3.085950535599841,3.228952602313303,3.2369455903805657,3.0761165618896484,3.2200000286102295,-0.008952573703073341,-0.016945561770336237,-0.009833973710192456,21_music,music,A_600
TP,19,25,59,3.0869563646351508,3.232949096346934,3.2399496664326914,3.075127124786377,3.2100000381469727,-0.022949058199961403,-0.029949628285718788,-0.01182923984877382,21_music,music,A_600
TP,20,26,74,3.0869563646351508,3.232949096346934,3.2369455903805657,3.0754127502441406,3.2100000381469727,-0.022949058199961403,-0.026945552233593073,-0.011543614391010149,21_music,music,A_600
TP,21,29,65,3.0889546116519666,3.2359531723990598,3.2389438373973816,3.081009864807129,3.2200000286102295,-0.015953143788830282,-0.018943808787152072,-0.007944746844837702,21_music,music,A_600
TP,22,33,67,3.2369455903805657,3.841945049592578,3.845941543626209,3.23260235786438,3.859628438949585,0.017683389357006973,0.013686895323375747,-0.0043432325161858465,21_music,music,A_600
TP,23,31,74,3.2369455903805657,3.841945049592578,3.845941543626209,3.2239389419555664,3.890000104904175,0.04805505531159682,0.04405856127796559,-0.013006648424999323,21_music,music,A_600
TP,24,34,65,3.2389438373973816,3.841945049592578,3.845941543626209,3.2348921298980713,3.880000114440918,0.03805506484833998,0.034058570814708755,-0.004051707499310275,21_music,music,A_600
TP,25,32,59,3.2399496664326914,3.845941543626209,3.845941543626209,3.22464656829834,3.7828879356384277,-0.06305360798778148,-0.06305360798778148,-0.0153030981343516,21_music,music,A_600
TP,26,36,67,4.194950807824946,4.4749467891476185,4.4749467891476185,4.189685821533203,4.285404682159424,-0.18954210698819463,-0.18954210698819463,-0.005264986291742879,21_music,music,A_600
TP,27,38,67,4.4749467891476185,4.765953245643484,4.768943910641805,4.466878414154053,4.739999771118164,-0.02595347452531982,-0.02894413952364072,-0.008068374993565719,21_music,music,A_600
TP,28,40,76,4.475952618182928,4.765953245643484,5.059950367137669,4.474834442138672,5.010000228881836,0.24404698323835206,-0.04995013825583339,-0.0011181760442564581,21_music,music,A_600
TP,29,42,60,4.47894328318125,4.766945663624989,5.060942785119175,4.484915256500244,5.010000228881836,0.24305456525684654,-0.0509425562373389,0.005971973318994017,21_music,music,A_600
TP,30,39,64,4.47894328318125,4.766945663624989,5.06294103213599,4.471982479095459,5.010000228881836,0.24305456525684654,-0.05294080325415429,-0.006960804085791139,21_music,music,A_600
TP,31,44,67,4.768943910641805,5.055940462050234,5.059950367137669,4.754300117492676,5.039999961853027,-0.01594050019720683,-0.01995040528464198,-0.014643793149129003,21_music,music,A_600
TP,32,46,74,4.768943910641805,5.055940462050234,5.066937526169622,4.7708868980407715,4.996476650238037,-0.059463811812197065,-0.07046087593158479,0.0019429873989667001,21_music,music,A_600
TP,33,48,62,4.769949739677115,5.056946291085544,5.066937526169622,4.775030612945557,4.997682094573975,-0.059264196511569445,-0.06925543159564729,0.005080873268441977,21_music,music,A_600
TP,34,47,59,4.7729404046754365,5.056946291085544,5.066937526169622,4.774128437042236,4.9979400634765625,-0.059006227608981554,-0.0689974626930594,0.0011880323667998738,21_music,music,A_600
TP,35,49,67,5.059950367137669,5.356938153630177,5.356938153630177,5.0530619621276855,5.174931049346924,-0.18200710428325273,-0.18200710428325273,-0.006888405009983778,21_music,music,A_600
TP,36,51,76,5.059950367137669,5.357943982665486,5.357943982665486,5.058329105377197,5.377990245819092,0.02004626315360536,0.02004626315360536,-0.0016212617604720592,21_music,music,A_600
TP,37,52,60,5.060942785119175,5.357943982665486,5.357943982665486,5.0863447189331055,5.380000114440918,0.02205613177543153,0.02205613177543153,0.025401933813930633,21_music,music,A_600
TP,38,50,64,5.06294103213599,5.360934647663808,5.360934647663808,5.056565284729004,5.389999866485596,0.029065218821787475,0.029065218821787475,-0.006375747406986321,21_music,music,A_600
TP,39,53,67,5.360934647663808,5.6619323392437515,5.6619323392437515,5.3432488441467285,5.486880779266357,-0.17505155997739408,-0.17505155997739408,-0.017685803517079712,21_music,music,A_600
TP,40,58,65,5.361940476699118,5.665928833277382,5.665928833277382,5.37416934967041,5.673429012298584,0.007500179021201703,0.007500179021201703,0.012228872971292049,21_music,music,A_600
TP,41,54,77,5.361940476699118,5.664936415295877,5.664936415295877,5.355518341064453,5.675541877746582,0.01060546245070526,0.01060546245070526,-0.006422135634664983,21_music,music,A_600
TP,42,56,62,5.3639387237159335,5.6689329093295076,5.6689329093295076,5.369736671447754,5.674784183502197,0.005851274172689713,0.005851274172689713,0.005797947731820408,21_music,music,A_600
TP,43,59,67,5.669925327311013,5.948928890652179,5.948928890652179,5.662860870361328,5.757951736450195,-0.1909771542019838,-0.1909771542019838,-0.0070644569496849385,21_music,music,A_600
TP,44,62,76,5.669925327311013,5.949934719687489,5.949934719687489,5.667229652404785,5.962579727172852,0.01264500748536257,0.01264500748536257,-0.0026956749062279073,21_music,music,A_600
TP,45,63,60,5.6719235743278285,5.951932966704304,5.951932966704304,5.667391300201416,5.957864761352539,0.005931794648234678,0.005931794648234678,-0.004532274126412439,21_music,music,A_600
TP,46,60,64,5.6719235743278285,5.951932966704304,5.951932966704304,5.663219928741455,5.961872577667236,0.009939610962931944,0.009939610962931944,-0.008703645586373376,21_music,music,A_600
TP,47,65,67,5.95292538468581,6.266931798455761,6.266931798455761,5.943863868713379,6.0951128005981445,-0.17181899785761612,-0.17181899785761612,-0.009061515972430989,21_music,music,A_600
TP,48,66,74,5.955929460737935,6.2679376274910705,6.2679376274910705,5.951327323913574,6.290830135345459,0.022892507854388455,0.022892507854388455,-0.004602136824360947,21_music,music,A_600
TP,49,67,59,5.956935289773245,6.270928292489392,6.270928292489392,5.951796054840088,6.294352054595947,0.023423762106554946,0.023423762106554946,-0.005139234933157155,21_music,music,A_600
TP,50,68,62,5.956935289773245,6.270928292489392,6.270928292489392,5.9658918380737305,6.293999195098877,0.023070902609484634,0.023070902609484634,0.008956548300485423,21_music,music,A_600
TP,51,70,67,6.271934121524702,7.436938954435862,7.436938954435862,6.26599645614624,7.444993495941162,0.008054541505299717,0.008054541505299717,-0.005937665378461965,21_music,music,A_600
TP,52,73,76,6.273932368541518,7.436938954435862,7.436938954435862,6.268771648406982,7.449281215667725,0.012342261231862217,0.012342261231862217,-0.005160720134535168,21_music,music,A_600
TP,53,74,60,6.274924786523023,7.438937201452678,7.438937201452678,6.285771369934082,7.448088645935059,0.00915144448238081,0.00915144448238081,0.01084658341105893,21_music,music,A_600
TP,54,72,64,6.274924786523023,7.437931372417368,7.437931372417368,6.267243385314941,7.444586753845215,0.00665538142784694,0.00665538142784694,-0.007681401208081695,21_music,music,A_600
TP,55,75,67,8.080937758110291,8.366915069429607,8.374921468550676,8.073272705078125,8.3100004196167,-0.05691464981290828,-0.06492104893397688,-0.007665053032166469,21_music,music,A_600
TP,56,77,75,8.080937758110291,8.370924974517044,8.65891394390698,8.085809707641602,8.387207984924316,0.01628301040727287,-0.2717059589826629,0.0048719495313100936,21_music,music,A_600
TP,57,76,63,8.081930176091797,8.370924974517044,8.660912190923796,8.075437545776367,8.640000343322754,0.26907536880571037,-0.0209118476010417,-0.006492630315429793,21_music,music,A_600
TP,58,78,60,8.083928423108613,8.373915639515365,8.660912190923796,8.103989601135254,8.640000343322754,0.2660847038073886,-0.0209118476010417,0.020061178026640647,21_music,music,A_600
FN,59,,67,8.374921468550676,8.653925031891843,8.657921525925474,,,,,,21_music,music,A_600
TP,60,82,74,8.374921468550676,8.653925031891843,8.671909255043184,8.383468627929688,8.683032989501953,0.02910795761011009,0.011123734458768908,0.008547159379011404,21_music,music,A_600
TP,61,83,62,8.375913886532182,8.654917449873349,8.671909255043184,8.385682106018066,8.682635307312012,0.027717857438663174,0.010726052268827502,0.0097682194858848,21_music,music,A_600
TP,62,81,59,8.377912133548998,8.657921525925474,8.671909255043184,8.35373306274414,8.685365676879883,0.027444150954408997,0.013456421836698595,-0.02417907080485726,21_music,music,A_600
TP,63,84,67,8.657921525925474,8.954909312417982,8.954909312417982,8.638534545898438,8.74616527557373,-0.20874403684425147,-0.20874403684425147,-0.019386980027036316,21_music,music,A_600
TP,64,88,75,8.65891394390698,8.954909312417982,8.954909312417982,8.675884246826172,8.965807914733887,0.010898602315904782,0.010898602315904782,0.016970302919192548,21_music,music,A_600
TP,65,86,60,8.660912190923796,8.958919217505418,8.958919217505418,8.653939247131348,8.96660327911377,0.007684061608351556,0.007684061608351556,-0.00697294379244795,21_music,music,A_600
TP,66,85,63,8.660912190923796,8.958919217505418,8.958919217505418,8.647607803344727,9.0,0.041080782494582024,0.041080782494582024,-0.013304387579069044,21_music,music,A_600
TP,67,89,67,8.959911635486923,9.24890643391217,9.24890643391217,8.93601131439209,9.038837432861328,-0.21006900105084192,-0.21006900105084192,-0.023900321094833643,21_music,music,A_600
TP,68,93,65,8.96190988250374,9.253908756981112,9.253908756981112,8.97708797454834,9.253011703491211,-0.0008970534899006566,-0.0008970534899006566,0.015178092044600078,21_music,music,A_600
TP,69,92,77,8.96190988250374,9.252916338999606,9.252916338999606,8.970752716064453,9.289999961853027,0.03708362285342126,0.03708362285342126,0.008842833560713359,21_music,music,A_600
TP,70,90,62,8.96291571153905,9.255907003997928,9.255907003997928,8.937736511230469,9.26304817199707,0.007141167999142439,0.007141167999142439,-0.025179200308581784,21_music,music,A_600
TP,71,94,67,9.255907003997928,9.553900619525747,9.553900619525747,9.225500106811523,9.34138298034668,-0.21251763917906707,-0.21251763917906707,-0.030406897186404436,21_music,music,A_600
TP,72,95,63,9.256912833033239,9.554906448561058,9.554906448561058,9.264692306518555,9.557428359985352,0.002521911424294032,0.002521911424294032,0.007779473485316046,21_music,music,A_600
TP,73,97,75,9.256912833033239,9.554906448561058,9.554906448561058,9.277576446533203,9.556007385253906,0.0011009366928487196,0.0011009366928487196,0.020663613499964484,21_music,music,A_600
TP,74,96,60,9.25990349803156,9.556904695577874,9.556904695577874,9.274425506591797,9.5560884475708,-0.0008162480070730282,-0.0008162480070730282,0.014522008560236443,21_music,music,A_600
TP,75,98,67,9.556904695577874,9.871903527329332,9.871903527329332,9.533601760864258,9.666336059570312,-0.20556746775901935,-0.20556746775901935,-0.023302934713615997,21_music,music,A_600
TP,76,100,62,9.560901189611505,9.875900021362964,9.875900021362964,9.562378883361816,9.891570091247559,0.015670069884594184,0.015670069884594184,0.0014776937503118148,21_music,music,A_600
TP,77,102,74,9.560901189611505,9.872909356364643,9.872909356364643,9.565787315368652,9.889154434204102,0.016245077839458943,0.016245077839458943,0.004886125757147752,21_music,music,A_600
TP,78,101,59,9.561907018646815,9.876905850398275,9.876905850398275,9.563076972961426,9.899910926818848,0.02300507642057248,0.02300507642057248,0.0011699543146104219,21_music,music,A_600
TP,79,103,67,9.876905850398275,10.469889005401786,10.469889005401786,9.85482120513916,10.485413551330566,0.015524545928780498,0.015524545928780498,-0.02208464525911502,21_music,music,A_600
TP,80,106,75,9.878904097415091,10.470894834437097,10.470894834437097,9.878405570983887,10.487316131591797,0.0164212971547002,0.0164212971547002,-0.0004985264312047377,21_music,music,A_600
TP,81,107,60,9.879896515396597,10.473898910489222,10.473898910489222,9.921649932861328,10.486225128173828,0.012326217684606178,0.012326217684606178,0.04175341746473116,21_music,music,A_600
TP,82,105,63,9.879896515396597,10.470894834437097,10.470894834437097,9.876264572143555,10.4862699508667,0.015375116429602542,0.015375116429602542,-0.00363194325304228,21_music,music,A_600
FP,,0,79,,,,0.5169466137886047,0.5299999713897705,,,,21_music,music,A_600
FP,,3,79,,,,0.7839574813842773,0.7900000214576721,,,,21_music,music,A_600
FP,,5,76,,,,0.7917380332946777,0.800000011920929,,,,21_music,music,A_600
FP,,8,79,,,,1.2369016408920288,1.25,,,,21_music,music,A_600
FP,,11,76,,,,1.2443983554840088,1.25,,,,21_music,music,A_600
FP,,17,60,,,,1.4705817699432373,2.0224080085754395,,,,21_music,music,A_600
FP,,18,79,,,,2.3444511890411377,2.3499999046325684,,,,21_music,music,A_600
FP,,24,79,,,,3.0673537254333496,3.0799999237060547,,,,21_music,music,A_600
FP,,28,62,,,,3.077655792236328,3.0899999141693115,,,,21_music,music,A_600
FP,,30,77,,,,3.0843088626861572,3.0899999141693115,,,,21_music,music,A_600
FP,,35,79,,,,4.188583850860596,4.239999771118164,,,,21_music,music,A_600
FP,,37,79,,,,4.465888500213623,4.619999885559082,,,,21_music,music,A_600
FP,,41,55,,,,4.476137161254883,4.559999942779541,,,,21_music,music,A_600
FP,,43,79,,,,4.747035026550293,5.010000228881836,,,,21_music,music,A_600
FP,,45,55,,,,4.76463508605957,5.010000228881836,,,,21_music,music,A_600
FP,,55,55,,,,5.358640193939209,5.420000076293945,,,,21_music,music,A_600
FP,,57,74,,,,5.370937824249268,5.429999828338623,,,,21_music,music,A_600
FP,,61,79,,,,5.663794040679932,5.789999961853027,,,,21_music,music,A_600
FP,,64,79,,,,5.936708450317383,6.059999942779541,,,,21_music,music,A_600
FP,,69,79,,,,6.263970375061035,6.699999809265137,,,,21_music,music,A_600
FP,,71,55,,,,6.26680326461792,6.28000020980835,,,,21_music,music,A_600
FP,,79,67,,,,8.322490692138672,8.630000114440918,,,,21_music,music,A_600
FP,,80,55,,,,8.352463722229004,8.649999618530273,,,,21_music,music,A_600
FP,,87,55,,,,8.658439636230469,8.779999732971191,,,,21_music,music,A_600
FP,,91,55,,,,8.939391136169434,9.09000015258789,,,,21_music,music,A_600
FP,,99,55,,,,9.556504249572754,9.710000038146973,,,,21_music,music,A_600
FP,,104,55,,,,9.875596046447754,10.529999732971191,,,,21_music,music,A_600
FP,,108,72,,,,9.922576904296875,10.229999542236328,,,,21_music,music,A_600
TP,0,1,67,0.5199867891476181,0.7859816302987763,0.7859816302987763,0.5174018144607544,0.5993766188621521,-0.18660501143662422,-0.18660501143662422,-0.0025849746868636947,21_music,music,B_1200
TP,1,4,67,0.7869874593340862,1.2489714407788324,1.2519755168309579,0.784111738204956,1.2300000190734863,-0.018971421705346048,-0.02197549775747154,-0.0028757211291301488,21_music,music,B_1200
TP,2,6,72,0.7899781243324077,1.2489714407788324,1.2519755168309579,0.7943416237831116,1.2300000190734863,-0.018971421705346048,-0.02197549775747154,0.0043634994507039115,21_music,music,B_1200
TP,3,2,64,0.7909839533677175,1.2489714407788324,1.2529813458662677,0.7838059663772583,0.8334914445877075,-0.41547999619112486,-0.41948990127856023,-0.00717798699045924,21_music,music,B_1200
TP,4,7,60,0.7929822003845333,1.2499772698141423,1.2519755168309579,0.7962877154350281,1.2400000095367432,-0.009977260277399091,-0.011975507294214705,0.0033055150504948116,21_music,music,B_1200
TP,5,13,60,1.2519755168309579,1.398974077578051,1.404968818628498,1.2502778768539429,1.4600000381469727,0.06102596056892162,0.05503121951847456,-0.0016976399770149975,21_music,music,B_1200
TP,6,9,67,1.2519755168309579,1.3979682485427412,1.4029705716116825,1.2385915517807007,1.3799999952316284,-0.017968253311112736,-0.022970576380054064,-0.013383965050257185,21_music,music,B_1200
TP,7,12,72,1.2519755168309579,1.398974077578051,1.4029705716116825,1.2444278001785278,1.3799999952316284,-0.018974082346422616,-0.022970576380054064,-0.0075477166524300365,21_music,music,B_1200
TP,8,10,64,1.2529813458662677,1.4019647425763726,1.4029705716116825,1.2396304607391357,1.3799999952316284,-0.021964747344744184,-0.022970576380054064,-0.013350885127132006,21_music,music,B_1200
TP,9,15,64,1.4029705716116825,2.0149706009094515,2.0189670949430827,1.3858665227890015,2.0399999618530273,0.025029360943575885,0.02103286690994466,-0.017104048822681017,21_music,music,B_1200
TP,10,16,67,1.4029705716116825,2.0139647718741416,2.0189670949430827,1.3887382745742798,2.049999952316284,0.0360351804421426,0.031032857373201495,-0.014232297037402697,21_music,music,B_1200
TP,11,14,72,1.4029705716116825,2.0149706009094515,2.0189670949430827,1.3857377767562866,2.0399999618530273,0.025029360943575885,0.02103286690994466,-0.01723279485539586,21_music,music,B_1200
FN,12,,60,1.404968818628498,2.017961265907773,2.0189670949430827,,,,,,21_music,music,B_1200
TP,13,19,67,2.3499519028290656,2.622960725119785,2.622960725119785,2.3446853160858154,2.4305920600891113,-0.19236866503067374,-0.19236866503067374,-0.005266586743250201,21_music,music,B_1200
TP,14,20,67,2.623966554155095,3.0819540415662097,3.085950535599841,2.616212844848633,3.069999933242798,-0.011954108323411816,-0.015950602357043042,-0.007753709306462131,21_music,music,B_1200
TP,15,22,74,2.623966554155095,3.0829598706015195,3.0869563646351508,2.6226260662078857,3.069999933242798,-0.012959937358721696,-0.016956431392352922,-0.0013404879472092013,21_music,music,B_1200
TP,16,23,65,2.6269572191534163,3.0829598706015195,3.0889546116519666,2.6306569576263428,3.069999933242798,-0.012959937358721696,-0.018954678409168757,0.0036997384729264837,21_music,music,B_1200
TP,17,21,59,2.627963048188726,3.085950535599841,3.0869563646351508,2.6222259998321533,3.069999933242798,-0.015950602357043042,-0.016956431392352922,-0.005737048356572849,21_music,music,B_1200
TP,18,27,67,3.085950535599841,3.228952602313303,3.2369455903805657,3.0761165618896484,3.2200000286102295,-0.008952573703073341,-0.016945561770336237,-0.009833973710192456,21_music,music,B_1200
TP,19,25,59,3.0869563646351508,3.232949096346934,3.2399496664326914,3.075127124786377,3.2100000381469727,-0.022949058199961403,-0.029949628285718788,-0.01182923984877382,21_music,music,B_1200
TP,20,26,74,3.0869563646351508,3.232949096346934,3.2369455903805657,3.0754127502441406,3.2100000381469727,-0.022949058199961403,-0.026945552233593073,-0.011543614391010149,21_music,music,B_1200
TP,21,29,65,3.0889546116519666,3.2359531723990598,3.2389438373973816,3.081009864807129,3.2200000286102295,-0.015953143788830282,-0.018943808787152072,-0.007944746844837702,21_music,music,B_1200
TP,22,33,67,3.2369455903805657,3.841945049592578,3.845941543626209,3.23260235786438,3.859628438949585,0.017683389357006973,0.013686895323375747,-0.0043432325161858465,21_music,music,B_1200
TP,23,31,74,3.2369455903805657,3.841945049592578,3.845941543626209,3.2239389419555664,3.890000104904175,0.04805505531159682,0.04405856127796559,-0.013006648424999323,21_music,music,B_1200
TP,24,34,65,3.2389438373973816,3.841945049592578,3.845941543626209,3.2348921298980713,3.880000114440918,0.03805506484833998,0.034058570814708755,-0.004051707499310275,21_music,music,B_1200
TP,25,32,59,3.2399496664326914,3.845941543626209,3.845941543626209,3.22464656829834,3.7828879356384277,-0.06305360798778148,-0.06305360798778148,-0.0153030981343516,21_music,music,B_1200
TP,26,36,67,4.194950807824946,4.4749467891476185,4.4749467891476185,4.189685821533203,4.285404682159424,-0.18954210698819463,-0.18954210698819463,-0.005264986291742879,21_music,music,B_1200
TP,27,38,67,4.4749467891476185,4.765953245643484,4.768943910641805,4.466878414154053,4.739999771118164,-0.02595347452531982,-0.02894413952364072,-0.008068374993565719,21_music,music,B_1200
TP,28,40,76,4.475952618182928,4.765953245643484,5.059950367137669,4.474834442138672,5.010000228881836,0.24404698323835206,-0.04995013825583339,-0.0011181760442564581,21_music,music,B_1200
TP,29,42,60,4.47894328318125,4.766945663624989,5.060942785119175,4.484915256500244,5.010000228881836,0.24305456525684654,-0.0509425562373389,0.005971973318994017,21_music,music,B_1200
TP,30,39,64,4.47894328318125,4.766945663624989,5.06294103213599,4.471982479095459,5.010000228881836,0.24305456525684654,-0.05294080325415429,-0.006960804085791139,21_music,music,B_1200
TP,31,44,67,4.768943910641805,5.055940462050234,5.059950367137669,4.754300117492676,5.039999961853027,-0.01594050019720683,-0.01995040528464198,-0.014643793149129003,21_music,music,B_1200
TP,32,46,74,4.768943910641805,5.055940462050234,5.066937526169622,4.7708868980407715,4.996476650238037,-0.059463811812197065,-0.07046087593158479,0.0019429873989667001,21_music,music,B_1200
TP,33,48,62,4.769949739677115,5.056946291085544,5.066937526169622,4.775030612945557,4.997682094573975,-0.059264196511569445,-0.06925543159564729,0.005080873268441977,21_music,music,B_1200
TP,34,47,59,4.7729404046754365,5.056946291085544,5.066937526169622,4.774128437042236,4.9979400634765625,-0.059006227608981554,-0.0689974626930594,0.0011880323667998738,21_music,music,B_1200
TP,35,49,67,5.059950367137669,5.356938153630177,5.356938153630177,5.0530619621276855,5.174931049346924,-0.18200710428325273,-0.18200710428325273,-0.006888405009983778,21_music,music,B_1200
TP,36,51,76,5.059950367137669,5.357943982665486,5.357943982665486,5.058329105377197,5.377990245819092,0.02004626315360536,0.02004626315360536,-0.0016212617604720592,21_music,music,B_1200
TP,37,52,60,5.060942785119175,5.357943982665486,5.357943982665486,5.0863447189331055,5.380000114440918,0.02205613177543153,0.02205613177543153,0.025401933813930633,21_music,music,B_1200
TP,38,50,64,5.06294103213599,5.360934647663808,5.360934647663808,5.056565284729004,5.389999866485596,0.029065218821787475,0.029065218821787475,-0.006375747406986321,21_music,music,B_1200
TP,39,53,67,5.360934647663808,5.6619323392437515,5.6619323392437515,5.3432488441467285,5.486880779266357,-0.17505155997739408,-0.17505155997739408,-0.017685803517079712,21_music,music,B_1200
TP,40,58,65,5.361940476699118,5.665928833277382,5.665928833277382,5.37416934967041,5.673429012298584,0.007500179021201703,0.007500179021201703,0.012228872971292049,21_music,music,B_1200
TP,41,54,77,5.361940476699118,5.664936415295877,5.664936415295877,5.355518341064453,5.675541877746582,0.01060546245070526,0.01060546245070526,-0.006422135634664983,21_music,music,B_1200
TP,42,56,62,5.3639387237159335,5.6689329093295076,5.6689329093295076,5.369736671447754,5.674784183502197,0.005851274172689713,0.005851274172689713,0.005797947731820408,21_music,music,B_1200
TP,43,59,67,5.669925327311013,5.948928890652179,5.948928890652179,5.662860870361328,5.757951736450195,-0.1909771542019838,-0.1909771542019838,-0.0070644569496849385,21_music,music,B_1200
TP,44,62,76,5.669925327311013,5.949934719687489,5.949934719687489,5.667229652404785,5.962579727172852,0.01264500748536257,0.01264500748536257,-0.0026956749062279073,21_music,music,B_1200
TP,45,63,60,5.6719235743278285,5.951932966704304,5.951932966704304,5.667391300201416,5.957864761352539,0.005931794648234678,0.005931794648234678,-0.004532274126412439,21_music,music,B_1200
TP,46,60,64,5.6719235743278285,5.951932966704304,5.951932966704304,5.663219928741455,5.961872577667236,0.009939610962931944,0.009939610962931944,-0.008703645586373376,21_music,music,B_1200
TP,47,65,67,5.95292538468581,6.266931798455761,6.266931798455761,5.943863868713379,6.0951128005981445,-0.17181899785761612,-0.17181899785761612,-0.009061515972430989,21_music,music,B_1200
TP,48,66,74,5.955929460737935,6.2679376274910705,6.2679376274910705,5.951327323913574,6.290830135345459,0.022892507854388455,0.022892507854388455,-0.004602136824360947,21_music,music,B_1200
TP,49,67,59,5.956935289773245,6.270928292489392,6.270928292489392,5.951796054840088,6.294352054595947,0.023423762106554946,0.023423762106554946,-0.005139234933157155,21_music,music,B_1200
TP,50,68,62,5.956935289773245,6.270928292489392,6.270928292489392,5.9658918380737305,6.293999195098877,0.023070902609484634,0.023070902609484634,0.008956548300485423,21_music,music,B_1200
TP,51,70,67,6.271934121524702,7.436938954435862,7.436938954435862,6.26599645614624,7.444993495941162,0.008054541505299717,0.008054541505299717,-0.005937665378461965,21_music,music,B_1200
TP,52,73,76,6.273932368541518,7.436938954435862,7.436938954435862,6.268771648406982,7.449281215667725,0.012342261231862217,0.012342261231862217,-0.005160720134535168,21_music,music,B_1200
TP,53,74,60,6.274924786523023,7.438937201452678,7.438937201452678,6.285771369934082,7.448088645935059,0.00915144448238081,0.00915144448238081,0.01084658341105893,21_music,music,B_1200
TP,54,72,64,6.274924786523023,7.437931372417368,7.437931372417368,6.267243385314941,7.444586753845215,0.00665538142784694,0.00665538142784694,-0.007681401208081695,21_music,music,B_1200
TP,55,75,67,8.080937758110291,8.366915069429607,8.374921468550676,8.073272705078125,8.3100004196167,-0.05691464981290828,-0.06492104893397688,-0.007665053032166469,21_music,music,B_1200
TP,56,77,75,8.080937758110291,8.370924974517044,8.65891394390698,8.085809707641602,8.387207984924316,0.01628301040727287,-0.2717059589826629,0.0048719495313100936,21_music,music,B_1200
TP,57,76,63,8.081930176091797,8.370924974517044,8.660912190923796,8.075437545776367,8.640000343322754,0.26907536880571037,-0.0209118476010417,-0.006492630315429793,21_music,music,B_1200
TP,58,78,60,8.083928423108613,8.373915639515365,8.660912190923796,8.103989601135254,8.640000343322754,0.2660847038073886,-0.0209118476010417,0.020061178026640647,21_music,music,B_1200
FN,59,,67,8.374921468550676,8.653925031891843,8.657921525925474,,,,,,21_music,music,B_1200
TP,60,82,74,8.374921468550676,8.653925031891843,8.671909255043184,8.383468627929688,8.683032989501953,0.02910795761011009,0.011123734458768908,0.008547159379011404,21_music,music,B_1200
TP,61,83,62,8.375913886532182,8.654917449873349,8.671909255043184,8.385682106018066,8.682635307312012,0.027717857438663174,0.010726052268827502,0.0097682194858848,21_music,music,B_1200
TP,62,81,59,8.377912133548998,8.657921525925474,8.671909255043184,8.35373306274414,8.685365676879883,0.027444150954408997,0.013456421836698595,-0.02417907080485726,21_music,music,B_1200
TP,63,84,67,8.657921525925474,8.954909312417982,8.954909312417982,8.638534545898438,8.74616527557373,-0.20874403684425147,-0.20874403684425147,-0.019386980027036316,21_music,music,B_1200
TP,64,88,75,8.65891394390698,8.954909312417982,8.954909312417982,8.675884246826172,8.965807914733887,0.010898602315904782,0.010898602315904782,0.016970302919192548,21_music,music,B_1200
TP,65,86,60,8.660912190923796,8.958919217505418,8.958919217505418,8.653939247131348,8.96660327911377,0.007684061608351556,0.007684061608351556,-0.00697294379244795,21_music,music,B_1200
TP,66,85,63,8.660912190923796,8.958919217505418,8.958919217505418,8.647607803344727,9.0,0.041080782494582024,0.041080782494582024,-0.013304387579069044,21_music,music,B_1200
TP,67,89,67,8.959911635486923,9.24890643391217,9.24890643391217,8.93601131439209,9.038837432861328,-0.21006900105084192,-0.21006900105084192,-0.023900321094833643,21_music,music,B_1200
TP,68,93,65,8.96190988250374,9.253908756981112,9.253908756981112,8.97708797454834,9.253011703491211,-0.0008970534899006566,-0.0008970534899006566,0.015178092044600078,21_music,music,B_1200
TP,69,92,77,8.96190988250374,9.252916338999606,9.252916338999606,8.970752716064453,9.289999961853027,0.03708362285342126,0.03708362285342126,0.008842833560713359,21_music,music,B_1200
TP,70,90,62,8.96291571153905,9.255907003997928,9.255907003997928,8.937736511230469,9.26304817199707,0.007141167999142439,0.007141167999142439,-0.025179200308581784,21_music,music,B_1200
TP,71,94,67,9.255907003997928,9.553900619525747,9.553900619525747,9.225500106811523,9.34138298034668,-0.21251763917906707,-0.21251763917906707,-0.030406897186404436,21_music,music,B_1200
TP,72,95,63,9.256912833033239,9.554906448561058,9.554906448561058,9.264692306518555,9.557428359985352,0.002521911424294032,0.002521911424294032,0.007779473485316046,21_music,music,B_1200
TP,73,97,75,9.256912833033239,9.554906448561058,9.554906448561058,9.277576446533203,9.556007385253906,0.0011009366928487196,0.0011009366928487196,0.020663613499964484,21_music,music,B_1200
TP,74,96,60,9.25990349803156,9.556904695577874,9.556904695577874,9.274425506591797,9.5560884475708,-0.0008162480070730282,-0.0008162480070730282,0.014522008560236443,21_music,music,B_1200
TP,75,98,67,9.556904695577874,9.871903527329332,9.871903527329332,9.533601760864258,9.666336059570312,-0.20556746775901935,-0.20556746775901935,-0.023302934713615997,21_music,music,B_1200
TP,76,100,62,9.560901189611505,9.875900021362964,9.875900021362964,9.562378883361816,9.891570091247559,0.015670069884594184,0.015670069884594184,0.0014776937503118148,21_music,music,B_1200
TP,77,102,74,9.560901189611505,9.872909356364643,9.872909356364643,9.565787315368652,9.889154434204102,0.016245077839458943,0.016245077839458943,0.004886125757147752,21_music,music,B_1200
TP,78,101,59,9.561907018646815,9.876905850398275,9.876905850398275,9.563076972961426,9.899910926818848,0.02300507642057248,0.02300507642057248,0.0011699543146104219,21_music,music,B_1200
TP,79,103,67,9.876905850398275,10.469889005401786,10.469889005401786,9.85482120513916,10.485413551330566,0.015524545928780498,0.015524545928780498,-0.02208464525911502,21_music,music,B_1200
TP,80,106,75,9.878904097415091,10.470894834437097,10.470894834437097,9.878405570983887,10.487316131591797,0.0164212971547002,0.0164212971547002,-0.0004985264312047377,21_music,music,B_1200
TP,81,107,60,9.879896515396597,10.473898910489222,10.473898910489222,9.921649932861328,10.486225128173828,0.012326217684606178,0.012326217684606178,0.04175341746473116,21_music,music,B_1200
TP,82,105,63,9.879896515396597,10.470894834437097,10.470894834437097,9.876264572143555,10.4862699508667,0.015375116429602542,0.015375116429602542,-0.00363194325304228,21_music,music,B_1200
FP,,0,79,,,,0.5169466137886047,0.5299999713897705,,,,21_music,music,B_1200
FP,,3,79,,,,0.7839574813842773,0.7900000214576721,,,,21_music,music,B_1200
FP,,5,76,,,,0.7917380332946777,0.800000011920929,,,,21_music,music,B_1200
FP,,8,79,,,,1.2369016408920288,1.25,,,,21_music,music,B_1200
FP,,11,76,,,,1.2443983554840088,1.25,,,,21_music,music,B_1200
FP,,17,60,,,,1.4705817699432373,2.0224080085754395,,,,21_music,music,B_1200
FP,,18,79,,,,2.3444511890411377,2.3499999046325684,,,,21_music,music,B_1200
FP,,24,79,,,,3.0673537254333496,3.0799999237060547,,,,21_music,music,B_1200
FP,,28,62,,,,3.077655792236328,3.0899999141693115,,,,21_music,music,B_1200
FP,,30,77,,,,3.0843088626861572,3.0899999141693115,,,,21_music,music,B_1200
FP,,35,79,,,,4.188583850860596,4.239999771118164,,,,21_music,music,B_1200
FP,,37,79,,,,4.465888500213623,4.619999885559082,,,,21_music,music,B_1200
FP,,41,55,,,,4.476137161254883,4.559999942779541,,,,21_music,music,B_1200
FP,,43,79,,,,4.747035026550293,5.010000228881836,,,,21_music,music,B_1200
FP,,45,55,,,,4.76463508605957,5.010000228881836,,,,21_music,music,B_1200
FP,,55,55,,,,5.358640193939209,5.420000076293945,,,,21_music,music,B_1200
FP,,57,74,,,,5.370937824249268,5.429999828338623,,,,21_music,music,B_1200
FP,,61,79,,,,5.663794040679932,5.789999961853027,,,,21_music,music,B_1200
FP,,64,79,,,,5.936708450317383,6.059999942779541,,,,21_music,music,B_1200
FP,,69,79,,,,6.263970375061035,6.699999809265137,,,,21_music,music,B_1200
FP,,71,55,,,,6.26680326461792,6.28000020980835,,,,21_music,music,B_1200
FP,,79,67,,,,8.322490692138672,8.630000114440918,,,,21_music,music,B_1200
FP,,80,55,,,,8.352463722229004,8.649999618530273,,,,21_music,music,B_1200
FP,,87,55,,,,8.658439636230469,8.779999732971191,,,,21_music,music,B_1200
FP,,91,55,,,,8.939391136169434,9.09000015258789,,,,21_music,music,B_1200
FP,,99,55,,,,9.556504249572754,9.710000038146973,,,,21_music,music,B_1200
FP,,104,55,,,,9.875596046447754,10.529999732971191,,,,21_music,music,B_1200
FP,,108,72,,,,9.922576904296875,10.229999542236328,,,,21_music,music,B_1200
TP,0,1,67,0.5199867891476181,0.7859816302987763,0.7859816302987763,0.5174018144607544,0.5993766188621521,-0.18660501143662422,-0.18660501143662422,-0.0025849746868636947,21_music,music,C_3000
TP,1,4,67,0.7869874593340862,1.2489714407788324,1.2519755168309579,0.784111738204956,1.2300000190734863,-0.018971421705346048,-0.02197549775747154,-0.0028757211291301488,21_music,music,C_3000
TP,2,6,72,0.7899781243324077,1.2489714407788324,1.2519755168309579,0.7943416237831116,1.2300000190734863,-0.018971421705346048,-0.02197549775747154,0.0043634994507039115,21_music,music,C_3000
TP,3,2,64,0.7909839533677175,1.2489714407788324,1.2529813458662677,0.7838059663772583,0.8334914445877075,-0.41547999619112486,-0.41948990127856023,-0.00717798699045924,21_music,music,C_3000
TP,4,7,60,0.7929822003845333,1.2499772698141423,1.2519755168309579,0.7962877154350281,1.2400000095367432,-0.009977260277399091,-0.011975507294214705,0.0033055150504948116,21_music,music,C_3000
TP,5,13,60,1.2519755168309579,1.398974077578051,1.404968818628498,1.2502778768539429,1.4600000381469727,0.06102596056892162,0.05503121951847456,-0.0016976399770149975,21_music,music,C_3000
TP,6,9,67,1.2519755168309579,1.3979682485427412,1.4029705716116825,1.2385915517807007,1.3799999952316284,-0.017968253311112736,-0.022970576380054064,-0.013383965050257185,21_music,music,C_3000
TP,7,12,72,1.2519755168309579,1.398974077578051,1.4029705716116825,1.2444278001785278,1.3799999952316284,-0.018974082346422616,-0.022970576380054064,-0.0075477166524300365,21_music,music,C_3000
TP,8,10,64,1.2529813458662677,1.4019647425763726,1.4029705716116825,1.2396304607391357,1.3799999952316284,-0.021964747344744184,-0.022970576380054064,-0.013350885127132006,21_music,music,C_3000
TP,9,15,64,1.4029705716116825,2.0149706009094515,2.0189670949430827,1.3858665227890015,2.0399999618530273,0.025029360943575885,0.02103286690994466,-0.017104048822681017,21_music,music,C_3000
TP,10,16,67,1.4029705716116825,2.0139647718741416,2.0189670949430827,1.3887382745742798,2.049999952316284,0.0360351804421426,0.031032857373201495,-0.014232297037402697,21_music,music,C_3000
TP,11,14,72,1.4029705716116825,2.0149706009094515,2.0189670949430827,1.3857377767562866,2.0399999618530273,0.025029360943575885,0.02103286690994466,-0.01723279485539586,21_music,music,C_3000
FN,12,,60,1.404968818628498,2.017961265907773,2.0189670949430827,,,,,,21_music,music,C_3000
TP,13,19,67,2.3499519028290656,2.622960725119785,2.622960725119785,2.3446853160858154,2.4305920600891113,-0.19236866503067374,-0.19236866503067374,-0.005266586743250201,21_music,music,C_3000
TP,14,20,67,2.623966554155095,3.0819540415662097,3.085950535599841,2.616212844848633,3.069999933242798,-0.011954108323411816,-0.015950602357043042,-0.007753709306462131,21_music,music,C_3000
TP,15,22,74,2.623966554155095,3.0829598706015195,3.0869563646351508,2.6226260662078857,3.069999933242798,-0.012959937358721696,-0.016956431392352922,-0.0013404879472092013,21_music,music,C_3000
TP,16,23,65,2.6269572191534163,3.0829598706015195,3.0889546116519666,2.6306569576263428,3.069999933242798,-0.012959937358721696,-0.018954678409168757,0.0036997384729264837,21_music,music,C_3000
TP,17,21,59,2.627963048188726,3.085950535599841,3.0869563646351508,2.6222259998321533,3.069999933242798,-0.015950602357043042,-0.016956431392352922,-0.005737048356572849,21_music,music,C_3000
TP,18,27,67,3.085950535599841,3.228952602313303,3.2369455903805657,3.0761165618896484,3.2200000286102295,-0.008952573703073341,-0.016945561770336237,-0.009833973710192456,21_music,music,C_3000
TP,19,25,59,3.0869563646351508,3.232949096346934,3.2399496664326914,3.075127124786377,3.2100000381469727,-0.022949058199961403,-0.029949628285718788,-0.01182923984877382,21_music,music,C_3000
TP,20,26,74,3.0869563646351508,3.232949096346934,3.2369455903805657,3.0754127502441406,3.2100000381469727,-0.022949058199961403,-0.026945552233593073,-0.011543614391010149,21_music,music,C_3000
TP,21,29,65,3.0889546116519666,3.2359531723990598,3.2389438373973816,3.081009864807129,3.2200000286102295,-0.015953143788830282,-0.018943808787152072,-0.007944746844837702,21_music,music,C_3000
TP,22,33,67,3.2369455903805657,3.841945049592578,3.845941543626209,3.23260235786438,3.859628438949585,0.017683389357006973,0.013686895323375747,-0.0043432325161858465,21_music,music,C_3000
TP,23,31,74,3.2369455903805657,3.841945049592578,3.845941543626209,3.2239389419555664,3.890000104904175,0.04805505531159682,0.04405856127796559,-0.013006648424999323,21_music,music,C_3000
TP,24,34,65,3.2389438373973816,3.841945049592578,3.845941543626209,3.2348921298980713,3.880000114440918,0.03805506484833998,0.034058570814708755,-0.004051707499310275,21_music,music,C_3000
TP,25,32,59,3.2399496664326914,3.845941543626209,3.845941543626209,3.22464656829834,3.7828879356384277,-0.06305360798778148,-0.06305360798778148,-0.0153030981343516,21_music,music,C_3000
TP,26,36,67,4.194950807824946,4.4749467891476185,4.4749467891476185,4.189685821533203,4.285404682159424,-0.18954210698819463,-0.18954210698819463,-0.005264986291742879,21_music,music,C_3000
TP,27,38,67,4.4749467891476185,4.765953245643484,4.768943910641805,4.466878414154053,4.739999771118164,-0.02595347452531982,-0.02894413952364072,-0.008068374993565719,21_music,music,C_3000
TP,28,40,76,4.475952618182928,4.765953245643484,5.059950367137669,4.474834442138672,5.010000228881836,0.24404698323835206,-0.04995013825583339,-0.0011181760442564581,21_music,music,C_3000
TP,29,42,60,4.47894328318125,4.766945663624989,5.060942785119175,4.484915256500244,5.010000228881836,0.24305456525684654,-0.0509425562373389,0.005971973318994017,21_music,music,C_3000
TP,30,39,64,4.47894328318125,4.766945663624989,5.06294103213599,4.471982479095459,5.010000228881836,0.24305456525684654,-0.05294080325415429,-0.006960804085791139,21_music,music,C_3000
TP,31,44,67,4.768943910641805,5.055940462050234,5.059950367137669,4.754300117492676,5.039999961853027,-0.01594050019720683,-0.01995040528464198,-0.014643793149129003,21_music,music,C_3000
TP,32,46,74,4.768943910641805,5.055940462050234,5.066937526169622,4.7708868980407715,4.996476650238037,-0.059463811812197065,-0.07046087593158479,0.0019429873989667001,21_music,music,C_3000
TP,33,48,62,4.769949739677115,5.056946291085544,5.066937526169622,4.775030612945557,4.997682094573975,-0.059264196511569445,-0.06925543159564729,0.005080873268441977,21_music,music,C_3000
TP,34,47,59,4.7729404046754365,5.056946291085544,5.066937526169622,4.774128437042236,4.9979400634765625,-0.059006227608981554,-0.0689974626930594,0.0011880323667998738,21_music,music,C_3000
TP,35,49,67,5.059950367137669,5.356938153630177,5.356938153630177,5.0530619621276855,5.174931049346924,-0.18200710428325273,-0.18200710428325273,-0.006888405009983778,21_music,music,C_3000
TP,36,51,76,5.059950367137669,5.357943982665486,5.357943982665486,5.058329105377197,5.377990245819092,0.02004626315360536,0.02004626315360536,-0.0016212617604720592,21_music,music,C_3000
TP,37,52,60,5.060942785119175,5.357943982665486,5.357943982665486,5.0863447189331055,5.380000114440918,0.02205613177543153,0.02205613177543153,0.025401933813930633,21_music,music,C_3000
TP,38,50,64,5.06294103213599,5.360934647663808,5.360934647663808,5.056565284729004,5.389999866485596,0.029065218821787475,0.029065218821787475,-0.006375747406986321,21_music,music,C_3000
TP,39,53,67,5.360934647663808,5.6619323392437515,5.6619323392437515,5.3432488441467285,5.486880779266357,-0.17505155997739408,-0.17505155997739408,-0.017685803517079712,21_music,music,C_3000
TP,40,58,65,5.361940476699118,5.665928833277382,5.665928833277382,5.37416934967041,5.673429012298584,0.007500179021201703,0.007500179021201703,0.012228872971292049,21_music,music,C_3000
TP,41,54,77,5.361940476699118,5.664936415295877,5.664936415295877,5.355518341064453,5.675541877746582,0.01060546245070526,0.01060546245070526,-0.006422135634664983,21_music,music,C_3000
TP,42,56,62,5.3639387237159335,5.6689329093295076,5.6689329093295076,5.369736671447754,5.674784183502197,0.005851274172689713,0.005851274172689713,0.005797947731820408,21_music,music,C_3000
TP,43,59,67,5.669925327311013,5.948928890652179,5.948928890652179,5.662860870361328,5.757951736450195,-0.1909771542019838,-0.1909771542019838,-0.0070644569496849385,21_music,music,C_3000
TP,44,62,76,5.669925327311013,5.949934719687489,5.949934719687489,5.667229652404785,5.962579727172852,0.01264500748536257,0.01264500748536257,-0.0026956749062279073,21_music,music,C_3000
TP,45,63,60,5.6719235743278285,5.951932966704304,5.951932966704304,5.667391300201416,5.957864761352539,0.005931794648234678,0.005931794648234678,-0.004532274126412439,21_music,music,C_3000
TP,46,60,64,5.6719235743278285,5.951932966704304,5.951932966704304,5.663219928741455,5.961872577667236,0.009939610962931944,0.009939610962931944,-0.008703645586373376,21_music,music,C_3000
TP,47,65,67,5.95292538468581,6.266931798455761,6.266931798455761,5.943863868713379,6.0951128005981445,-0.17181899785761612,-0.17181899785761612,-0.009061515972430989,21_music,music,C_3000
TP,48,66,74,5.955929460737935,6.2679376274910705,6.2679376274910705,5.951327323913574,6.290830135345459,0.022892507854388455,0.022892507854388455,-0.004602136824360947,21_music,music,C_3000
TP,49,67,59,5.956935289773245,6.270928292489392,6.270928292489392,5.951796054840088,6.294352054595947,0.023423762106554946,0.023423762106554946,-0.005139234933157155,21_music,music,C_3000
TP,50,68,62,5.956935289773245,6.270928292489392,6.270928292489392,5.9658918380737305,6.293999195098877,0.023070902609484634,0.023070902609484634,0.008956548300485423,21_music,music,C_3000
TP,51,70,67,6.271934121524702,7.436938954435862,7.436938954435862,6.26599645614624,7.444993495941162,0.008054541505299717,0.008054541505299717,-0.005937665378461965,21_music,music,C_3000
TP,52,73,76,6.273932368541518,7.436938954435862,7.436938954435862,6.268771648406982,7.449281215667725,0.012342261231862217,0.012342261231862217,-0.005160720134535168,21_music,music,C_3000
TP,53,74,60,6.274924786523023,7.438937201452678,7.438937201452678,6.285771369934082,7.448088645935059,0.00915144448238081,0.00915144448238081,0.01084658341105893,21_music,music,C_3000
TP,54,72,64,6.274924786523023,7.437931372417368,7.437931372417368,6.267243385314941,7.444586753845215,0.00665538142784694,0.00665538142784694,-0.007681401208081695,21_music,music,C_3000
TP,55,75,67,8.080937758110291,8.366915069429607,8.374921468550676,8.073272705078125,8.3100004196167,-0.05691464981290828,-0.06492104893397688,-0.007665053032166469,21_music,music,C_3000
TP,56,77,75,8.080937758110291,8.370924974517044,8.65891394390698,8.085809707641602,8.387207984924316,0.01628301040727287,-0.2717059589826629,0.0048719495313100936,21_music,music,C_3000
TP,57,76,63,8.081930176091797,8.370924974517044,8.660912190923796,8.075437545776367,8.640000343322754,0.26907536880571037,-0.0209118476010417,-0.006492630315429793,21_music,music,C_3000
TP,58,78,60,8.083928423108613,8.373915639515365,8.660912190923796,8.103989601135254,8.640000343322754,0.2660847038073886,-0.0209118476010417,0.020061178026640647,21_music,music,C_3000
FN,59,,67,8.374921468550676,8.653925031891843,8.657921525925474,,,,,,21_music,music,C_3000
TP,60,82,74,8.374921468550676,8.653925031891843,8.671909255043184,8.383468627929688,8.683032989501953,0.02910795761011009,0.011123734458768908,0.008547159379011404,21_music,music,C_3000
TP,61,83,62,8.375913886532182,8.654917449873349,8.671909255043184,8.385682106018066,8.682635307312012,0.027717857438663174,0.010726052268827502,0.0097682194858848,21_music,music,C_3000
TP,62,81,59,8.377912133548998,8.657921525925474,8.671909255043184,8.35373306274414,8.685365676879883,0.027444150954408997,0.013456421836698595,-0.02417907080485726,21_music,music,C_3000
TP,63,84,67,8.657921525925474,8.954909312417982,8.954909312417982,8.638534545898438,8.74616527557373,-0.20874403684425147,-0.20874403684425147,-0.019386980027036316,21_music,music,C_3000
TP,64,88,75,8.65891394390698,8.954909312417982,8.954909312417982,8.675884246826172,8.965807914733887,0.010898602315904782,0.010898602315904782,0.016970302919192548,21_music,music,C_3000
TP,65,86,60,8.660912190923796,8.958919217505418,8.958919217505418,8.653939247131348,8.96660327911377,0.007684061608351556,0.007684061608351556,-0.00697294379244795,21_music,music,C_3000
TP,66,85,63,8.660912190923796,8.958919217505418,8.958919217505418,8.647607803344727,9.0,0.041080782494582024,0.041080782494582024,-0.013304387579069044,21_music,music,C_3000
TP,67,89,67,8.959911635486923,9.24890643391217,9.24890643391217,8.93601131439209,9.038837432861328,-0.21006900105084192,-0.21006900105084192,-0.023900321094833643,21_music,music,C_3000
TP,68,93,65,8.96190988250374,9.253908756981112,9.253908756981112,8.97708797454834,9.253011703491211,-0.0008970534899006566,-0.0008970534899006566,0.015178092044600078,21_music,music,C_3000
TP,69,92,77,8.96190988250374,9.252916338999606,9.252916338999606,8.970752716064453,9.289999961853027,0.03708362285342126,0.03708362285342126,0.008842833560713359,21_music,music,C_3000
TP,70,90,62,8.96291571153905,9.255907003997928,9.255907003997928,8.937736511230469,9.26304817199707,0.007141167999142439,0.007141167999142439,-0.025179200308581784,21_music,music,C_3000
TP,71,94,67,9.255907003997928,9.553900619525747,9.553900619525747,9.225500106811523,9.34138298034668,-0.21251763917906707,-0.21251763917906707,-0.030406897186404436,21_music,music,C_3000
TP,72,95,63,9.256912833033239,9.554906448561058,9.554906448561058,9.264692306518555,9.557428359985352,0.002521911424294032,0.002521911424294032,0.007779473485316046,21_music,music,C_3000
TP,73,97,75,9.256912833033239,9.554906448561058,9.554906448561058,9.277576446533203,9.556007385253906,0.0011009366928487196,0.0011009366928487196,0.020663613499964484,21_music,music,C_3000
TP,74,96,60,9.25990349803156,9.556904695577874,9.556904695577874,9.274425506591797,9.5560884475708,-0.0008162480070730282,-0.0008162480070730282,0.014522008560236443,21_music,music,C_3000
TP,75,98,67,9.556904695577874,9.871903527329332,9.871903527329332,9.533601760864258,9.666336059570312,-0.20556746775901935,-0.20556746775901935,-0.023302934713615997,21_music,music,C_3000
TP,76,100,62,9.560901189611505,9.875900021362964,9.875900021362964,9.562378883361816,9.891570091247559,0.015670069884594184,0.015670069884594184,0.0014776937503118148,21_music,music,C_3000
TP,77,102,74,9.560901189611505,9.872909356364643,9.872909356364643,9.565787315368652,9.889154434204102,0.016245077839458943,0.016245077839458943,0.004886125757147752,21_music,music,C_3000
TP,78,101,59,9.561907018646815,9.876905850398275,9.876905850398275,9.563076972961426,9.899910926818848,0.02300507642057248,0.02300507642057248,0.0011699543146104219,21_music,music,C_3000
TP,79,103,67,9.876905850398275,10.469889005401786,10.469889005401786,9.85482120513916,10.485413551330566,0.015524545928780498,0.015524545928780498,-0.02208464525911502,21_music,music,C_3000
TP,80,106,75,9.878904097415091,10.470894834437097,10.470894834437097,9.878405570983887,10.487316131591797,0.0164212971547002,0.0164212971547002,-0.0004985264312047377,21_music,music,C_3000
TP,81,107,60,9.879896515396597,10.473898910489222,10.473898910489222,9.921649932861328,10.486225128173828,0.012326217684606178,0.012326217684606178,0.04175341746473116,21_music,music,C_3000
TP,82,105,63,9.879896515396597,10.470894834437097,10.470894834437097,9.876264572143555,10.4862699508667,0.015375116429602542,0.015375116429602542,-0.00363194325304228,21_music,music,C_3000
FP,,0,79,,,,0.5169466137886047,0.5299999713897705,,,,21_music,music,C_3000
FP,,3,79,,,,0.7839574813842773,0.7900000214576721,,,,21_music,music,C_3000
FP,,5,76,,,,0.7917380332946777,0.800000011920929,,,,21_music,music,C_3000
FP,,8,79,,,,1.2369016408920288,1.25,,,,21_music,music,C_3000
FP,,11,76,,,,1.2443983554840088,1.25,,,,21_music,music,C_3000
FP,,17,60,,,,1.4705817699432373,2.0224080085754395,,,,21_music,music,C_3000
FP,,18,79,,,,2.3444511890411377,2.3499999046325684,,,,21_music,music,C_3000
FP,,24,79,,,,3.0673537254333496,3.0799999237060547,,,,21_music,music,C_3000
FP,,28,62,,,,3.077655792236328,3.0899999141693115,,,,21_music,music,C_3000
FP,,30,77,,,,3.0843088626861572,3.0899999141693115,,,,21_music,music,C_3000
FP,,35,79,,,,4.188583850860596,4.239999771118164,,,,21_music,music,C_3000
FP,,37,79,,,,4.465888500213623,4.619999885559082,,,,21_music,music,C_3000
FP,,41,55,,,,4.476137161254883,4.559999942779541,,,,21_music,music,C_3000
FP,,43,79,,,,4.747035026550293,5.010000228881836,,,,21_music,music,C_3000
FP,,45,55,,,,4.76463508605957,5.010000228881836,,,,21_music,music,C_3000
FP,,55,55,,,,5.358640193939209,5.420000076293945,,,,21_music,music,C_3000
FP,,57,74,,,,5.370937824249268,5.429999828338623,,,,21_music,music,C_3000
FP,,61,79,,,,5.663794040679932,5.789999961853027,,,,21_music,music,C_3000
FP,,64,79,,,,5.936708450317383,6.059999942779541,,,,21_music,music,C_3000
FP,,69,79,,,,6.263970375061035,6.699999809265137,,,,21_music,music,C_3000
FP,,71,55,,,,6.26680326461792,6.28000020980835,,,,21_music,music,C_3000
FP,,79,67,,,,8.322490692138672,8.630000114440918,,,,21_music,music,C_3000
FP,,80,55,,,,8.352463722229004,8.649999618530273,,,,21_music,music,C_3000
FP,,87,55,,,,8.658439636230469,8.779999732971191,,,,21_music,music,C_3000
FP,,91,55,,,,8.939391136169434,9.09000015258789,,,,21_music,music,C_3000
FP,,99,55,,,,9.556504249572754,9.710000038146973,,,,21_music,music,C_3000
FP,,104,55,,,,9.875596046447754,10.529999732971191,,,,21_music,music,C_3000
FP,,108,72,,,,9.922576904296875,10.229999542236328,,,,21_music,music,C_3000
TP,0,1,67,0.5199867891476181,0.7859816302987763,0.7859816302987763,0.5174018144607544,0.5993766188621521,-0.18660501143662422,-0.18660501143662422,-0.0025849746868636947,21_music,music,D_no_cap
TP,1,4,67,0.7869874593340862,1.2489714407788324,1.2519755168309579,0.784111738204956,1.2300000190734863,-0.018971421705346048,-0.02197549775747154,-0.0028757211291301488,21_music,music,D_no_cap
TP,2,6,72,0.7899781243324077,1.2489714407788324,1.2519755168309579,0.7943416237831116,1.2300000190734863,-0.018971421705346048,-0.02197549775747154,0.0043634994507039115,21_music,music,D_no_cap
TP,3,2,64,0.7909839533677175,1.2489714407788324,1.2529813458662677,0.7838059663772583,0.8334914445877075,-0.41547999619112486,-0.41948990127856023,-0.00717798699045924,21_music,music,D_no_cap
TP,4,7,60,0.7929822003845333,1.2499772698141423,1.2519755168309579,0.7962877154350281,1.2400000095367432,-0.009977260277399091,-0.011975507294214705,0.0033055150504948116,21_music,music,D_no_cap
TP,5,13,60,1.2519755168309579,1.398974077578051,1.404968818628498,1.2502778768539429,1.4600000381469727,0.06102596056892162,0.05503121951847456,-0.0016976399770149975,21_music,music,D_no_cap
TP,6,9,67,1.2519755168309579,1.3979682485427412,1.4029705716116825,1.2385915517807007,1.3799999952316284,-0.017968253311112736,-0.022970576380054064,-0.013383965050257185,21_music,music,D_no_cap
TP,7,12,72,1.2519755168309579,1.398974077578051,1.4029705716116825,1.2444278001785278,1.3799999952316284,-0.018974082346422616,-0.022970576380054064,-0.0075477166524300365,21_music,music,D_no_cap
TP,8,10,64,1.2529813458662677,1.4019647425763726,1.4029705716116825,1.2396304607391357,1.3799999952316284,-0.021964747344744184,-0.022970576380054064,-0.013350885127132006,21_music,music,D_no_cap
TP,9,15,64,1.4029705716116825,2.0149706009094515,2.0189670949430827,1.3858665227890015,2.0399999618530273,0.025029360943575885,0.02103286690994466,-0.017104048822681017,21_music,music,D_no_cap
TP,10,16,67,1.4029705716116825,2.0139647718741416,2.0189670949430827,1.3887382745742798,2.049999952316284,0.0360351804421426,0.031032857373201495,-0.014232297037402697,21_music,music,D_no_cap
TP,11,14,72,1.4029705716116825,2.0149706009094515,2.0189670949430827,1.3857377767562866,2.0399999618530273,0.025029360943575885,0.02103286690994466,-0.01723279485539586,21_music,music,D_no_cap
FN,12,,60,1.404968818628498,2.017961265907773,2.0189670949430827,,,,,,21_music,music,D_no_cap
TP,13,19,67,2.3499519028290656,2.622960725119785,2.622960725119785,2.3446853160858154,2.4305920600891113,-0.19236866503067374,-0.19236866503067374,-0.005266586743250201,21_music,music,D_no_cap
TP,14,20,67,2.623966554155095,3.0819540415662097,3.085950535599841,2.616212844848633,3.069999933242798,-0.011954108323411816,-0.015950602357043042,-0.007753709306462131,21_music,music,D_no_cap
TP,15,22,74,2.623966554155095,3.0829598706015195,3.0869563646351508,2.6226260662078857,3.069999933242798,-0.012959937358721696,-0.016956431392352922,-0.0013404879472092013,21_music,music,D_no_cap
TP,16,23,65,2.6269572191534163,3.0829598706015195,3.0889546116519666,2.6306569576263428,3.069999933242798,-0.012959937358721696,-0.018954678409168757,0.0036997384729264837,21_music,music,D_no_cap
TP,17,21,59,2.627963048188726,3.085950535599841,3.0869563646351508,2.6222259998321533,3.069999933242798,-0.015950602357043042,-0.016956431392352922,-0.005737048356572849,21_music,music,D_no_cap
TP,18,27,67,3.085950535599841,3.228952602313303,3.2369455903805657,3.0761165618896484,3.2200000286102295,-0.008952573703073341,-0.016945561770336237,-0.009833973710192456,21_music,music,D_no_cap
TP,19,25,59,3.0869563646351508,3.232949096346934,3.2399496664326914,3.075127124786377,3.2100000381469727,-0.022949058199961403,-0.029949628285718788,-0.01182923984877382,21_music,music,D_no_cap
TP,20,26,74,3.0869563646351508,3.232949096346934,3.2369455903805657,3.0754127502441406,3.2100000381469727,-0.022949058199961403,-0.026945552233593073,-0.011543614391010149,21_music,music,D_no_cap
TP,21,29,65,3.0889546116519666,3.2359531723990598,3.2389438373973816,3.081009864807129,3.2200000286102295,-0.015953143788830282,-0.018943808787152072,-0.007944746844837702,21_music,music,D_no_cap
TP,22,33,67,3.2369455903805657,3.841945049592578,3.845941543626209,3.23260235786438,3.859628438949585,0.017683389357006973,0.013686895323375747,-0.0043432325161858465,21_music,music,D_no_cap
TP,23,31,74,3.2369455903805657,3.841945049592578,3.845941543626209,3.2239389419555664,3.890000104904175,0.04805505531159682,0.04405856127796559,-0.013006648424999323,21_music,music,D_no_cap
TP,24,34,65,3.2389438373973816,3.841945049592578,3.845941543626209,3.2348921298980713,3.880000114440918,0.03805506484833998,0.034058570814708755,-0.004051707499310275,21_music,music,D_no_cap
TP,25,32,59,3.2399496664326914,3.845941543626209,3.845941543626209,3.22464656829834,3.7828879356384277,-0.06305360798778148,-0.06305360798778148,-0.0153030981343516,21_music,music,D_no_cap
TP,26,36,67,4.194950807824946,4.4749467891476185,4.4749467891476185,4.189685821533203,4.285404682159424,-0.18954210698819463,-0.18954210698819463,-0.005264986291742879,21_music,music,D_no_cap
TP,27,38,67,4.4749467891476185,4.765953245643484,4.768943910641805,4.466878414154053,4.739999771118164,-0.02595347452531982,-0.02894413952364072,-0.008068374993565719,21_music,music,D_no_cap
TP,28,40,76,4.475952618182928,4.765953245643484,5.059950367137669,4.474834442138672,5.010000228881836,0.24404698323835206,-0.04995013825583339,-0.0011181760442564581,21_music,music,D_no_cap
TP,29,42,60,4.47894328318125,4.766945663624989,5.060942785119175,4.484915256500244,5.010000228881836,0.24305456525684654,-0.0509425562373389,0.005971973318994017,21_music,music,D_no_cap
TP,30,39,64,4.47894328318125,4.766945663624989,5.06294103213599,4.471982479095459,5.010000228881836,0.24305456525684654,-0.05294080325415429,-0.006960804085791139,21_music,music,D_no_cap
TP,31,44,67,4.768943910641805,5.055940462050234,5.059950367137669,4.754300117492676,5.039999961853027,-0.01594050019720683,-0.01995040528464198,-0.014643793149129003,21_music,music,D_no_cap
TP,32,46,74,4.768943910641805,5.055940462050234,5.066937526169622,4.7708868980407715,4.996476650238037,-0.059463811812197065,-0.07046087593158479,0.0019429873989667001,21_music,music,D_no_cap
TP,33,48,62,4.769949739677115,5.056946291085544,5.066937526169622,4.775030612945557,4.997682094573975,-0.059264196511569445,-0.06925543159564729,0.005080873268441977,21_music,music,D_no_cap
TP,34,47,59,4.7729404046754365,5.056946291085544,5.066937526169622,4.774128437042236,4.9979400634765625,-0.059006227608981554,-0.0689974626930594,0.0011880323667998738,21_music,music,D_no_cap
TP,35,49,67,5.059950367137669,5.356938153630177,5.356938153630177,5.0530619621276855,5.174931049346924,-0.18200710428325273,-0.18200710428325273,-0.006888405009983778,21_music,music,D_no_cap
TP,36,51,76,5.059950367137669,5.357943982665486,5.357943982665486,5.058329105377197,5.377990245819092,0.02004626315360536,0.02004626315360536,-0.0016212617604720592,21_music,music,D_no_cap
TP,37,52,60,5.060942785119175,5.357943982665486,5.357943982665486,5.0863447189331055,5.380000114440918,0.02205613177543153,0.02205613177543153,0.025401933813930633,21_music,music,D_no_cap
TP,38,50,64,5.06294103213599,5.360934647663808,5.360934647663808,5.056565284729004,5.389999866485596,0.029065218821787475,0.029065218821787475,-0.006375747406986321,21_music,music,D_no_cap
TP,39,53,67,5.360934647663808,5.6619323392437515,5.6619323392437515,5.3432488441467285,5.486880779266357,-0.17505155997739408,-0.17505155997739408,-0.017685803517079712,21_music,music,D_no_cap
TP,40,58,65,5.361940476699118,5.665928833277382,5.665928833277382,5.37416934967041,5.673429012298584,0.007500179021201703,0.007500179021201703,0.012228872971292049,21_music,music,D_no_cap
TP,41,54,77,5.361940476699118,5.664936415295877,5.664936415295877,5.355518341064453,5.675541877746582,0.01060546245070526,0.01060546245070526,-0.006422135634664983,21_music,music,D_no_cap
TP,42,56,62,5.3639387237159335,5.6689329093295076,5.6689329093295076,5.369736671447754,5.674784183502197,0.005851274172689713,0.005851274172689713,0.005797947731820408,21_music,music,D_no_cap
TP,43,59,67,5.669925327311013,5.948928890652179,5.948928890652179,5.662860870361328,5.757951736450195,-0.1909771542019838,-0.1909771542019838,-0.0070644569496849385,21_music,music,D_no_cap
TP,44,62,76,5.669925327311013,5.949934719687489,5.949934719687489,5.667229652404785,5.962579727172852,0.01264500748536257,0.01264500748536257,-0.0026956749062279073,21_music,music,D_no_cap
TP,45,63,60,5.6719235743278285,5.951932966704304,5.951932966704304,5.667391300201416,5.957864761352539,0.005931794648234678,0.005931794648234678,-0.004532274126412439,21_music,music,D_no_cap
TP,46,60,64,5.6719235743278285,5.951932966704304,5.951932966704304,5.663219928741455,5.961872577667236,0.009939610962931944,0.009939610962931944,-0.008703645586373376,21_music,music,D_no_cap
TP,47,65,67,5.95292538468581,6.266931798455761,6.266931798455761,5.943863868713379,6.0951128005981445,-0.17181899785761612,-0.17181899785761612,-0.009061515972430989,21_music,music,D_no_cap
TP,48,66,74,5.955929460737935,6.2679376274910705,6.2679376274910705,5.951327323913574,6.290830135345459,0.022892507854388455,0.022892507854388455,-0.004602136824360947,21_music,music,D_no_cap
TP,49,67,59,5.956935289773245,6.270928292489392,6.270928292489392,5.951796054840088,6.294352054595947,0.023423762106554946,0.023423762106554946,-0.005139234933157155,21_music,music,D_no_cap
TP,50,68,62,5.956935289773245,6.270928292489392,6.270928292489392,5.9658918380737305,6.293999195098877,0.023070902609484634,0.023070902609484634,0.008956548300485423,21_music,music,D_no_cap
TP,51,70,67,6.271934121524702,7.436938954435862,7.436938954435862,6.26599645614624,7.444993495941162,0.008054541505299717,0.008054541505299717,-0.005937665378461965,21_music,music,D_no_cap
TP,52,73,76,6.273932368541518,7.436938954435862,7.436938954435862,6.268771648406982,7.449281215667725,0.012342261231862217,0.012342261231862217,-0.005160720134535168,21_music,music,D_no_cap
TP,53,74,60,6.274924786523023,7.438937201452678,7.438937201452678,6.285771369934082,7.448088645935059,0.00915144448238081,0.00915144448238081,0.01084658341105893,21_music,music,D_no_cap
TP,54,72,64,6.274924786523023,7.437931372417368,7.437931372417368,6.267243385314941,7.444586753845215,0.00665538142784694,0.00665538142784694,-0.007681401208081695,21_music,music,D_no_cap
TP,55,75,67,8.080937758110291,8.366915069429607,8.374921468550676,8.073272705078125,8.3100004196167,-0.05691464981290828,-0.06492104893397688,-0.007665053032166469,21_music,music,D_no_cap
TP,56,77,75,8.080937758110291,8.370924974517044,8.65891394390698,8.085809707641602,8.387207984924316,0.01628301040727287,-0.2717059589826629,0.0048719495313100936,21_music,music,D_no_cap
TP,57,76,63,8.081930176091797,8.370924974517044,8.660912190923796,8.075437545776367,8.640000343322754,0.26907536880571037,-0.0209118476010417,-0.006492630315429793,21_music,music,D_no_cap
TP,58,78,60,8.083928423108613,8.373915639515365,8.660912190923796,8.103989601135254,8.640000343322754,0.2660847038073886,-0.0209118476010417,0.020061178026640647,21_music,music,D_no_cap
FN,59,,67,8.374921468550676,8.653925031891843,8.657921525925474,,,,,,21_music,music,D_no_cap
TP,60,82,74,8.374921468550676,8.653925031891843,8.671909255043184,8.383468627929688,8.683032989501953,0.02910795761011009,0.011123734458768908,0.008547159379011404,21_music,music,D_no_cap
TP,61,83,62,8.375913886532182,8.654917449873349,8.671909255043184,8.385682106018066,8.682635307312012,0.027717857438663174,0.010726052268827502,0.0097682194858848,21_music,music,D_no_cap
TP,62,81,59,8.377912133548998,8.657921525925474,8.671909255043184,8.35373306274414,8.685365676879883,0.027444150954408997,0.013456421836698595,-0.02417907080485726,21_music,music,D_no_cap
TP,63,84,67,8.657921525925474,8.954909312417982,8.954909312417982,8.638534545898438,8.74616527557373,-0.20874403684425147,-0.20874403684425147,-0.019386980027036316,21_music,music,D_no_cap
TP,64,88,75,8.65891394390698,8.954909312417982,8.954909312417982,8.675884246826172,8.965807914733887,0.010898602315904782,0.010898602315904782,0.016970302919192548,21_music,music,D_no_cap
TP,65,86,60,8.660912190923796,8.958919217505418,8.958919217505418,8.653939247131348,8.96660327911377,0.007684061608351556,0.007684061608351556,-0.00697294379244795,21_music,music,D_no_cap
TP,66,85,63,8.660912190923796,8.958919217505418,8.958919217505418,8.647607803344727,9.0,0.041080782494582024,0.041080782494582024,-0.013304387579069044,21_music,music,D_no_cap
TP,67,89,67,8.959911635486923,9.24890643391217,9.24890643391217,8.93601131439209,9.038837432861328,-0.21006900105084192,-0.21006900105084192,-0.023900321094833643,21_music,music,D_no_cap
TP,68,93,65,8.96190988250374,9.253908756981112,9.253908756981112,8.97708797454834,9.253011703491211,-0.0008970534899006566,-0.0008970534899006566,0.015178092044600078,21_music,music,D_no_cap
TP,69,92,77,8.96190988250374,9.252916338999606,9.252916338999606,8.970752716064453,9.289999961853027,0.03708362285342126,0.03708362285342126,0.008842833560713359,21_music,music,D_no_cap
TP,70,90,62,8.96291571153905,9.255907003997928,9.255907003997928,8.937736511230469,9.26304817199707,0.007141167999142439,0.007141167999142439,-0.025179200308581784,21_music,music,D_no_cap
TP,71,94,67,9.255907003997928,9.553900619525747,9.553900619525747,9.225500106811523,9.34138298034668,-0.21251763917906707,-0.21251763917906707,-0.030406897186404436,21_music,music,D_no_cap
TP,72,95,63,9.256912833033239,9.554906448561058,9.554906448561058,9.264692306518555,9.557428359985352,0.002521911424294032,0.002521911424294032,0.007779473485316046,21_music,music,D_no_cap
TP,73,97,75,9.256912833033239,9.554906448561058,9.554906448561058,9.277576446533203,9.556007385253906,0.0011009366928487196,0.0011009366928487196,0.020663613499964484,21_music,music,D_no_cap
TP,74,96,60,9.25990349803156,9.556904695577874,9.556904695577874,9.274425506591797,9.5560884475708,-0.0008162480070730282,-0.0008162480070730282,0.014522008560236443,21_music,music,D_no_cap
TP,75,98,67,9.556904695577874,9.871903527329332,9.871903527329332,9.533601760864258,9.666336059570312,-0.20556746775901935,-0.20556746775901935,-0.023302934713615997,21_music,music,D_no_cap
TP,76,100,62,9.560901189611505,9.875900021362964,9.875900021362964,9.562378883361816,9.891570091247559,0.015670069884594184,0.015670069884594184,0.0014776937503118148,21_music,music,D_no_cap
TP,77,102,74,9.560901189611505,9.872909356364643,9.872909356364643,9.565787315368652,9.889154434204102,0.016245077839458943,0.016245077839458943,0.004886125757147752,21_music,music,D_no_cap
TP,78,101,59,9.561907018646815,9.876905850398275,9.876905850398275,9.563076972961426,9.899910926818848,0.02300507642057248,0.02300507642057248,0.0011699543146104219,21_music,music,D_no_cap
TP,79,103,67,9.876905850398275,10.469889005401786,10.469889005401786,9.85482120513916,10.485413551330566,0.015524545928780498,0.015524545928780498,-0.02208464525911502,21_music,music,D_no_cap
TP,80,106,75,9.878904097415091,10.470894834437097,10.470894834437097,9.878405570983887,10.487316131591797,0.0164212971547002,0.0164212971547002,-0.0004985264312047377,21_music,music,D_no_cap
TP,81,107,60,9.879896515396597,10.473898910489222,10.473898910489222,9.921649932861328,10.486225128173828,0.012326217684606178,0.012326217684606178,0.04175341746473116,21_music,music,D_no_cap
TP,82,105,63,9.879896515396597,10.470894834437097,10.470894834437097,9.876264572143555,10.4862699508667,0.015375116429602542,0.015375116429602542,-0.00363194325304228,21_music,music,D_no_cap
FP,,0,79,,,,0.5169466137886047,0.5299999713897705,,,,21_music,music,D_no_cap
FP,,3,79,,,,0.7839574813842773,0.7900000214576721,,,,21_music,music,D_no_cap
FP,,5,76,,,,0.7917380332946777,0.800000011920929,,,,21_music,music,D_no_cap
FP,,8,79,,,,1.2369016408920288,1.25,,,,21_music,music,D_no_cap
FP,,11,76,,,,1.2443983554840088,1.25,,,,21_music,music,D_no_cap
FP,,17,60,,,,1.4705817699432373,2.0224080085754395,,,,21_music,music,D_no_cap
FP,,18,79,,,,2.3444511890411377,2.3499999046325684,,,,21_music,music,D_no_cap
FP,,24,79,,,,3.0673537254333496,3.0799999237060547,,,,21_music,music,D_no_cap
FP,,28,62,,,,3.077655792236328,3.0899999141693115,,,,21_music,music,D_no_cap
FP,,30,77,,,,3.0843088626861572,3.0899999141693115,,,,21_music,music,D_no_cap
FP,,35,79,,,,4.188583850860596,4.239999771118164,,,,21_music,music,D_no_cap
FP,,37,79,,,,4.465888500213623,4.619999885559082,,,,21_music,music,D_no_cap
FP,,41,55,,,,4.476137161254883,4.559999942779541,,,,21_music,music,D_no_cap
FP,,43,79,,,,4.747035026550293,5.010000228881836,,,,21_music,music,D_no_cap
FP,,45,55,,,,4.76463508605957,5.010000228881836,,,,21_music,music,D_no_cap
FP,,55,55,,,,5.358640193939209,5.420000076293945,,,,21_music,music,D_no_cap
FP,,57,74,,,,5.370937824249268,5.429999828338623,,,,21_music,music,D_no_cap
FP,,61,79,,,,5.663794040679932,5.789999961853027,,,,21_music,music,D_no_cap
FP,,64,79,,,,5.936708450317383,6.059999942779541,,,,21_music,music,D_no_cap
FP,,69,79,,,,6.263970375061035,6.699999809265137,,,,21_music,music,D_no_cap
FP,,71,55,,,,6.26680326461792,6.28000020980835,,,,21_music,music,D_no_cap
FP,,79,67,,,,8.322490692138672,8.630000114440918,,,,21_music,music,D_no_cap
FP,,80,55,,,,8.352463722229004,8.649999618530273,,,,21_music,music,D_no_cap
FP,,87,55,,,,8.658439636230469,8.779999732971191,,,,21_music,music,D_no_cap
FP,,91,55,,,,8.939391136169434,9.09000015258789,,,,21_music,music,D_no_cap
FP,,99,55,,,,9.556504249572754,9.710000038146973,,,,21_music,music,D_no_cap
FP,,104,55,,,,9.875596046447754,10.529999732971191,,,,21_music,music,D_no_cap
FP,,108,72,,,,9.922576904296875,10.229999542236328,,,,21_music,music,D_no_cap
TP,0,1,44,0.5199867891476181,0.950991236304819,1.3679945432905058,0.5568907260894775,1.350000023841858,0.39900878753703894,-0.01799451944864794,0.03690393694185945,22_music,music,A_600
TP,1,0,49,0.5239832831812495,0.9549877303384504,0.957991806390576,0.5178998112678528,0.8899999856948853,-0.06498774464356516,-0.06799182069569076,-0.006083471913396754,22_music,music,A_600
TP,2,3,54,0.9549877303384504,1.3639980492568744,1.5789906527909179,0.9111367464065552,1.4900000095367432,0.12600196027986876,-0.08899064325417472,-0.04385098393189524,22_music,music,A_600
TP,3,4,58,0.9559935593737603,1.3639980492568744,1.5789906527909179,0.9873978495597839,1.5499999523162842,0.18600190305940978,-0.0289907004746337,0.03140429018602364,22_music,music,A_600
FN,4,,49,0.957991806390576,1.3649904672383801,1.3679945432905058,,,,,,22_music,music,A_600
TP,5,6,44,1.3679945432905058,1.5709842536698508,1.7919850093081455,1.3637607097625732,1.8300000429153442,0.2590157892454934,0.03801503360719871,-0.004233833527932607,22_music,music,A_600
TP,6,5,49,1.3679945432905058,1.5739883297219766,1.577984823755608,1.3424046039581299,1.5399999618530273,-0.03398836786894921,-0.03798486190258066,-0.025589939332375966,22_music,music,A_600
TP,7,9,49,1.577984823755608,1.7869960972930083,1.7939832563249611,1.553269624710083,1.7300000190734863,-0.05699607821952202,-0.06398323725147481,-0.024715199045524994,22_music,music,A_600
FN,8,,54,1.5789906527909179,1.787988515274514,1.794989085360271,,,,,,22_music,music,A_600
TP,9,11,58,1.5789906527909179,1.7909925913266398,1.794989085360271,1.564231514930725,1.7851694822311401,-0.005823109095499657,-0.009819603129130883,-0.014759137860192784,22_music,music,A_600
TP,10,13,44,1.7919850093081455,2.2079958983123262,2.6239933762627032,1.8351235389709473,2.619999885559082,0.4120039872467558,-0.003993490703621205,0.04313852966280174,22_music,music,A_600
FN,11,,49,1.7939832563249611,2.208988316293832,2.210986563310648,,,,,,22_music,music,A_600
FN,12,,54,2.208988316293832,2.6169928061769463,2.83097958067568,,,,,,22_music,music,A_600
TP,13,16,61,2.209994145329142,2.6209893002105775,2.829987162694174,2.2147557735443115,2.5899999141693115,-0.030989386041266,-0.23998724852486264,0.0047616282151694556,22_music,music,A_600
FN,14,,49,2.210986563310648,2.6219951292458874,2.6239933762627032,,,,,,22_music,music,A_600
TP,15,17,58,2.210986563310648,2.6209893002105775,2.83097958067568,2.23641300201416,2.7799999713897705,0.15901067117919299,-0.05097960928590961,0.025426438703512133,22_music,music,A_600
TP,16,21,44,2.6239933762627032,2.8269830866420484,2.8619859370708336,2.625939130783081,2.873044729232788,0.04606164259073964,0.01105879216195449,0.0019457545203778182,22_music,music,A_600
TP,17,18,49,2.6239933762627032,2.8279889156773583,2.83097958067568,2.5930685997009277,2.7899999618530273,-0.037988953824330984,-0.040979618822652775,-0.030924776561775502,22_music,music,A_600
TP,18,23,61,2.829987162694174,3.040983272194586,3.040983272194586,2.783116340637207,3.069999933242798,0.029016661048211656,0.029016661048211656,-0.04687082205696713,22_music,music,A_600
TP,19,25,49,2.83097958067568,3.044993177282022,3.044993177282022,2.795055627822876,2.875612735748291,-0.16938044153373077,-0.16938044153373077,-0.03592395285280414,22_music,music,A_600
FN,20,,54,2.83097958067568,3.044993177282022,3.044993177282022,,,,,,22_music,music,A_600
TP,21,24,58,2.83097958067568,3.044993177282022,3.044993177282022,2.786203384399414,3.059999942779541,0.015006765497519226,0.015006765497519226,-0.044776196276266056,22_music,music,A_600
TP,22,28,44,3.0469914242988376,3.4709818903164775,3.891981691335796,3.0643959045410156,3.859999895095825,0.38901800477934767,-0.03198179623997088,0.017404480242178,22_music,music,A_600
TP,23,26,49,3.0479838422803436,3.4719877193517874,3.474978384350109,3.034008741378784,3.4100000858306885,-0.06198763352109893,-0.06497829851942072,-0.0139751009015594,22_music,music,A_600
TP,24,30,53,3.4739859663686032,3.890975862300486,4.096969648731957,3.4738571643829346,4.050000190734863,0.15902432843437708,-0.0469694579970934,-0.00012880198566866952,22_music,music,A_600
FN,25,,49,3.474978384350109,3.891981691335796,3.8949723563341174,,,,,,22_music,music,A_600
TP,26,31,56,3.474978384350109,3.890975862300486,4.096969648731957,3.4764904975891113,4.019999980926514,0.12902411862602747,-0.07696966780544301,0.001512113239002133,22_music,music,A_600
TP,27,33,44,3.891981691335796,4.089982489700004,4.282980964995271,3.8686506748199463,4.050000190734863,-0.03998229896514083,-0.2329807742604073,-0.02333101651584979,22_music,music,A_600
TP,28,32,49,3.8949723563341174,4.094971401715141,4.094971401715141,3.8684117794036865,4.050000190734863,-0.04497121098027801,-0.04497121098027801,-0.0265605769304309,22_music,music,A_600
TP,29,37,49,4.094971401715141,4.31497973937193,4.31497973937193,4.063360214233398,4.260000228881836,-0.054979510490094086,-0.054979510490094086,-0.03161118748174285,22_music,music,A_600
TP,30,36,53,4.096969648731957,4.31497973937193,4.31497973937193,4.062126159667969,4.225139141082764,-0.08984059828916635,-0.08984059828916635,-0.03484348906398793,22_music,music,A_600
FN,31,,56,4.096969648731957,4.3159721573534355,4.3159721573534355,,,,,,22_music,music,A_600
TP,32,39,44,4.3159721573534355,4.730977217322306,5.147980524307992,4.294841289520264,4.710000038146973,-0.020977179175333482,-0.4379804861610195,-0.021130867833171862,22_music,music,A_600
TP,33,38,49,4.318976233405561,4.731969635303812,4.733967882320627,4.286348819732666,4.650000095367432,-0.08196953993638001,-0.0839677869531954,-0.03262741367289479,22_music,music,A_600
FN,34,,49,4.733967882320627,5.143970619220557,5.148972942289498,,,,,,22_music,music,A_600
TP,35,41,53,4.734973711355937,5.144976448255867,5.349964405652027,4.71337366104126,5.289999961853027,0.14502351359716048,-0.059964443798999234,-0.021600050314677155,22_music,music,A_600
TP,36,44,61,4.734973711355937,5.144976448255867,5.347966158635211,4.728024482727051,5.119999885559082,-0.024976562696784832,-0.22796627307612916,-0.006949228628886139,22_music,music,A_600
TP,37,45,44,5.147980524307992,5.346973740653706,5.384967256080811,5.122763156890869,5.309999942779541,-0.03697379787416466,-0.07496731330127027,-0.025217367417122993,22_music,music,A_600
TP,38,46,49,5.148972942289498,5.347966158635211,5.3509702346873365,5.123116493225098,5.309999942779541,-0.03796621585567017,-0.04097029190779544,-0.02585644906439999,22_music,music,A_600
FN,39,,61,5.347966158635211,5.560973926206242,5.560973926206242,,,,,,22_music,music,A_600
TP,40,49,53,5.349964405652027,5.563978002258367,5.563978002258367,5.3023223876953125,5.570000171661377,0.006022169403009592,0.006022169403009592,-0.04764201795671408,22_music,music,A_600
TP,41,50,49,5.3509702346873365,5.563978002258367,5.563978002258367,5.317527770996094,5.378605365753174,-0.18537263650519353,-0.18537263650519353,-0.03344246369124271,22_music,music,A_600
TP,42,54,44,5.564970420239873,5.997973114413889,6.410979927365943,5.556825160980225,6.389999866485596,0.3920267520717067,-0.02098006088034765,-0.008145259259648263,22_music,music,A_600
TP,43,53,49,5.564970420239873,5.998978943449199,5.998978943449199,5.544188022613525,5.920000076293945,-0.0789788671552536,-0.0789788671552536,-0.020782397626347482,22_music,music,A_600
FN,44,,49,5.998978943449199,6.407975851313818,6.414976421399575,,,,,,22_music,music,A_600
TP,45,57,51,6.001983019501324,6.410979927365943,6.620970207831046,6.051248073577881,6.579999923706055,0.16901999634011133,-0.04097028412499171,0.04926505407655668,22_music,music,A_600
TP,46,56,54,6.001983019501324,6.408981680349128,6.621976036866356,5.985189437866211,6.539999961853027,0.13101828150389938,-0.08197607501332893,-0.01679358163511324,22_music,music,A_600
TP,47,59,44,6.410979927365943,6.616973713797415,6.785966402783285,6.396113395690918,6.809999942779541,0.1930262289821263,0.024033539996255904,-0.014866531675025385,22_music,music,A_600
TP,48,58,49,6.414976421399575,6.617979542832725,6.621976036866356,6.377187252044678,6.590000152587891,-0.02797939024483398,-0.03197588427846565,-0.03778916935489729,22_music,music,A_600
TP,49,61,51,6.620970207831046,6.823973329264196,6.823973329264196,6.591672897338867,6.880000114440918,0.056026785176721994,0.056026785176721994,-0.029297310492179207,22_music,music,A_600
TP,50,62,49,6.621976036866356,6.827969823297828,6.827969823297828,6.602557182312012,6.789999961853027,-0.0379698614448003,-0.0379698614448003,-0.019418854554344556,22_music,music,A_600
FN,51,,54,6.621976036866356,6.828962241279333,6.828962241279333,,,,,,22_music,music,A_600
TP,52,64,44,6.8309604882961485,7.251960289315466,7.667957767265842,6.821005821228027,7.619999885559082,0.3680395962436158,-0.0479578817067603,-0.009954667068121203,22_music,music,A_600
TP,53,63,49,6.8309604882961485,7.251960289315466,7.2549643653675915,6.802611351013184,7.170000076293945,-0.0819602130215209,-0.08496428907364617,-0.028349137282964953,22_music,music,A_600
TP,54,67,61,7.251960289315466,7.6639612732322115,7.870960888698991,7.255527973175049,7.800000190734863,0.13603891750265173,-0.07096069796412774,0.0035676838595826155,22_music,music,A_600
TP,55,66,54,7.253958536332282,7.664967102267521,7.868962641682176,7.219377040863037,7.78000020980835,0.11503310754082818,-0.08896243187382602,-0.034581495469244494,22_music,music,A_600
FN,56,,49,7.2549643653675915,7.666965349284337,7.667957767265842,,,,,,22_music,music,A_600
TP,57,68,51,7.2549643653675915,7.664967102267521,7.870960888698991,7.275826454162598,7.820000171661377,0.15503306939385553,-0.05096071703761407,0.020862088795006173,22_music,music,A_600
TP,58,70,44,7.667957767265842,7.867956812646866,7.937949102450632,7.628895282745361,8.069999694824219,0.202042882177353,0.13205059237358707,-0.039062484520481,22_music,music,A_600
TP,59,69,49,7.667957767265842,7.867956812646866,7.870960888698991,7.628881454467773,7.829999923706055,-0.03795688894081106,-0.04096096499293633,-0.03907631279806889,22_music,music,A_600
FN,60,,54,7.868962641682176,8.080964580217898,8.080964580217898,,,,,,22_music,music,A_600
TP,61,74,49,7.870960888698991,8.08395524521622,8.08395524521622,7.840096473693848,7.918356418609619,-0.16559882660660108,-0.16559882660660108,-0.030864415005143364,22_music,music,A_600
TP,62,73,51,7.870960888698991,8.081956998199404,8.081956998199404,7.833953380584717,8.109999656677246,0.028042658477842153,0.028042658477842153,-0.037007508114274223,22_music,music,A_600
FN,63,,61,7.870960888698991,8.081956998199404,8.081956998199404,,,,,,22_music,music,A_600
TP,64,76,44,8.08395524521622,8.528960832544936,8.977962913907284,8.075176239013672,8.960000038146973,0.4310392056020369,-0.017962875760311192,-0.008779006202548345,22_music,music,A_600
TP,65,75,49,8.084961074251531,8.528960832544936,8.532957326578568,8.071564674377441,8.460000038146973,-0.0689607943979631,-0.07295728843159566,-0.013396399874089582,22_music,music,A_600
TP,66,78,53,8.529966661580247,8.976957084871973,9.428963242286446,8.518518447875977,9.399999618530273,0.42304253365830036,-0.028963623756173007,-0.01144821370426996,22_music,music,A_600
TP,67,80,61,8.529966661580247,8.975964666890468,9.431953907284768,8.526665687561035,9.430000305175781,0.4540356382853137,-0.001953602108986985,-0.003300974019211367,22_music,music,A_600
FN,68,,49,8.532957326578568,8.976957084871973,8.9799611609241,,,,,,22_music,music,A_600
TP,69,82,44,8.977962913907284,9.427957413251136,9.889954805749689,8.966732025146484,9.430000305175781,0.0020428919246455735,-0.4599545005739074,-0.011230888760799473,22_music,music,A_600
FN,70,,49,8.9799611609241,9.428963242286446,9.432959736320079,,,,,,22_music,music,A_600
TP,71,84,53,9.428963242286446,9.886950729697562,10.342953381145668,9.405740737915039,9.829999923706055,-0.056950805991506925,-0.5129534574396128,-0.023222504371407382,22_music,music,A_600
TP,72,87,61,9.431953907284768,9.886950729697562,10.341947552110357,9.44438648223877,9.84000015258789,-0.04695057710967099,-0.5019473995224661,0.012432574954001296,22_music,music,A_600
FN,73,,49,9.432959736320079,9.887956558732872,9.890947223731194,,,,,,22_music,music,A_600
TP,74,91,44,9.889954805749689,10.337951058076724,10.807941438642539,9.864489555358887,10.789999961853027,0.45204890377630313,-0.017941476789511412,-0.02546525039080194,22_music,music,A_600
FN,75,,49,9.890947223731194,10.338956887112035,10.342953381145668,,,,,,22_music,music,A_600
FP,,2,49,,,,0.9002353549003601,1.3300000429153442,,,,22_music,music,A_600
FP,,7,56,,,,1.3677126169204712,1.3799999952316284,,,,22_music,music,A_600
FP,,8,54,,,,1.4994709491729736,1.7852932214736938,,,,22_music,music,A_600
FP,,10,61,,,,1.5572959184646606,1.771166205406189,,,,22_music,music,A_600
FP,,12,49,,,,1.7424943447113037,2.1500000953674316,,,,22_music,music,A_600
FP,,14,49,,,,2.157114267349243,2.5799999237060547,,,,22_music,music,A_600
FP,,15,54,,,,2.1577584743499756,2.75,,,,22_music,music,A_600
FP,,19,61,,,,2.5971450805664062,2.7699999809265137,,,,22_music,music,A_600
FP,,20,56,,,,2.6156389713287354,2.630000114440918,,,,22_music,music,A_600
FP,,22,54,,,,2.7552216053009033,3.0367980003356934,,,,22_music,music,A_600
FP,,27,56,,,,3.041050910949707,3.4700000286102295,,,,22_music,music,A_600
FP,,29,49,,,,3.4173381328582764,3.859999895095825,,,,22_music,music,A_600
FP,,34,56,,,,4.025010108947754,4.225496768951416,,,,22_music,music,A_600
FP,,35,44,,,,4.06157922744751,4.224548816680908,,,,22_music,music,A_600
FP,,40,49,,,,4.664820671081543,5.110000133514404,,,,22_music,music,A_600
FP,,42,44,,,,4.715813159942627,5.110000133514404,,,,22_music,music,A_600
FP,,43,73,,,,4.726606369018555,5.389999866485596,,,,22_music,music,A_600
FP,,47,61,,,,5.1275858879089355,5.269999980926514,,,,22_music,music,A_600
FP,,48,61,,,,5.284287929534912,5.3568315505981445,,,,22_music,music,A_600
FP,,51,44,,,,5.322235584259033,5.367055892944336,,,,22_music,music,A_600
FP,,52,56,,,,5.540246963500977,5.550000190734863,,,,22_music,music,A_600
FP,,55,49,,,,5.933936595916748,6.369999885559082,,,,22_music,music,A_600
FP,,60,54,,,,6.546087741851807,6.733420372009277,,,,22_music,music,A_600
FP,,65,49,,,,7.1844072341918945,7.619999885559082,,,,22_music,music,A_600
FP,,71,54,,,,7.7904133796691895,8.09000015258789,,,,22_music,music,A_600
FP,,72,61,,,,7.813401699066162,7.912504196166992,,,,22_music,music,A_600
FP,,77,49,,,,8.473104476928711,8.899999618530273,,,,22_music,music,A_600
FP,,79,73,,,,8.52459716796875,9.430000305175781,,,,22_music,music,A_600
FP,,81,49,,,,8.913331031799316,9.359999656677246,,,,22_music,music,A_600
FP,,83,49,,,,9.365143775939941,9.819999694824219,,,,22_music,music,A_600
FP,,85,44,,,,9.435338973999023,9.850000381469727,,,,22_music,music,A_600
FP,,86,73,,,,9.438533782958984,10.84000015258789,,,,22_music,music,A_600
FP,,88,49,,,,9.826654434204102,10.260000228881836,,,,22_music,music,A_600
FP,,89,53,,,,9.838515281677246,10.3100004196167,,,,22_music,music,A_600
FP,,90,61,,,,9.854881286621094,10.3100004196167,,,,22_music,music,A_600
TP,0,1,44,0.5199867891476181,0.950991236304819,1.3679945432905058,0.5568907260894775,1.350000023841858,0.39900878753703894,-0.01799451944864794,0.03690393694185945,22_music,music,B_1200
TP,1,0,49,0.5239832831812495,0.9549877303384504,0.957991806390576,0.5178998112678528,0.8899999856948853,-0.06498774464356516,-0.06799182069569076,-0.006083471913396754,22_music,music,B_1200
TP,2,3,54,0.9549877303384504,1.3639980492568744,1.5789906527909179,0.9111367464065552,1.4900000095367432,0.12600196027986876,-0.08899064325417472,-0.04385098393189524,22_music,music,B_1200
TP,3,4,58,0.9559935593737603,1.3639980492568744,1.5789906527909179,0.9873978495597839,1.5499999523162842,0.18600190305940978,-0.0289907004746337,0.03140429018602364,22_music,music,B_1200
FN,4,,49,0.957991806390576,1.3649904672383801,1.3679945432905058,,,,,,22_music,music,B_1200
TP,5,6,44,1.3679945432905058,1.5709842536698508,1.7919850093081455,1.3637607097625732,1.8300000429153442,0.2590157892454934,0.03801503360719871,-0.004233833527932607,22_music,music,B_1200
TP,6,5,49,1.3679945432905058,1.5739883297219766,1.577984823755608,1.3424046039581299,1.5399999618530273,-0.03398836786894921,-0.03798486190258066,-0.025589939332375966,22_music,music,B_1200
TP,7,9,49,1.577984823755608,1.7869960972930083,1.7939832563249611,1.553269624710083,1.7300000190734863,-0.05699607821952202,-0.06398323725147481,-0.024715199045524994,22_music,music,B_1200
FN,8,,54,1.5789906527909179,1.787988515274514,1.794989085360271,,,,,,22_music,music,B_1200
TP,9,11,58,1.5789906527909179,1.7909925913266398,1.794989085360271,1.564231514930725,1.7851694822311401,-0.005823109095499657,-0.009819603129130883,-0.014759137860192784,22_music,music,B_1200
TP,10,13,44,1.7919850093081455,2.2079958983123262,2.6239933762627032,1.8351235389709473,2.619999885559082,0.4120039872467558,-0.003993490703621205,0.04313852966280174,22_music,music,B_1200
FN,11,,49,1.7939832563249611,2.208988316293832,2.210986563310648,,,,,,22_music,music,B_1200
FN,12,,54,2.208988316293832,2.6169928061769463,2.83097958067568,,,,,,22_music,music,B_1200
TP,13,16,61,2.209994145329142,2.6209893002105775,2.829987162694174,2.2147557735443115,2.5899999141693115,-0.030989386041266,-0.23998724852486264,0.0047616282151694556,22_music,music,B_1200
FN,14,,49,2.210986563310648,2.6219951292458874,2.6239933762627032,,,,,,22_music,music,B_1200
TP,15,17,58,2.210986563310648,2.6209893002105775,2.83097958067568,2.23641300201416,2.7799999713897705,0.15901067117919299,-0.05097960928590961,0.025426438703512133,22_music,music,B_1200
TP,16,21,44,2.6239933762627032,2.8269830866420484,2.8619859370708336,2.625939130783081,2.873044729232788,0.04606164259073964,0.01105879216195449,0.0019457545203778182,22_music,music,B_1200
TP,17,18,49,2.6239933762627032,2.8279889156773583,2.83097958067568,2.5930685997009277,2.7899999618530273,-0.037988953824330984,-0.040979618822652775,-0.030924776561775502,22_music,music,B_1200
TP,18,23,61,2.829987162694174,3.040983272194586,3.040983272194586,2.783116340637207,3.069999933242798,0.029016661048211656,0.029016661048211656,-0.04687082205696713,22_music,music,B_1200
TP,19,25,49,2.83097958067568,3.044993177282022,3.044993177282022,2.795055627822876,2.875612735748291,-0.16938044153373077,-0.16938044153373077,-0.03592395285280414,22_music,music,B_1200
FN,20,,54,2.83097958067568,3.044993177282022,3.044993177282022,,,,,,22_music,music,B_1200
TP,21,24,58,2.83097958067568,3.044993177282022,3.044993177282022,2.786203384399414,3.059999942779541,0.015006765497519226,0.015006765497519226,-0.044776196276266056,22_music,music,B_1200
TP,22,28,44,3.0469914242988376,3.4709818903164775,3.891981691335796,3.0643959045410156,3.859999895095825,0.38901800477934767,-0.03198179623997088,0.017404480242178,22_music,music,B_1200
TP,23,26,49,3.0479838422803436,3.4719877193517874,3.474978384350109,3.034008741378784,3.4100000858306885,-0.06198763352109893,-0.06497829851942072,-0.0139751009015594,22_music,music,B_1200
TP,24,30,53,3.4739859663686032,3.890975862300486,4.096969648731957,3.4738571643829346,4.050000190734863,0.15902432843437708,-0.0469694579970934,-0.00012880198566866952,22_music,music,B_1200
FN,25,,49,3.474978384350109,3.891981691335796,3.8949723563341174,,,,,,22_music,music,B_1200
TP,26,31,56,3.474978384350109,3.890975862300486,4.096969648731957,3.4764904975891113,4.019999980926514,0.12902411862602747,-0.07696966780544301,0.001512113239002133,22_music,music,B_1200
TP,27,33,44,3.891981691335796,4.089982489700004,4.282980964995271,3.8686506748199463,4.050000190734863,-0.03998229896514083,-0.2329807742604073,-0.02333101651584979,22_music,music,B_1200
TP,28,32,49,3.8949723563341174,4.094971401715141,4.094971401715141,3.8684117794036865,4.050000190734863,-0.04497121098027801,-0.04497121098027801,-0.0265605769304309,22_music,music,B_1200
TP,29,37,49,4.094971401715141,4.31497973937193,4.31497973937193,4.063360214233398,4.260000228881836,-0.054979510490094086,-0.054979510490094086,-0.03161118748174285,22_music,music,B_1200
TP,30,36,53,4.096969648731957,4.31497973937193,4.31497973937193,4.062126159667969,4.225139141082764,-0.08984059828916635,-0.08984059828916635,-0.03484348906398793,22_music,music,B_1200
FN,31,,56,4.096969648731957,4.3159721573534355,4.3159721573534355,,,,,,22_music,music,B_1200
TP,32,39,44,4.3159721573534355,4.730977217322306,5.147980524307992,4.294841289520264,4.710000038146973,-0.020977179175333482,-0.4379804861610195,-0.021130867833171862,22_music,music,B_1200
TP,33,38,49,4.318976233405561,4.731969635303812,4.733967882320627,4.286348819732666,4.650000095367432,-0.08196953993638001,-0.0839677869531954,-0.03262741367289479,22_music,music,B_1200
FN,34,,49,4.733967882320627,5.143970619220557,5.148972942289498,,,,,,22_music,music,B_1200
TP,35,41,53,4.734973711355937,5.144976448255867,5.349964405652027,4.71337366104126,5.289999961853027,0.14502351359716048,-0.059964443798999234,-0.021600050314677155,22_music,music,B_1200
TP,36,44,61,4.734973711355937,5.144976448255867,5.347966158635211,4.728024482727051,5.119999885559082,-0.024976562696784832,-0.22796627307612916,-0.006949228628886139,22_music,music,B_1200
TP,37,45,44,5.147980524307992,5.346973740653706,5.384967256080811,5.122763156890869,5.309999942779541,-0.03697379787416466,-0.07496731330127027,-0.025217367417122993,22_music,music,B_1200
TP,38,46,49,5.148972942289498,5.347966158635211,5.3509702346873365,5.123116493225098,5.309999942779541,-0.03796621585567017,-0.04097029190779544,-0.02585644906439999,22_music,music,B_1200
FN,39,,61,5.347966158635211,5.560973926206242,5.560973926206242,,,,,,22_music,music,B_1200
TP,40,49,53,5.349964405652027,5.563978002258367,5.563978002258367,5.3023223876953125,5.570000171661377,0.006022169403009592,0.006022169403009592,-0.04764201795671408,22_music,music,B_1200
TP,41,50,49,5.3509702346873365,5.563978002258367,5.563978002258367,5.317527770996094,5.378605365753174,-0.18537263650519353,-0.18537263650519353,-0.03344246369124271,22_music,music,B_1200
TP,42,54,44,5.564970420239873,5.997973114413889,6.410979927365943,5.556825160980225,6.389999866485596,0.3920267520717067,-0.02098006088034765,-0.008145259259648263,22_music,music,B_1200
TP,43,53,49,5.564970420239873,5.998978943449199,5.998978943449199,5.544188022613525,5.920000076293945,-0.0789788671552536,-0.0789788671552536,-0.020782397626347482,22_music,music,B_1200
FN,44,,49,5.998978943449199,6.407975851313818,6.414976421399575,,,,,,22_music,music,B_1200
TP,45,57,51,6.001983019501324,6.410979927365943,6.620970207831046,6.051248073577881,6.579999923706055,0.16901999634011133,-0.04097028412499171,0.04926505407655668,22_music,music,B_1200
TP,46,56,54,6.001983019501324,6.408981680349128,6.621976036866356,5.985189437866211,6.539999961853027,0.13101828150389938,-0.08197607501332893,-0.01679358163511324,22_music,music,B_1200
TP,47,59,44,6.410979927365943,6.616973713797415,6.785966402783285,6.396113395690918,6.809999942779541,0.1930262289821263,0.024033539996255904,-0.014866531675025385,22_music,music,B_1200
TP,48,58,49,6.414976421399575,6.617979542832725,6.621976036866356,6.377187252044678,6.590000152587891,-0.02797939024483398,-0.03197588427846565,-0.03778916935489729,22_music,music,B_1200
TP,49,61,51,6.620970207831046,6.823973329264196,6.823973329264196,6.591672897338867,6.880000114440918,0.056026785176721994,0.056026785176721994,-0.029297310492179207,22_music,music,B_1200
TP,50,62,49,6.621976036866356,6.827969823297828,6.827969823297828,6.602557182312012,6.789999961853027,-0.0379698614448003,-0.0379698614448003,-0.019418854554344556,22_music,music,B_1200
FN,51,,54,6.621976036866356,6.828962241279333,6.828962241279333,,,,,,22_music,music,B_1200
TP,52,64,44,6.8309604882961485,7.251960289315466,7.667957767265842,6.821005821228027,7.619999885559082,0.3680395962436158,-0.0479578817067603,-0.009954667068121203,22_music,music,B_1200
TP,53,63,49,6.8309604882961485,7.251960289315466,7.2549643653675915,6.802611351013184,7.170000076293945,-0.0819602130215209,-0.08496428907364617,-0.028349137282964953,22_music,music,B_1200
TP,54,67,61,7.251960289315466,7.6639612732322115,7.870960888698991,7.255527973175049,7.800000190734863,0.13603891750265173,-0.07096069796412774,0.0035676838595826155,22_music,music,B_1200
TP,55,66,54,7.253958536332282,7.664967102267521,7.868962641682176,7.219377040863037,7.78000020980835,0.11503310754082818,-0.08896243187382602,-0.034581495469244494,22_music,music,B_1200
FN,56,,49,7.2549643653675915,7.666965349284337,7.667957767265842,,,,,,22_music,music,B_1200
TP,57,68,51,7.2549643653675915,7.664967102267521,7.870960888698991,7.275826454162598,7.820000171661377,0.15503306939385553,-0.05096071703761407,0.020862088795006173,22_music,music,B_1200
TP,58,70,44,7.667957767265842,7.867956812646866,7.937949102450632,7.628895282745361,8.069999694824219,0.202042882177353,0.13205059237358707,-0.039062484520481,22_music,music,B_1200
TP,59,69,49,7.667957767265842,7.867956812646866,7.870960888698991,7.628881454467773,7.829999923706055,-0.03795688894081106,-0.04096096499293633,-0.03907631279806889,22_music,music,B_1200
FN,60,,54,7.868962641682176,8.080964580217898,8.080964580217898,,,,,,22_music,music,B_1200
TP,61,74,49,7.870960888698991,8.08395524521622,8.08395524521622,7.840096473693848,7.918356418609619,-0.16559882660660108,-0.16559882660660108,-0.030864415005143364,22_music,music,B_1200
TP,62,73,51,7.870960888698991,8.081956998199404,8.081956998199404,7.833953380584717,8.109999656677246,0.028042658477842153,0.028042658477842153,-0.037007508114274223,22_music,music,B_1200
FN,63,,61,7.870960888698991,8.081956998199404,8.081956998199404,,,,,,22_music,music,B_1200
TP,64,76,44,8.08395524521622,8.528960832544936,8.977962913907284,8.075176239013672,8.960000038146973,0.4310392056020369,-0.017962875760311192,-0.008779006202548345,22_music,music,B_1200
TP,65,75,49,8.084961074251531,8.528960832544936,8.532957326578568,8.071564674377441,8.460000038146973,-0.0689607943979631,-0.07295728843159566,-0.013396399874089582,22_music,music,B_1200
TP,66,78,53,8.529966661580247,8.976957084871973,9.428963242286446,8.518518447875977,9.399999618530273,0.42304253365830036,-0.028963623756173007,-0.01144821370426996,22_music,music,B_1200
TP,67,80,61,8.529966661580247,8.975964666890468,9.431953907284768,8.526665687561035,9.430000305175781,0.4540356382853137,-0.001953602108986985,-0.003300974019211367,22_music,music,B_1200
FN,68,,49,8.532957326578568,8.976957084871973,8.9799611609241,,,,,,22_music,music,B_1200
TP,69,82,44,8.977962913907284,9.427957413251136,9.889954805749689,8.966732025146484,9.430000305175781,0.0020428919246455735,-0.4599545005739074,-0.011230888760799473,22_music,music,B_1200
FN,70,,49,8.9799611609241,9.428963242286446,9.432959736320079,,,,,,22_music,music,B_1200
TP,71,84,53,9.428963242286446,9.886950729697562,10.342953381145668,9.405740737915039,9.829999923706055,-0.056950805991506925,-0.5129534574396128,-0.023222504371407382,22_music,music,B_1200
TP,72,87,61,9.431953907284768,9.886950729697562,10.341947552110357,9.44438648223877,9.84000015258789,-0.04695057710967099,-0.5019473995224661,0.012432574954001296,22_music,music,B_1200
FN,73,,49,9.432959736320079,9.887956558732872,9.890947223731194,,,,,,22_music,music,B_1200
TP,74,91,44,9.889954805749689,10.337951058076724,10.807941438642539,9.864489555358887,10.789999961853027,0.45204890377630313,-0.017941476789511412,-0.02546525039080194,22_music,music,B_1200
FN,75,,49,9.890947223731194,10.338956887112035,10.342953381145668,,,,,,22_music,music,B_1200
FP,,2,49,,,,0.9002353549003601,1.3300000429153442,,,,22_music,music,B_1200
FP,,7,56,,,,1.3677126169204712,1.3799999952316284,,,,22_music,music,B_1200
FP,,8,54,,,,1.4994709491729736,1.7852932214736938,,,,22_music,music,B_1200
FP,,10,61,,,,1.5572959184646606,1.771166205406189,,,,22_music,music,B_1200
FP,,12,49,,,,1.7424943447113037,2.1500000953674316,,,,22_music,music,B_1200
FP,,14,49,,,,2.157114267349243,2.5799999237060547,,,,22_music,music,B_1200
FP,,15,54,,,,2.1577584743499756,2.75,,,,22_music,music,B_1200
FP,,19,61,,,,2.5971450805664062,2.7699999809265137,,,,22_music,music,B_1200
FP,,20,56,,,,2.6156389713287354,2.630000114440918,,,,22_music,music,B_1200
FP,,22,54,,,,2.7552216053009033,3.0367980003356934,,,,22_music,music,B_1200
FP,,27,56,,,,3.041050910949707,3.4700000286102295,,,,22_music,music,B_1200
FP,,29,49,,,,3.4173381328582764,3.859999895095825,,,,22_music,music,B_1200
FP,,34,56,,,,4.025010108947754,4.225496768951416,,,,22_music,music,B_1200
FP,,35,44,,,,4.06157922744751,4.224548816680908,,,,22_music,music,B_1200
FP,,40,49,,,,4.664820671081543,5.110000133514404,,,,22_music,music,B_1200
FP,,42,44,,,,4.715813159942627,5.110000133514404,,,,22_music,music,B_1200
FP,,43,73,,,,4.726606369018555,5.389999866485596,,,,22_music,music,B_1200
FP,,47,61,,,,5.1275858879089355,5.269999980926514,,,,22_music,music,B_1200
FP,,48,61,,,,5.284287929534912,5.3568315505981445,,,,22_music,music,B_1200
FP,,51,44,,,,5.322235584259033,5.367055892944336,,,,22_music,music,B_1200
FP,,52,56,,,,5.540246963500977,5.550000190734863,,,,22_music,music,B_1200
FP,,55,49,,,,5.933936595916748,6.369999885559082,,,,22_music,music,B_1200
FP,,60,54,,,,6.546087741851807,6.733420372009277,,,,22_music,music,B_1200
FP,,65,49,,,,7.1844072341918945,7.619999885559082,,,,22_music,music,B_1200
FP,,71,54,,,,7.7904133796691895,8.09000015258789,,,,22_music,music,B_1200
FP,,72,61,,,,7.813401699066162,7.912504196166992,,,,22_music,music,B_1200
FP,,77,49,,,,8.473104476928711,8.899999618530273,,,,22_music,music,B_1200
FP,,79,73,,,,8.52459716796875,9.430000305175781,,,,22_music,music,B_1200
FP,,81,49,,,,8.913331031799316,9.359999656677246,,,,22_music,music,B_1200
FP,,83,49,,,,9.365143775939941,9.819999694824219,,,,22_music,music,B_1200
FP,,85,44,,,,9.435338973999023,9.850000381469727,,,,22_music,music,B_1200
FP,,86,73,,,,9.438533782958984,10.84000015258789,,,,22_music,music,B_1200
FP,,88,49,,,,9.826654434204102,10.260000228881836,,,,22_music,music,B_1200
FP,,89,53,,,,9.838515281677246,10.3100004196167,,,,22_music,music,B_1200
FP,,90,61,,,,9.854881286621094,10.3100004196167,,,,22_music,music,B_1200
TP,0,1,44,0.5199867891476181,0.950991236304819,1.3679945432905058,0.5568907260894775,1.350000023841858,0.39900878753703894,-0.01799451944864794,0.03690393694185945,22_music,music,C_3000
TP,1,0,49,0.5239832831812495,0.9549877303384504,0.957991806390576,0.5178998112678528,0.8899999856948853,-0.06498774464356516,-0.06799182069569076,-0.006083471913396754,22_music,music,C_3000
TP,2,3,54,0.9549877303384504,1.3639980492568744,1.5789906527909179,0.9111367464065552,1.4900000095367432,0.12600196027986876,-0.08899064325417472,-0.04385098393189524,22_music,music,C_3000
TP,3,4,58,0.9559935593737603,1.3639980492568744,1.5789906527909179,0.9873978495597839,1.5499999523162842,0.18600190305940978,-0.0289907004746337,0.03140429018602364,22_music,music,C_3000
FN,4,,49,0.957991806390576,1.3649904672383801,1.3679945432905058,,,,,,22_music,music,C_3000
TP,5,6,44,1.3679945432905058,1.5709842536698508,1.7919850093081455,1.3637607097625732,1.8300000429153442,0.2590157892454934,0.03801503360719871,-0.004233833527932607,22_music,music,C_3000
TP,6,5,49,1.3679945432905058,1.5739883297219766,1.577984823755608,1.3424046039581299,1.5399999618530273,-0.03398836786894921,-0.03798486190258066,-0.025589939332375966,22_music,music,C_3000
TP,7,9,49,1.577984823755608,1.7869960972930083,1.7939832563249611,1.553269624710083,1.7300000190734863,-0.05699607821952202,-0.06398323725147481,-0.024715199045524994,22_music,music,C_3000
FN,8,,54,1.5789906527909179,1.787988515274514,1.794989085360271,,,,,,22_music,music,C_3000
TP,9,11,58,1.5789906527909179,1.7909925913266398,1.794989085360271,1.564231514930725,1.7851694822311401,-0.005823109095499657,-0.009819603129130883,-0.014759137860192784,22_music,music,C_3000
TP,10,13,44,1.7919850093081455,2.2079958983123262,2.6239933762627032,1.8351235389709473,2.619999885559082,0.4120039872467558,-0.003993490703621205,0.04313852966280174,22_music,music,C_3000
FN,11,,49,1.7939832563249611,2.208988316293832,2.210986563310648,,,,,,22_music,music,C_3000
FN,12,,54,2.208988316293832,2.6169928061769463,2.83097958067568,,,,,,22_music,music,C_3000
TP,13,16,61,2.209994145329142,2.6209893002105775,2.829987162694174,2.2147557735443115,2.5899999141693115,-0.030989386041266,-0.23998724852486264,0.0047616282151694556,22_music,music,C_3000
FN,14,,49,2.210986563310648,2.6219951292458874,2.6239933762627032,,,,,,22_music,music,C_3000
TP,15,17,58,2.210986563310648,2.6209893002105775,2.83097958067568,2.23641300201416,2.7799999713897705,0.15901067117919299,-0.05097960928590961,0.025426438703512133,22_music,music,C_3000
TP,16,21,44,2.6239933762627032,2.8269830866420484,2.8619859370708336,2.625939130783081,2.873044729232788,0.04606164259073964,0.01105879216195449,0.0019457545203778182,22_music,music,C_3000
TP,17,18,49,2.6239933762627032,2.8279889156773583,2.83097958067568,2.5930685997009277,2.7899999618530273,-0.037988953824330984,-0.040979618822652775,-0.030924776561775502,22_music,music,C_3000
TP,18,23,61,2.829987162694174,3.040983272194586,3.040983272194586,2.783116340637207,3.069999933242798,0.029016661048211656,0.029016661048211656,-0.04687082205696713,22_music,music,C_3000
TP,19,25,49,2.83097958067568,3.044993177282022,3.044993177282022,2.795055627822876,2.875612735748291,-0.16938044153373077,-0.16938044153373077,-0.03592395285280414,22_music,music,C_3000
FN,20,,54,2.83097958067568,3.044993177282022,3.044993177282022,,,,,,22_music,music,C_3000
TP,21,24,58,2.83097958067568,3.044993177282022,3.044993177282022,2.786203384399414,3.059999942779541,0.015006765497519226,0.015006765497519226,-0.044776196276266056,22_music,music,C_3000
TP,22,28,44,3.0469914242988376,3.4709818903164775,3.891981691335796,3.0643959045410156,3.859999895095825,0.38901800477934767,-0.03198179623997088,0.017404480242178,22_music,music,C_3000
TP,23,26,49,3.0479838422803436,3.4719877193517874,3.474978384350109,3.034008741378784,3.4100000858306885,-0.06198763352109893,-0.06497829851942072,-0.0139751009015594,22_music,music,C_3000
TP,24,30,53,3.4739859663686032,3.890975862300486,4.096969648731957,3.4738571643829346,4.050000190734863,0.15902432843437708,-0.0469694579970934,-0.00012880198566866952,22_music,music,C_3000
FN,25,,49,3.474978384350109,3.891981691335796,3.8949723563341174,,,,,,22_music,music,C_3000
TP,26,31,56,3.474978384350109,3.890975862300486,4.096969648731957,3.4764904975891113,4.019999980926514,0.12902411862602747,-0.07696966780544301,0.001512113239002133,22_music,music,C_3000
TP,27,33,44,3.891981691335796,4.089982489700004,4.282980964995271,3.8686506748199463,4.050000190734863,-0.03998229896514083,-0.2329807742604073,-0.02333101651584979,22_music,music,C_3000
TP,28,32,49,3.8949723563341174,4.094971401715141,4.094971401715141,3.8684117794036865,4.050000190734863,-0.04497121098027801,-0.04497121098027801,-0.0265605769304309,22_music,music,C_3000
TP,29,37,49,4.094971401715141,4.31497973937193,4.31497973937193,4.063360214233398,4.260000228881836,-0.054979510490094086,-0.054979510490094086,-0.03161118748174285,22_music,music,C_3000
TP,30,36,53,4.096969648731957,4.31497973937193,4.31497973937193,4.062126159667969,4.225139141082764,-0.08984059828916635,-0.08984059828916635,-0.03484348906398793,22_music,music,C_3000
FN,31,,56,4.096969648731957,4.3159721573534355,4.3159721573534355,,,,,,22_music,music,C_3000
TP,32,39,44,4.3159721573534355,4.730977217322306,5.147980524307992,4.294841289520264,4.710000038146973,-0.020977179175333482,-0.4379804861610195,-0.021130867833171862,22_music,music,C_3000
TP,33,38,49,4.318976233405561,4.731969635303812,4.733967882320627,4.286348819732666,4.650000095367432,-0.08196953993638001,-0.0839677869531954,-0.03262741367289479,22_music,music,C_3000
FN,34,,49,4.733967882320627,5.143970619220557,5.148972942289498,,,,,,22_music,music,C_3000
TP,35,41,53,4.734973711355937,5.144976448255867,5.349964405652027,4.71337366104126,5.289999961853027,0.14502351359716048,-0.059964443798999234,-0.021600050314677155,22_music,music,C_3000
TP,36,44,61,4.734973711355937,5.144976448255867,5.347966158635211,4.728024482727051,5.119999885559082,-0.024976562696784832,-0.22796627307612916,-0.006949228628886139,22_music,music,C_3000
TP,37,45,44,5.147980524307992,5.346973740653706,5.384967256080811,5.122763156890869,5.309999942779541,-0.03697379787416466,-0.07496731330127027,-0.025217367417122993,22_music,music,C_3000
TP,38,46,49,5.148972942289498,5.347966158635211,5.3509702346873365,5.123116493225098,5.309999942779541,-0.03796621585567017,-0.04097029190779544,-0.02585644906439999,22_music,music,C_3000
FN,39,,61,5.347966158635211,5.560973926206242,5.560973926206242,,,,,,22_music,music,C_3000
TP,40,49,53,5.349964405652027,5.563978002258367,5.563978002258367,5.3023223876953125,5.570000171661377,0.006022169403009592,0.006022169403009592,-0.04764201795671408,22_music,music,C_3000
TP,41,50,49,5.3509702346873365,5.563978002258367,5.563978002258367,5.317527770996094,5.378605365753174,-0.18537263650519353,-0.18537263650519353,-0.03344246369124271,22_music,music,C_3000
TP,42,54,44,5.564970420239873,5.997973114413889,6.410979927365943,5.556825160980225,6.389999866485596,0.3920267520717067,-0.02098006088034765,-0.008145259259648263,22_music,music,C_3000
TP,43,53,49,5.564970420239873,5.998978943449199,5.998978943449199,5.544188022613525,5.920000076293945,-0.0789788671552536,-0.0789788671552536,-0.020782397626347482,22_music,music,C_3000
FN,44,,49,5.998978943449199,6.407975851313818,6.414976421399575,,,,,,22_music,music,C_3000
TP,45,57,51,6.001983019501324,6.410979927365943,6.620970207831046,6.051248073577881,6.579999923706055,0.16901999634011133,-0.04097028412499171,0.04926505407655668,22_music,music,C_3000
TP,46,56,54,6.001983019501324,6.408981680349128,6.621976036866356,5.985189437866211,6.539999961853027,0.13101828150389938,-0.08197607501332893,-0.01679358163511324,22_music,music,C_3000
TP,47,59,44,6.410979927365943,6.616973713797415,6.785966402783285,6.396113395690918,6.809999942779541,0.1930262289821263,0.024033539996255904,-0.014866531675025385,22_music,music,C_3000
TP,48,58,49,6.414976421399575,6.617979542832725,6.621976036866356,6.377187252044678,6.590000152587891,-0.02797939024483398,-0.03197588427846565,-0.03778916935489729,22_music,music,C_3000
TP,49,61,51,6.620970207831046,6.823973329264196,6.823973329264196,6.591672897338867,6.880000114440918,0.056026785176721994,0.056026785176721994,-0.029297310492179207,22_music,music,C_3000
TP,50,62,49,6.621976036866356,6.827969823297828,6.827969823297828,6.602557182312012,6.789999961853027,-0.0379698614448003,-0.0379698614448003,-0.019418854554344556,22_music,music,C_3000
FN,51,,54,6.621976036866356,6.828962241279333,6.828962241279333,,,,,,22_music,music,C_3000
TP,52,64,44,6.8309604882961485,7.251960289315466,7.667957767265842,6.821005821228027,7.619999885559082,0.3680395962436158,-0.0479578817067603,-0.009954667068121203,22_music,music,C_3000
TP,53,63,49,6.8309604882961485,7.251960289315466,7.2549643653675915,6.802611351013184,7.170000076293945,-0.0819602130215209,-0.08496428907364617,-0.028349137282964953,22_music,music,C_3000
TP,54,67,61,7.251960289315466,7.6639612732322115,7.870960888698991,7.255527973175049,7.800000190734863,0.13603891750265173,-0.07096069796412774,0.0035676838595826155,22_music,music,C_3000
TP,55,66,54,7.253958536332282,7.664967102267521,7.868962641682176,7.219377040863037,7.78000020980835,0.11503310754082818,-0.08896243187382602,-0.034581495469244494,22_music,music,C_3000
FN,56,,49,7.2549643653675915,7.666965349284337,7.667957767265842,,,,,,22_music,music,C_3000
TP,57,68,51,7.2549643653675915,7.664967102267521,7.870960888698991,7.275826454162598,7.820000171661377,0.15503306939385553,-0.05096071703761407,0.020862088795006173,22_music,music,C_3000
TP,58,70,44,7.667957767265842,7.867956812646866,7.937949102450632,7.628895282745361,8.069999694824219,0.202042882177353,0.13205059237358707,-0.039062484520481,22_music,music,C_3000
TP,59,69,49,7.667957767265842,7.867956812646866,7.870960888698991,7.628881454467773,7.829999923706055,-0.03795688894081106,-0.04096096499293633,-0.03907631279806889,22_music,music,C_3000
FN,60,,54,7.868962641682176,8.080964580217898,8.080964580217898,,,,,,22_music,music,C_3000
TP,61,74,49,7.870960888698991,8.08395524521622,8.08395524521622,7.840096473693848,7.918356418609619,-0.16559882660660108,-0.16559882660660108,-0.030864415005143364,22_music,music,C_3000
TP,62,73,51,7.870960888698991,8.081956998199404,8.081956998199404,7.833953380584717,8.109999656677246,0.028042658477842153,0.028042658477842153,-0.037007508114274223,22_music,music,C_3000
FN,63,,61,7.870960888698991,8.081956998199404,8.081956998199404,,,,,,22_music,music,C_3000
TP,64,76,44,8.08395524521622,8.528960832544936,8.977962913907284,8.075176239013672,8.960000038146973,0.4310392056020369,-0.017962875760311192,-0.008779006202548345,22_music,music,C_3000
TP,65,75,49,8.084961074251531,8.528960832544936,8.532957326578568,8.071564674377441,8.460000038146973,-0.0689607943979631,-0.07295728843159566,-0.013396399874089582,22_music,music,C_3000
TP,66,78,53,8.529966661580247,8.976957084871973,9.428963242286446,8.518518447875977,9.399999618530273,0.42304253365830036,-0.028963623756173007,-0.01144821370426996,22_music,music,C_3000
TP,67,80,61,8.529966661580247,8.975964666890468,9.431953907284768,8.526665687561035,9.430000305175781,0.4540356382853137,-0.001953602108986985,-0.003300974019211367,22_music,music,C_3000
FN,68,,49,8.532957326578568,8.976957084871973,8.9799611609241,,,,,,22_music,music,C_3000
TP,69,82,44,8.977962913907284,9.427957413251136,9.889954805749689,8.966732025146484,9.430000305175781,0.0020428919246455735,-0.4599545005739074,-0.011230888760799473,22_music,music,C_3000
FN,70,,49,8.9799611609241,9.428963242286446,9.432959736320079,,,,,,22_music,music,C_3000
TP,71,84,53,9.428963242286446,9.886950729697562,10.342953381145668,9.405740737915039,9.829999923706055,-0.056950805991506925,-0.5129534574396128,-0.023222504371407382,22_music,music,C_3000
TP,72,87,61,9.431953907284768,9.886950729697562,10.341947552110357,9.44438648223877,9.84000015258789,-0.04695057710967099,-0.5019473995224661,0.012432574954001296,22_music,music,C_3000
FN,73,,49,9.432959736320079,9.887956558732872,9.890947223731194,,,,,,22_music,music,C_3000
TP,74,91,44,9.889954805749689,10.337951058076724,10.807941438642539,9.864489555358887,10.789999961853027,0.45204890377630313,-0.017941476789511412,-0.02546525039080194,22_music,music,C_3000
FN,75,,49,9.890947223731194,10.338956887112035,10.342953381145668,,,,,,22_music,music,C_3000
FP,,2,49,,,,0.9002353549003601,1.3300000429153442,,,,22_music,music,C_3000
FP,,7,56,,,,1.3677126169204712,1.3799999952316284,,,,22_music,music,C_3000
FP,,8,54,,,,1.4994709491729736,1.7852932214736938,,,,22_music,music,C_3000
FP,,10,61,,,,1.5572959184646606,1.771166205406189,,,,22_music,music,C_3000
FP,,12,49,,,,1.7424943447113037,2.1500000953674316,,,,22_music,music,C_3000
FP,,14,49,,,,2.157114267349243,2.5799999237060547,,,,22_music,music,C_3000
FP,,15,54,,,,2.1577584743499756,2.75,,,,22_music,music,C_3000
FP,,19,61,,,,2.5971450805664062,2.7699999809265137,,,,22_music,music,C_3000
FP,,20,56,,,,2.6156389713287354,2.630000114440918,,,,22_music,music,C_3000
FP,,22,54,,,,2.7552216053009033,3.0367980003356934,,,,22_music,music,C_3000
FP,,27,56,,,,3.041050910949707,3.4700000286102295,,,,22_music,music,C_3000
FP,,29,49,,,,3.4173381328582764,3.859999895095825,,,,22_music,music,C_3000
FP,,34,56,,,,4.025010108947754,4.225496768951416,,,,22_music,music,C_3000
FP,,35,44,,,,4.06157922744751,4.224548816680908,,,,22_music,music,C_3000
FP,,40,49,,,,4.664820671081543,5.110000133514404,,,,22_music,music,C_3000
FP,,42,44,,,,4.715813159942627,5.110000133514404,,,,22_music,music,C_3000
FP,,43,73,,,,4.726606369018555,5.389999866485596,,,,22_music,music,C_3000
FP,,47,61,,,,5.1275858879089355,5.269999980926514,,,,22_music,music,C_3000
FP,,48,61,,,,5.284287929534912,5.3568315505981445,,,,22_music,music,C_3000
FP,,51,44,,,,5.322235584259033,5.367055892944336,,,,22_music,music,C_3000
FP,,52,56,,,,5.540246963500977,5.550000190734863,,,,22_music,music,C_3000
FP,,55,49,,,,5.933936595916748,6.369999885559082,,,,22_music,music,C_3000
FP,,60,54,,,,6.546087741851807,6.733420372009277,,,,22_music,music,C_3000
FP,,65,49,,,,7.1844072341918945,7.619999885559082,,,,22_music,music,C_3000
FP,,71,54,,,,7.7904133796691895,8.09000015258789,,,,22_music,music,C_3000
FP,,72,61,,,,7.813401699066162,7.912504196166992,,,,22_music,music,C_3000
FP,,77,49,,,,8.473104476928711,8.899999618530273,,,,22_music,music,C_3000
FP,,79,73,,,,8.52459716796875,9.430000305175781,,,,22_music,music,C_3000
FP,,81,49,,,,8.913331031799316,9.359999656677246,,,,22_music,music,C_3000
FP,,83,49,,,,9.365143775939941,9.819999694824219,,,,22_music,music,C_3000
FP,,85,44,,,,9.435338973999023,9.850000381469727,,,,22_music,music,C_3000
FP,,86,73,,,,9.438533782958984,10.84000015258789,,,,22_music,music,C_3000
FP,,88,49,,,,9.826654434204102,10.260000228881836,,,,22_music,music,C_3000
FP,,89,53,,,,9.838515281677246,10.3100004196167,,,,22_music,music,C_3000
FP,,90,61,,,,9.854881286621094,10.3100004196167,,,,22_music,music,C_3000
TP,0,1,44,0.5199867891476181,0.950991236304819,1.3679945432905058,0.5568907260894775,1.350000023841858,0.39900878753703894,-0.01799451944864794,0.03690393694185945,22_music,music,D_no_cap
TP,1,0,49,0.5239832831812495,0.9549877303384504,0.957991806390576,0.5178998112678528,0.8899999856948853,-0.06498774464356516,-0.06799182069569076,-0.006083471913396754,22_music,music,D_no_cap
TP,2,3,54,0.9549877303384504,1.3639980492568744,1.5789906527909179,0.9111367464065552,1.4900000095367432,0.12600196027986876,-0.08899064325417472,-0.04385098393189524,22_music,music,D_no_cap
TP,3,4,58,0.9559935593737603,1.3639980492568744,1.5789906527909179,0.9873978495597839,1.5499999523162842,0.18600190305940978,-0.0289907004746337,0.03140429018602364,22_music,music,D_no_cap
FN,4,,49,0.957991806390576,1.3649904672383801,1.3679945432905058,,,,,,22_music,music,D_no_cap
TP,5,6,44,1.3679945432905058,1.5709842536698508,1.7919850093081455,1.3637607097625732,1.8300000429153442,0.2590157892454934,0.03801503360719871,-0.004233833527932607,22_music,music,D_no_cap
TP,6,5,49,1.3679945432905058,1.5739883297219766,1.577984823755608,1.3424046039581299,1.5399999618530273,-0.03398836786894921,-0.03798486190258066,-0.025589939332375966,22_music,music,D_no_cap
TP,7,9,49,1.577984823755608,1.7869960972930083,1.7939832563249611,1.553269624710083,1.7300000190734863,-0.05699607821952202,-0.06398323725147481,-0.024715199045524994,22_music,music,D_no_cap
FN,8,,54,1.5789906527909179,1.787988515274514,1.794989085360271,,,,,,22_music,music,D_no_cap
TP,9,11,58,1.5789906527909179,1.7909925913266398,1.794989085360271,1.564231514930725,1.7851694822311401,-0.005823109095499657,-0.009819603129130883,-0.014759137860192784,22_music,music,D_no_cap
TP,10,13,44,1.7919850093081455,2.2079958983123262,2.6239933762627032,1.8351235389709473,2.619999885559082,0.4120039872467558,-0.003993490703621205,0.04313852966280174,22_music,music,D_no_cap
FN,11,,49,1.7939832563249611,2.208988316293832,2.210986563310648,,,,,,22_music,music,D_no_cap
FN,12,,54,2.208988316293832,2.6169928061769463,2.83097958067568,,,,,,22_music,music,D_no_cap
TP,13,16,61,2.209994145329142,2.6209893002105775,2.829987162694174,2.2147557735443115,2.5899999141693115,-0.030989386041266,-0.23998724852486264,0.0047616282151694556,22_music,music,D_no_cap
FN,14,,49,2.210986563310648,2.6219951292458874,2.6239933762627032,,,,,,22_music,music,D_no_cap
TP,15,17,58,2.210986563310648,2.6209893002105775,2.83097958067568,2.23641300201416,2.7799999713897705,0.15901067117919299,-0.05097960928590961,0.025426438703512133,22_music,music,D_no_cap
TP,16,21,44,2.6239933762627032,2.8269830866420484,2.8619859370708336,2.625939130783081,2.873044729232788,0.04606164259073964,0.01105879216195449,0.0019457545203778182,22_music,music,D_no_cap
TP,17,18,49,2.6239933762627032,2.8279889156773583,2.83097958067568,2.5930685997009277,2.7899999618530273,-0.037988953824330984,-0.040979618822652775,-0.030924776561775502,22_music,music,D_no_cap
TP,18,23,61,2.829987162694174,3.040983272194586,3.040983272194586,2.783116340637207,3.069999933242798,0.029016661048211656,0.029016661048211656,-0.04687082205696713,22_music,music,D_no_cap
TP,19,25,49,2.83097958067568,3.044993177282022,3.044993177282022,2.795055627822876,2.875612735748291,-0.16938044153373077,-0.16938044153373077,-0.03592395285280414,22_music,music,D_no_cap
FN,20,,54,2.83097958067568,3.044993177282022,3.044993177282022,,,,,,22_music,music,D_no_cap
TP,21,24,58,2.83097958067568,3.044993177282022,3.044993177282022,2.786203384399414,3.059999942779541,0.015006765497519226,0.015006765497519226,-0.044776196276266056,22_music,music,D_no_cap
TP,22,28,44,3.0469914242988376,3.4709818903164775,3.891981691335796,3.0643959045410156,3.859999895095825,0.38901800477934767,-0.03198179623997088,0.017404480242178,22_music,music,D_no_cap
TP,23,26,49,3.0479838422803436,3.4719877193517874,3.474978384350109,3.034008741378784,3.4100000858306885,-0.06198763352109893,-0.06497829851942072,-0.0139751009015594,22_music,music,D_no_cap
TP,24,30,53,3.4739859663686032,3.890975862300486,4.096969648731957,3.4738571643829346,4.050000190734863,0.15902432843437708,-0.0469694579970934,-0.00012880198566866952,22_music,music,D_no_cap
FN,25,,49,3.474978384350109,3.891981691335796,3.8949723563341174,,,,,,22_music,music,D_no_cap
TP,26,31,56,3.474978384350109,3.890975862300486,4.096969648731957,3.4764904975891113,4.019999980926514,0.12902411862602747,-0.07696966780544301,0.001512113239002133,22_music,music,D_no_cap
TP,27,33,44,3.891981691335796,4.089982489700004,4.282980964995271,3.8686506748199463,4.050000190734863,-0.03998229896514083,-0.2329807742604073,-0.02333101651584979,22_music,music,D_no_cap
TP,28,32,49,3.8949723563341174,4.094971401715141,4.094971401715141,3.8684117794036865,4.050000190734863,-0.04497121098027801,-0.04497121098027801,-0.0265605769304309,22_music,music,D_no_cap
TP,29,37,49,4.094971401715141,4.31497973937193,4.31497973937193,4.063360214233398,4.260000228881836,-0.054979510490094086,-0.054979510490094086,-0.03161118748174285,22_music,music,D_no_cap
TP,30,36,53,4.096969648731957,4.31497973937193,4.31497973937193,4.062126159667969,4.225139141082764,-0.08984059828916635,-0.08984059828916635,-0.03484348906398793,22_music,music,D_no_cap
FN,31,,56,4.096969648731957,4.3159721573534355,4.3159721573534355,,,,,,22_music,music,D_no_cap
TP,32,39,44,4.3159721573534355,4.730977217322306,5.147980524307992,4.294841289520264,4.710000038146973,-0.020977179175333482,-0.4379804861610195,-0.021130867833171862,22_music,music,D_no_cap
TP,33,38,49,4.318976233405561,4.731969635303812,4.733967882320627,4.286348819732666,4.650000095367432,-0.08196953993638001,-0.0839677869531954,-0.03262741367289479,22_music,music,D_no_cap
FN,34,,49,4.733967882320627,5.143970619220557,5.148972942289498,,,,,,22_music,music,D_no_cap
TP,35,41,53,4.734973711355937,5.144976448255867,5.349964405652027,4.71337366104126,5.289999961853027,0.14502351359716048,-0.059964443798999234,-0.021600050314677155,22_music,music,D_no_cap
TP,36,44,61,4.734973711355937,5.144976448255867,5.347966158635211,4.728024482727051,5.119999885559082,-0.024976562696784832,-0.22796627307612916,-0.006949228628886139,22_music,music,D_no_cap
TP,37,45,44,5.147980524307992,5.346973740653706,5.384967256080811,5.122763156890869,5.309999942779541,-0.03697379787416466,-0.07496731330127027,-0.025217367417122993,22_music,music,D_no_cap
TP,38,46,49,5.148972942289498,5.347966158635211,5.3509702346873365,5.123116493225098,5.309999942779541,-0.03796621585567017,-0.04097029190779544,-0.02585644906439999,22_music,music,D_no_cap
FN,39,,61,5.347966158635211,5.560973926206242,5.560973926206242,,,,,,22_music,music,D_no_cap
TP,40,49,53,5.349964405652027,5.563978002258367,5.563978002258367,5.3023223876953125,5.570000171661377,0.006022169403009592,0.006022169403009592,-0.04764201795671408,22_music,music,D_no_cap
TP,41,50,49,5.3509702346873365,5.563978002258367,5.563978002258367,5.317527770996094,5.378605365753174,-0.18537263650519353,-0.18537263650519353,-0.03344246369124271,22_music,music,D_no_cap
TP,42,54,44,5.564970420239873,5.997973114413889,6.410979927365943,5.556825160980225,6.389999866485596,0.3920267520717067,-0.02098006088034765,-0.008145259259648263,22_music,music,D_no_cap
TP,43,53,49,5.564970420239873,5.998978943449199,5.998978943449199,5.544188022613525,5.920000076293945,-0.0789788671552536,-0.0789788671552536,-0.020782397626347482,22_music,music,D_no_cap
FN,44,,49,5.998978943449199,6.407975851313818,6.414976421399575,,,,,,22_music,music,D_no_cap
TP,45,57,51,6.001983019501324,6.410979927365943,6.620970207831046,6.051248073577881,6.579999923706055,0.16901999634011133,-0.04097028412499171,0.04926505407655668,22_music,music,D_no_cap
TP,46,56,54,6.001983019501324,6.408981680349128,6.621976036866356,5.985189437866211,6.539999961853027,0.13101828150389938,-0.08197607501332893,-0.01679358163511324,22_music,music,D_no_cap
TP,47,59,44,6.410979927365943,6.616973713797415,6.785966402783285,6.396113395690918,6.809999942779541,0.1930262289821263,0.024033539996255904,-0.014866531675025385,22_music,music,D_no_cap
TP,48,58,49,6.414976421399575,6.617979542832725,6.621976036866356,6.377187252044678,6.590000152587891,-0.02797939024483398,-0.03197588427846565,-0.03778916935489729,22_music,music,D_no_cap
TP,49,61,51,6.620970207831046,6.823973329264196,6.823973329264196,6.591672897338867,6.880000114440918,0.056026785176721994,0.056026785176721994,-0.029297310492179207,22_music,music,D_no_cap
TP,50,62,49,6.621976036866356,6.827969823297828,6.827969823297828,6.602557182312012,6.789999961853027,-0.0379698614448003,-0.0379698614448003,-0.019418854554344556,22_music,music,D_no_cap
FN,51,,54,6.621976036866356,6.828962241279333,6.828962241279333,,,,,,22_music,music,D_no_cap
TP,52,64,44,6.8309604882961485,7.251960289315466,7.667957767265842,6.821005821228027,7.619999885559082,0.3680395962436158,-0.0479578817067603,-0.009954667068121203,22_music,music,D_no_cap
TP,53,63,49,6.8309604882961485,7.251960289315466,7.2549643653675915,6.802611351013184,7.170000076293945,-0.0819602130215209,-0.08496428907364617,-0.028349137282964953,22_music,music,D_no_cap
TP,54,67,61,7.251960289315466,7.6639612732322115,7.870960888698991,7.255527973175049,7.800000190734863,0.13603891750265173,-0.07096069796412774,0.0035676838595826155,22_music,music,D_no_cap
TP,55,66,54,7.253958536332282,7.664967102267521,7.868962641682176,7.219377040863037,7.78000020980835,0.11503310754082818,-0.08896243187382602,-0.034581495469244494,22_music,music,D_no_cap
FN,56,,49,7.2549643653675915,7.666965349284337,7.667957767265842,,,,,,22_music,music,D_no_cap
TP,57,68,51,7.2549643653675915,7.664967102267521,7.870960888698991,7.275826454162598,7.820000171661377,0.15503306939385553,-0.05096071703761407,0.020862088795006173,22_music,music,D_no_cap
TP,58,70,44,7.667957767265842,7.867956812646866,7.937949102450632,7.628895282745361,8.069999694824219,0.202042882177353,0.13205059237358707,-0.039062484520481,22_music,music,D_no_cap
TP,59,69,49,7.667957767265842,7.867956812646866,7.870960888698991,7.628881454467773,7.829999923706055,-0.03795688894081106,-0.04096096499293633,-0.03907631279806889,22_music,music,D_no_cap
FN,60,,54,7.868962641682176,8.080964580217898,8.080964580217898,,,,,,22_music,music,D_no_cap
TP,61,74,49,7.870960888698991,8.08395524521622,8.08395524521622,7.840096473693848,7.918356418609619,-0.16559882660660108,-0.16559882660660108,-0.030864415005143364,22_music,music,D_no_cap
TP,62,73,51,7.870960888698991,8.081956998199404,8.081956998199404,7.833953380584717,8.109999656677246,0.028042658477842153,0.028042658477842153,-0.037007508114274223,22_music,music,D_no_cap
FN,63,,61,7.870960888698991,8.081956998199404,8.081956998199404,,,,,,22_music,music,D_no_cap
TP,64,76,44,8.08395524521622,8.528960832544936,8.977962913907284,8.075176239013672,8.960000038146973,0.4310392056020369,-0.017962875760311192,-0.008779006202548345,22_music,music,D_no_cap
TP,65,75,49,8.084961074251531,8.528960832544936,8.532957326578568,8.071564674377441,8.460000038146973,-0.0689607943979631,-0.07295728843159566,-0.013396399874089582,22_music,music,D_no_cap
TP,66,78,53,8.529966661580247,8.976957084871973,9.428963242286446,8.518518447875977,9.399999618530273,0.42304253365830036,-0.028963623756173007,-0.01144821370426996,22_music,music,D_no_cap
TP,67,80,61,8.529966661580247,8.975964666890468,9.431953907284768,8.526665687561035,9.430000305175781,0.4540356382853137,-0.001953602108986985,-0.003300974019211367,22_music,music,D_no_cap
FN,68,,49,8.532957326578568,8.976957084871973,8.9799611609241,,,,,,22_music,music,D_no_cap
TP,69,82,44,8.977962913907284,9.427957413251136,9.889954805749689,8.966732025146484,9.430000305175781,0.0020428919246455735,-0.4599545005739074,-0.011230888760799473,22_music,music,D_no_cap
FN,70,,49,8.9799611609241,9.428963242286446,9.432959736320079,,,,,,22_music,music,D_no_cap
TP,71,84,53,9.428963242286446,9.886950729697562,10.342953381145668,9.405740737915039,9.829999923706055,-0.056950805991506925,-0.5129534574396128,-0.023222504371407382,22_music,music,D_no_cap
TP,72,87,61,9.431953907284768,9.886950729697562,10.341947552110357,9.44438648223877,9.84000015258789,-0.04695057710967099,-0.5019473995224661,0.012432574954001296,22_music,music,D_no_cap
FN,73,,49,9.432959736320079,9.887956558732872,9.890947223731194,,,,,,22_music,music,D_no_cap
TP,74,91,44,9.889954805749689,10.337951058076724,10.807941438642539,9.864489555358887,10.789999961853027,0.45204890377630313,-0.017941476789511412,-0.02546525039080194,22_music,music,D_no_cap
FN,75,,49,9.890947223731194,10.338956887112035,10.342953381145668,,,,,,22_music,music,D_no_cap
FP,,2,49,,,,0.9002353549003601,1.3300000429153442,,,,22_music,music,D_no_cap
FP,,7,56,,,,1.3677126169204712,1.3799999952316284,,,,22_music,music,D_no_cap
FP,,8,54,,,,1.4994709491729736,1.7852932214736938,,,,22_music,music,D_no_cap
FP,,10,61,,,,1.5572959184646606,1.771166205406189,,,,22_music,music,D_no_cap
FP,,12,49,,,,1.7424943447113037,2.1500000953674316,,,,22_music,music,D_no_cap
FP,,14,49,,,,2.157114267349243,2.5799999237060547,,,,22_music,music,D_no_cap
FP,,15,54,,,,2.1577584743499756,2.75,,,,22_music,music,D_no_cap
FP,,19,61,,,,2.5971450805664062,2.7699999809265137,,,,22_music,music,D_no_cap
FP,,20,56,,,,2.6156389713287354,2.630000114440918,,,,22_music,music,D_no_cap
FP,,22,54,,,,2.7552216053009033,3.0367980003356934,,,,22_music,music,D_no_cap
FP,,27,56,,,,3.041050910949707,3.4700000286102295,,,,22_music,music,D_no_cap
FP,,29,49,,,,3.4173381328582764,3.859999895095825,,,,22_music,music,D_no_cap
FP,,34,56,,,,4.025010108947754,4.225496768951416,,,,22_music,music,D_no_cap
FP,,35,44,,,,4.06157922744751,4.224548816680908,,,,22_music,music,D_no_cap
FP,,40,49,,,,4.664820671081543,5.110000133514404,,,,22_music,music,D_no_cap
FP,,42,44,,,,4.715813159942627,5.110000133514404,,,,22_music,music,D_no_cap
FP,,43,73,,,,4.726606369018555,5.389999866485596,,,,22_music,music,D_no_cap
FP,,47,61,,,,5.1275858879089355,5.269999980926514,,,,22_music,music,D_no_cap
FP,,48,61,,,,5.284287929534912,5.3568315505981445,,,,22_music,music,D_no_cap
FP,,51,44,,,,5.322235584259033,5.367055892944336,,,,22_music,music,D_no_cap
FP,,52,56,,,,5.540246963500977,5.550000190734863,,,,22_music,music,D_no_cap
FP,,55,49,,,,5.933936595916748,6.369999885559082,,,,22_music,music,D_no_cap
FP,,60,54,,,,6.546087741851807,6.733420372009277,,,,22_music,music,D_no_cap
FP,,65,49,,,,7.1844072341918945,7.619999885559082,,,,22_music,music,D_no_cap
FP,,71,54,,,,7.7904133796691895,8.09000015258789,,,,22_music,music,D_no_cap
FP,,72,61,,,,7.813401699066162,7.912504196166992,,,,22_music,music,D_no_cap
FP,,77,49,,,,8.473104476928711,8.899999618530273,,,,22_music,music,D_no_cap
FP,,79,73,,,,8.52459716796875,9.430000305175781,,,,22_music,music,D_no_cap
FP,,81,49,,,,8.913331031799316,9.359999656677246,,,,22_music,music,D_no_cap
FP,,83,49,,,,9.365143775939941,9.819999694824219,,,,22_music,music,D_no_cap
FP,,85,44,,,,9.435338973999023,9.850000381469727,,,,22_music,music,D_no_cap
FP,,86,73,,,,9.438533782958984,10.84000015258789,,,,22_music,music,D_no_cap
FP,,88,49,,,,9.826654434204102,10.260000228881836,,,,22_music,music,D_no_cap
FP,,89,53,,,,9.838515281677246,10.3100004196167,,,,22_music,music,D_no_cap
FP,,90,61,,,,9.854881286621094,10.3100004196167,,,,22_music,music,D_no_cap
TP,0,1,36,0.5259815301980652,3.329079530014954,3.329079530014954,0.5262801051139832,0.6499999761581421,-2.6790795538568117,-2.6790795538568117,0.000298574915918004,23_music,music,A_600
TP,1,2,48,0.5259815301980652,0.6139848652607807,0.6139848652607807,0.5281620025634766,0.6100000143051147,-0.0039848509556659195,-0.0039848509556659195,0.002180472365411412,23_music,music,A_600
TP,2,3,48,0.6139848652607807,3.224084389782403,3.2280808838160344,0.6207243204116821,0.7599999904632568,-2.4640843993191464,-2.4680808933527776,0.006739455150901463,23_music,music,A_600
TP,3,4,55,0.6939952122562334,0.7819985473189489,3.134082807702872,0.6971903443336487,3.130000114440918,2.348001567121969,-0.004082693261953985,0.003195132077415286,23_music,music,A_600
TP,4,5,60,0.7830043763542588,0.8690094644001587,0.9570127994628742,0.7877418994903564,0.9399999976158142,0.07099053321565552,-0.01701280184706,0.004737523136097654,23_music,music,A_600
TP,5,6,64,0.8690094644001587,0.9560069704275643,2.952081396526994,0.8669558167457581,2.950000047683716,1.9939930772561514,-0.0020813488432782634,-0.0020536476544006366,23_music,music,A_600
TP,6,7,60,0.9570127994628742,1.0400138114566484,2.86807455549791,0.9481654167175293,1.1200000047683716,0.07998619331172319,-1.7480745507295383,-0.008847382745344912,23_music,music,A_600
TP,7,8,67,1.0450161345255897,1.1320136405529952,2.7730706503494376,1.0432051420211792,2.7699999809265137,1.6379863403735184,-0.0030706694229238884,-0.0018109925044105246,23_music,music,A_600
TP,8,10,72,1.1320136405529952,1.2160204815820794,1.3000273226111636,1.1350040435791016,1.2799999713897705,0.06397948980769108,-0.020027351221393097,0.002990403026106314,23_music,music,A_600
TP,9,11,76,1.2160204815820794,1.2990214935758537,2.594073315225685,1.218956708908081,2.5899999141693115,1.2909784205934578,-0.004073401056373438,0.002936227326001628,23_music,music,A_600
TP,10,12,72,1.3000273226111636,1.3870248286385691,2.507062398144475,1.2940443754196167,2.5,1.1129751713614309,-0.007062398144475068,-0.005982947191546906,23_music,music,A_600
TP,11,13,79,1.388030657673879,1.4710316696676533,2.4270788732566304,1.3932080268859863,2.4200000762939453,0.948968406626292,-0.007078796962685097,0.005177369212107319,23_music,music,A_600
TP,12,14,84,1.4750281637012848,1.559035004730369,1.6470383397930843,1.477866291999817,1.6399999856948853,0.08096498096451632,-0.007038354098199084,0.0028381282985321388,23_music,music,A_600
TP,13,15,88,1.559035004730369,1.6460325107577745,2.2520646211127047,1.5605367422103882,2.240000009536743,0.5939674987789687,-0.012064611575961504,0.0015017374800192496,23_music,music,A_600
TP,14,16,84,1.6470383397930843,1.7340358458204899,2.1640612860499893,1.6492496728897095,2.1500000953674316,0.4159642495469418,-0.014061190682557623,0.0022113330966251343,23_music,music,A_600
TP,15,17,91,1.7350416748557997,1.8210467629016995,2.0780561980040893,1.733665108680725,2.059999942779541,0.23895317987784148,-0.018056255224548234,-0.001376566175074645,23_music,music,A_600
TP,16,18,96,1.8210467629016995,1.908044268929105,1.9900528629413734,1.8242422342300415,1.9800000190734863,0.07195575014438127,-0.010052843867887074,0.00319547132834197,23_music,music,A_600
TP,17,19,100,1.909050097964415,1.9890604449598677,3.253092499160741,1.9073599576950073,3.2066292762756348,1.217568831315767,-0.04646322288510607,-0.001690140269407614,23_music,music,A_600
TP,18,20,96,1.9900528629413734,2.0770637800225833,3.253092499160741,1.9872171878814697,3.208730936050415,1.1316671560278317,-0.0443615631103258,-0.002835675059903675,23_music,music,A_600
TP,19,21,91,2.0780561980040893,2.1640612860499893,3.253092499160741,2.0715510845184326,3.20961332321167,1.0455520371616807,-0.043479175949070914,-0.006505113485656633,23_music,music,A_600
TP,20,22,84,2.1640612860499893,2.2520646211127047,2.3400679561754205,2.164767265319824,2.3299999237060547,0.07793530259335002,-0.010068032469365829,0.0007059792698349554,23_music,music,A_600
TP,21,23,88,2.2520646211127047,2.3390755381939146,3.253092499160741,2.2536134719848633,3.2092349529266357,0.8701594147327212,-0.043857546234105094,0.0015488508721586136,23_music,music,A_600
TP,22,24,84,2.3400679561754205,2.423068968169195,3.253092499160741,2.3386995792388916,3.2093989849090576,0.7863300167398628,-0.04369351425168322,-0.0013683769365289145,23_music,music,A_600
TP,23,25,79,2.4270788732566304,2.507062398144475,3.253092499160741,2.4315977096557617,3.2088685035705566,0.7018061054260816,-0.044223995590184195,0.00451883639913131,23_music,music,A_600
TP,24,26,72,2.507062398144475,2.5910692391735592,2.686073144322032,2.514909029006958,2.680000066757202,0.0889308275836429,-0.006073077564829887,0.00784663086248294,23_music,music,A_600
TP,25,27,76,2.594073315225685,2.685067315286722,3.253092499160741,2.597788095474243,3.2071242332458496,0.5220569179591275,-0.045968265914891226,0.0037147802485582027,23_music,music,A_600
TP,26,28,72,2.686073144322032,2.7730706503494376,3.253092499160741,2.6875,3.20868182182312,0.43561117147368256,-0.04441067733762072,0.0014268556779679642,23_music,music,A_600
TP,27,29,67,2.7730706503494376,2.86807455549791,3.253092499160741,2.7785589694976807,3.207704544067383,0.3396299885694729,-0.04538795509335802,0.005488319148243104,23_music,music,A_600
TP,28,30,60,2.86807455549791,2.951075567491684,3.0470853016754664,2.8734233379364014,3.0399999618530273,0.08892439436134314,-0.007085339822439085,0.005348782438491462,23_music,music,A_600
TP,29,31,64,2.952081396526994,3.0460794726401565,3.253092499160741,2.9555351734161377,3.207329034805298,0.1612495621651413,-0.045763464355442984,0.0034537768891436116,23_music,music,A_600
TP,30,32,60,3.0470853016754664,3.134082807702872,3.253092499160741,3.0485565662384033,3.205995559692383,0.07191275198951086,-0.04709693946835802,0.0014712645629368915,23_music,music,A_600
TP,31,33,55,3.134082807702872,3.225090218817713,3.253092499160741,3.14335560798645,3.209777355194092,-0.015312863623621276,-0.04331514396664904,0.009272800283578242,23_music,music,A_600
TP,32,34,48,3.2280808838160344,3.3300853590502637,3.3300853590502637,3.2286527156829834,3.2899999618530273,-0.04008539719723636,-0.04008539719723636,0.0005718318669489797,23_music,music,A_600
TP,33,36,29,3.333076024048585,4.751107209082307,4.751107209082307,3.335688829421997,6.019786834716797,1.2686796256344897,1.2686796256344897,0.0026128053734120193,23_music,music,A_600
TP,34,35,41,3.334081853083895,4.754097874080629,4.754097874080629,3.3355231285095215,5.639999866485596,0.8859019924049667,0.8859019924049667,0.0014412754256265536,23_music,music,A_600
TP,35,37,48,3.417069454023865,3.5040803711050748,4.6310916885891285,3.4161734580993652,4.340000152587891,0.8359197814828159,-0.2910915360012378,-0.0008959959244996263,23_music,music,A_600
TP,36,38,57,3.5050727890865807,3.595074371166112,4.6310916885891285,3.5105483531951904,4.574379920959473,0.9793055497933607,-0.056711767629655796,0.005475564108609721,23_music,music,A_600
TP,37,39,60,3.596080200201422,3.6830777062288274,3.7740851173436685,3.6066789627075195,3.759999990463257,0.07692228423442948,-0.014085126880411636,0.010598762506097703,23_music,music,A_600
TP,38,40,65,3.6870742002624586,3.7710810412915428,4.6310916885891285,3.68694806098938,4.670000076293945,0.8989190350024026,0.03890838770481686,-0.00012613927307869588,23_music,music,A_600
TP,39,41,60,3.7740851173436685,3.8510779772331913,4.6310916885891285,3.771932363510132,4.574777126312256,0.7236991490790645,-0.05631456227687259,-0.002152753833536636,23_music,music,A_600
TP,40,42,69,3.8550744712668226,3.945076053346354,4.6310916885891285,3.8580551147460938,4.576929092407227,0.6318530390608728,-0.05416259618190189,0.0029806434792711833,23_music,music,A_600
TP,41,43,72,3.9460818823816637,4.033079388409069,4.121082723471785,3.956278085708618,4.110000133514404,0.07692074510533509,-0.011082589957380762,0.010196203326954478,23_music,music,A_600
TP,42,44,77,4.033079388409069,4.121082723471785,4.6310916885891285,4.0411696434021,4.670000076293945,0.5489173528221603,0.03890838770481686,0.008090254993030399,23_music,music,A_600
TP,43,45,72,4.121082723471785,4.204083735465559,4.6310916885891285,4.115929126739502,4.860000133514404,0.6559163980488449,0.22890844492527584,-0.0051535967322831056,23_music,music,A_600
TP,44,46,81,4.209086058534501,4.299087640614032,4.6310916885891285,4.216033458709717,4.679999828338623,0.3809121877245909,0.048908139749494595,0.00694740017521589,23_music,music,A_600
TP,45,47,84,4.302091716666157,4.387090975676747,4.478098386791588,4.306614398956299,4.46999979019165,0.08290881451490328,-0.008098596599937835,0.004522682290141411,23_music,music,A_600
TP,46,48,89,4.387090975676747,4.477092557756278,4.6310916885891285,4.385801315307617,6.0,1.5229074422437217,1.3689083114108715,-0.001289660369129919,23_music,music,A_600
TP,47,49,84,4.478098386791588,4.565095892818994,4.6310916885891285,4.4846882820129395,5.010000228881836,0.44490433606284174,0.3789085402927075,0.006589895221351227,23_music,music,A_600
TP,48,50,93,4.5680999688711195,4.660099797967466,4.660099797967466,4.570503234863281,4.920000076293945,0.2599002783264792,0.2599002783264792,0.002403265992161785,23_music,music,A_600
TP,49,51,96,4.661092215948972,4.754097874080629,4.754097874080629,4.660742282867432,4.829999923706055,0.07590204962542568,0.07590204962542568,-0.00034993308153996594,23_music,music,A_600
TP,50,54,30,4.758094368114261,6.168145976134523,6.168145976134523,4.76458215713501,6.021761894226074,-0.1463840819084492,-0.1463840819084492,0.006487789020749091,23_music,music,A_600
TP,51,53,100,4.758094368114261,4.838091304055909,6.077151976073487,4.75959587097168,6.039999961853027,1.2019086577971185,-0.03715201422045933,0.0015015028574190126,23_music,music,A_600
TP,52,52,42,4.7591001971495706,6.169151805169833,6.169151805169833,4.7573323249816895,6.039999961853027,-0.12915184331680596,-0.12915184331680596,-0.0017678721678811016,23_music,music,A_600
TP,53,55,96,4.839097133091219,4.925088810083315,6.077151976073487,4.840265274047852,6.020134449005127,1.0950456389218122,-0.05701752706835972,0.0011681409566328682,23_music,music,A_600
TP,54,56,93,4.926094639118625,5.013092145146031,6.077151976073487,4.930929660797119,6.039999961853027,1.0269078167069967,-0.03715201422045933,0.004835021678494478,23_music,music,A_600
TP,55,57,84,5.017102050233466,5.101095480208746,5.1890988152714606,5.015110969543457,5.179999828338623,0.07890434812987746,-0.009098986932837505,-0.0019910806900087508,23_music,music,A_600
TP,56,58,88,5.101095480208746,5.188106397289955,6.077151976073487,5.104628562927246,6.017475128173828,0.8293687308838731,-0.05967684789965855,0.003533082718500502,23_music,music,A_600
TP,57,59,84,5.1890988152714606,5.27510390331736,6.077151976073487,5.193615913391113,6.02441930770874,0.7493154043913801,-0.05273266836474644,0.004517098119652729,23_music,music,A_600
TP,58,60,81,5.27610973235267,5.363107238380076,6.077151976073487,5.284628391265869,6.024535655975342,0.6614284175952658,-0.052616320098144875,0.00851865891319914,23_music,music,A_600
TP,59,61,72,5.363107238380076,5.44811990844447,5.539113908505508,5.367877960205078,5.53000020980835,0.08188030136387958,-0.009113698697158057,0.0047707218250021555,23_music,music,A_600
TP,60,62,76,5.451110573442792,5.5341249964903705,6.077151976073487,5.4524688720703125,6.020050525665283,0.4859255291749127,-0.05710145040820347,0.001358298627520682,23_music,music,A_600
TP,61,63,72,5.539113908505508,5.626124825586717,6.077151976073487,5.537903308868408,6.023283004760742,0.39715817917402507,-0.053868971312744485,-0.0012105996370994632,23_music,music,A_600
TP,62,64,69,5.627117243568223,5.710131666615801,6.077151976073487,5.630065441131592,5.96999979019165,0.2598681235758491,-0.10715218588183628,0.0029481975633691704,23_music,music,A_600
TP,63,65,60,5.710131666615801,5.798135001678517,5.885132507705922,5.718755722045898,5.869999885559082,0.07186488388056489,-0.015132622146840191,0.008624055430097144,23_music,music,A_600
TP,64,67,62,5.798135001678517,5.884140089724417,6.077151976073487,5.8039960861206055,6.026782989501953,0.1426428997775364,-0.05036898657153355,0.005861084442088327,23_music,music,A_600
TP,65,68,60,5.885132507705922,5.972143424787132,6.077151976073487,5.88491678237915,6.050000190734863,0.07785676594773161,-0.02715178533862339,-0.00021572532677183176,23_music,music,A_600
TP,66,70,57,5.973135842768637,6.060146759849847,6.077151976073487,5.983855724334717,6.030274391174316,-0.029872368675530225,-0.046877584899170266,0.010719881566079614,23_music,music,A_600
TP,67,71,48,6.060146759849847,6.171150052186649,6.171150052186649,6.0676069259643555,6.21999979019165,0.0488497380050017,0.0488497380050017,0.007460166114508837,23_music,music,A_600
TP,68,73,31,6.172142470168154,6.875176732688374,7.575180097048857,6.182438373565674,7.519477367401123,0.6443006347127493,-0.05570272964773437,0.010295903397519623,23_music,music,A_600
TP,69,72,43,6.176138964201786,6.8781673976866955,7.575180097048857,6.1817121505737305,7.519975185394287,0.6418077877075916,-0.05520491165457031,0.005573186371944594,23_music,music,A_600
TP,70,74,47,6.263149881282995,6.3471567223120795,7.575180097048857,6.2693071365356445,7.520419597625732,1.173262875313653,-0.054760499423125,0.0061572552526492075,23_music,music,A_600
TP,71,76,55,6.350147387310401,6.438150722373117,7.575180097048857,6.355952739715576,7.51926326751709,1.0811125451439727,-0.055916829531767576,0.0058053524051748795,23_music,music,A_600
TP,72,77,59,6.438150722373117,6.521165145420696,6.616155639515364,6.443070888519287,7.53000020980835,1.0088350643876538,0.9138445702929854,0.004920166146169969,23_music,music,A_600
TP,73,79,62,6.522157563402201,6.616155639515364,7.575180097048857,6.532999038696289,7.519111633300781,0.902955993785417,-0.05606846374807617,0.010841475294087743,23_music,music,A_600
FN,74,,59,6.616155639515364,6.70415897457808,7.575180097048857,,,,,,23_music,music,A_600
TP,75,81,67,6.70415897457808,6.7911698916592895,7.575180097048857,6.710251808166504,7.518779754638672,0.7276098629793823,-0.056400342410185544,0.006092833588423829,23_music,music,A_600
TP,76,82,71,6.792162309640795,6.8781673976866955,6.970167226783043,6.79207181930542,6.960000038146973,0.08183264046027716,-0.010167188636070357,-9.04903353751152e-05,23_music,music,A_600
TP,77,84,74,6.882163891720327,6.970167226783043,7.575180097048857,6.886157035827637,7.159999847412109,0.18983262062906636,-0.41518024963674804,0.003993144107309554,23_music,music,A_600
TP,78,83,30,6.883169720755637,7.250176619159519,7.575180097048857,6.885395526885986,7.46999979019165,0.21982317103213145,-0.10518030685720703,0.0022258061303492838,23_music,music,A_600
TP,79,85,42,6.883169720755637,7.251182448194829,7.575180097048857,6.88724422454834,7.51861047744751,0.26742802925268094,-0.056569619601347654,0.004074503792702799,23_music,music,A_600
TP,80,86,71,6.970167226783043,7.065171131931516,7.575180097048857,6.967077732086182,7.519144535064697,0.45397340313318146,-0.056035561984160154,-0.0030894946968613723,23_music,music,A_600
TP,81,87,79,7.065171131931516,7.155172714011047,7.575180097048857,7.072920322418213,7.521328449249268,0.36615573523822054,-0.05385164779958984,0.007749190486697088,23_music,music,A_600
TP,82,88,83,7.158176790063172,7.251182448194829,7.344174695272681,7.165755748748779,7.340000152587891,0.0888177043930618,-0.004174542684790339,0.007578958685606985,23_music,music,A_600
TP,83,90,86,7.253180695211644,7.341184030274359,7.575180097048857,7.2550458908081055,7.519607067108154,0.17842303683379512,-0.05557302994070312,0.0018651955964612554,23_music,music,A_600
TP,84,91,28,7.25417311319315,7.628180581682788,7.628180581682788,7.2569122314453125,7.53000020980835,-0.09818037187443807,-0.09818037187443807,0.0027391182521627755,23_music,music,A_600
TP,85,92,40,7.25417311319315,7.628180581682788,7.628180581682788,7.258124828338623,7.539999961853027,-0.08818061982976033,-0.08818061982976033,0.003951715145473322,23_music,music,A_600
TP,86,93,83,7.344174695272681,7.435182106387522,7.575180097048857,7.351899147033691,7.539999961853027,0.10481785546550526,-0.035180135195830076,0.007724451761010442,23_music,music,A_600
TP,87,94,91,7.436174524369028,7.533176676534316,7.575180097048857,7.431824684143066,7.52420711517334,-0.00896956136097593,-0.050972981875517576,-0.004349840225961188,23_music,music,A_600
TP,88,95,93,7.534182505569626,7.629172999664293,7.629172999664293,7.537013530731201,7.710000038146973,0.08082703848267947,0.08082703848267947,0.0028310251615755178,23_music,music,A_600
TP,89,98,98,7.629172999664293,7.716183916745503,8.961212507705916,7.6421284675598145,8.920000076293945,1.2038161595484427,-0.04121243141197084,0.012955467895521267,23_music,music,A_600
TP,90,96,26,7.631171246681109,9.069198312936788,9.069198312936788,7.635276794433594,8.905285835266113,-0.1639124776706744,-0.1639124776706744,0.0041055477524851725,23_music,music,A_600
TP,91,97,38,7.631171246681109,9.070204141972098,9.070204141972098,7.636025905609131,8.908896446228027,-0.1613076957440711,-0.1613076957440711,0.004854658928022282,23_music,music,A_600
TP,92,99,93,7.716183916745503,7.806185498825034,8.961212507705916,7.716350078582764,8.90473461151123,1.0985491126861966,-0.056477896194685684,0.00016616183726103628,23_music,music,A_600
TP,93,100,90,7.807177916806539,7.894188833887749,8.961212507705916,7.8130011558532715,8.90527057647705,1.011081742589302,-0.05594193122886537,0.005823239046732098,23_music,music,A_600
TP,94,101,84,7.895181251869254,7.985182833948786,8.961212507705916,7.900683879852295,8.907319068908691,0.9221362349599058,-0.053893438797224746,0.0055026279830405755,23_music,music,A_600
TP,95,102,86,7.988186910000911,8.072193751029994,8.961212507705916,7.993900299072266,8.905677795410156,0.8334840443801621,-0.0555347122957599,0.005713389071354769,23_music,music,A_600
TP,96,103,81,8.0731861690115,8.166191827143157,8.961212507705916,8.0824613571167,8.904267311096191,0.7380754839530344,-0.056945196609724746,0.009275188105199561,23_music,music,A_600
TP,97,104,78,8.167197656178468,8.251204497207551,8.961212507705916,8.170344352722168,8.529999732971191,0.2787952357636403,-0.43121277473472475,0.003146696543700145,23_music,music,A_600
TP,98,105,72,8.254195162205873,8.345202573320714,8.961212507705916,8.26513671875,8.904556274414062,0.5593537010933485,-0.05665623329185365,0.010941556544127096,23_music,music,A_600
TP,99,106,74,8.349199067354345,8.439200649433875,8.961212507705916,8.353367805480957,8.699999809265137,0.26079915983126156,-0.26121269844077943,0.004168738126612226,23_music,music,A_600
TP,100,107,69,8.44019306741538,8.527203984496591,8.961212507705916,8.44682502746582,8.800000190734863,0.2727962062382723,-0.16121231697105287,0.006631960050439645,23_music,music,A_600
TP,101,109,66,8.528196402478097,8.611210825525674,8.961212507705916,8.53510856628418,8.90506649017334,0.29385566464766555,-0.05614601753257631,0.006912163806083171,23_music,music,A_600
TP,102,110,60,8.615207319559305,8.706214730674146,8.961212507705916,8.626297950744629,8.905529975891113,0.19931524521696709,-0.05568253181480287,0.01109063118532383,23_music,music,A_600
TP,103,112,62,8.706214730674146,8.796216312753678,8.961212507705916,8.714818954467773,8.904772758483887,0.1085564457302084,-0.056439749222029434,0.008604223793627241,23_music,music,A_600
TP,104,113,57,8.800212806787309,8.888216141850025,8.961212507705916,8.807355880737305,8.903863906860352,0.01564776501032661,-0.05734860084556459,0.007143073949995582,23_music,music,A_600
TP,105,115,54,8.888216141850025,8.979196730857257,8.979196730857257,8.892799377441406,8.975049018859863,-0.004147711997394055,-0.004147711997394055,0.004583235591381296,23_music,music,A_600
TP,106,116,48,8.979196730857257,9.07319480697042,9.07319480697042,8.984845161437988,9.119999885559082,0.046805078588661786,0.046805078588661786,0.005648430580730945,23_music,music,A_600
TP,107,118,31,9.074200636005731,11.877312046876423,11.877312046876423,9.084869384765625,10.40999984741211,-1.4673121994643132,-1.4673121994643132,0.010668748759893987,23_music,music,A_600
TP,108,117,43,9.077204712057856,11.877312046876423,11.877312046876423,9.084121704101562,11.680000305175781,-0.19731174170064136,-0.19731174170064136,0.006916992043706216,23_music,music,A_600
TP,109,119,48,9.157201647999504,9.24520498306222,10.431265170445867,9.174429893493652,10.350000381469727,1.1047953984075072,-0.08126478897614042,0.01722824549414881,23_music,music,A_600
TP,110,120,53,9.248209059114345,9.333208318124935,10.431265170445867,9.250312805175781,10.359712600708008,1.0265042825830726,-0.07155256973785917,0.0021037460614365955,23_music,music,A_600
TP,111,121,56,9.333208318124935,9.419213406170835,10.431265170445867,9.344529151916504,10.357769012451172,0.9385556062803371,-0.07349615799469511,0.011320833791568674,23_music,music,A_600
TP,112,123,62,9.420219235206146,9.50721674123355,10.431265170445867,9.426461219787598,10.359334945678711,0.8521182044451603,-0.07193022476715605,0.006241984581452087,23_music,music,A_600
TP,113,124,60,9.508222570268861,9.595220076296266,10.431265170445867,9.519851684570312,10.361191749572754,0.7659716732764874,-0.07007342087311308,0.011629114301451082,23_music,music,A_600
TP,114,125,65,9.595220076296266,9.683223411358982,10.431265170445867,9.60018253326416,10.361334800720215,0.6781113893612325,-0.06993036972565214,0.004962456967893658,23_music,music,A_600
TP,115,126,68,9.683223411358982,9.769228499404882,10.431265170445867,9.690853118896484,10.3588228225708,0.5895943231659189,-0.0724423478750662,0.0076297075375020285,23_music,music,A_600
TP,116,127,74,9.770234328440193,9.854241169469276,10.431265170445867,9.771276473999023,10.360502243041992,0.5062610735727162,-0.0707629274038748,0.0010421455588307538,23_music,music,A_600
TP,117,128,72,9.854241169469276,9.941238675496681,10.431265170445867,9.865497589111328,10.361613273620605,0.4203745981239244,-0.06965189682526152,0.011256419642052151,23_music,music,A_600
TP,118,129,77,9.945235169530312,10.028236181524086,10.431265170445867,9.949056625366211,10.363682746887207,0.3354465653631209,-0.06758242355865995,0.0038214558358991013,23_music,music,A_600
FP,,0,24,,,,0.5229403972625732,0.5299999713897705,,,,23_music,music,A_600
FP,,9,60,,,,1.1314023733139038,2.859999895095825,,,,23_music,music,A_600
FP,,66,74,,,,5.803184986114502,6.023770809173584,,,,23_music,music,A_600
FP,,69,69,,,,5.980332374572754,6.022531032562256,,,,23_music,music,A_600
FP,,75,59,,,,6.270425319671631,6.429999828338623,,,,23_music,music,A_600
FP,,78,74,,,,6.530662536621094,6.880000114440918,,,,23_music,music,A_600
FP,,80,79,,,,6.707511901855469,6.71999979019165,,,,23_music,music,A_600
FP,,89,74,,,,7.171367645263672,7.517829895019531,,,,23_music,music,A_600
FP,,108,78,,,,8.535003662109375,8.905811309814453,,,,23_music,music,A_600
FP,,111,74,,,,8.713913917541504,8.90489387512207,,,,23_music,music,A_600
FP,,114,69,,,,8.81171989440918,8.90340518951416,,,,23_music,music,A_600
FP,,122,74,,,,9.42530632019043,9.760000228881836,,,,23_music,music,A_600
TP,0,1,36,0.5259815301980652,3.329079530014954,3.329079530014954,0.5262801051139832,0.6499999761581421,-2.6790795538568117,-2.6790795538568117,0.000298574915918004,23_music,music,B_1200
TP,1,2,48,0.5259815301980652,0.6139848652607807,0.6139848652607807,0.5281620025634766,0.6100000143051147,-0.0039848509556659195,-0.0039848509556659195,0.002180472365411412,23_music,music,B_1200
TP,2,3,48,0.6139848652607807,3.224084389782403,3.2280808838160344,0.6207243204116821,0.7599999904632568,-2.4640843993191464,-2.4680808933527776,0.006739455150901463,23_music,music,B_1200
TP,3,4,55,0.6939952122562334,0.7819985473189489,3.134082807702872,0.6971903443336487,3.130000114440918,2.348001567121969,-0.004082693261953985,0.003195132077415286,23_music,music,B_1200
TP,4,5,60,0.7830043763542588,0.8690094644001587,0.9570127994628742,0.7877418994903564,0.9399999976158142,0.07099053321565552,-0.01701280184706,0.004737523136097654,23_music,music,B_1200
TP,5,6,64,0.8690094644001587,0.9560069704275643,2.952081396526994,0.8669558167457581,2.950000047683716,1.9939930772561514,-0.0020813488432782634,-0.0020536476544006366,23_music,music,B_1200
TP,6,7,60,0.9570127994628742,1.0400138114566484,2.86807455549791,0.9481654167175293,1.1200000047683716,0.07998619331172319,-1.7480745507295383,-0.008847382745344912,23_music,music,B_1200
TP,7,8,67,1.0450161345255897,1.1320136405529952,2.7730706503494376,1.0432051420211792,2.7699999809265137,1.6379863403735184,-0.0030706694229238884,-0.0018109925044105246,23_music,music,B_1200
TP,8,10,72,1.1320136405529952,1.2160204815820794,1.3000273226111636,1.1350040435791016,1.2799999713897705,0.06397948980769108,-0.020027351221393097,0.002990403026106314,23_music,music,B_1200
TP,9,11,76,1.2160204815820794,1.2990214935758537,2.594073315225685,1.218956708908081,2.5899999141693115,1.2909784205934578,-0.004073401056373438,0.002936227326001628,23_music,music,B_1200
TP,10,12,72,1.3000273226111636,1.3870248286385691,2.507062398144475,1.2940443754196167,2.5,1.1129751713614309,-0.007062398144475068,-0.005982947191546906,23_music,music,B_1200
TP,11,13,79,1.388030657673879,1.4710316696676533,2.4270788732566304,1.3932080268859863,2.4200000762939453,0.948968406626292,-0.007078796962685097,0.005177369212107319,23_music,music,B_1200
TP,12,14,84,1.4750281637012848,1.559035004730369,1.6470383397930843,1.477866291999817,1.6399999856948853,0.08096498096451632,-0.007038354098199084,0.0028381282985321388,23_music,music,B_1200
TP,13,15,88,1.559035004730369,1.6460325107577745,2.2520646211127047,1.5605367422103882,2.240000009536743,0.5939674987789687,-0.012064611575961504,0.0015017374800192496,23_music,music,B_1200
TP,14,16,84,1.6470383397930843,1.7340358458204899,2.1640612860499893,1.6492496728897095,2.1500000953674316,0.4159642495469418,-0.014061190682557623,0.0022113330966251343,23_music,music,B_1200
TP,15,17,91,1.7350416748557997,1.8210467629016995,2.0780561980040893,1.733665108680725,2.059999942779541,0.23895317987784148,-0.018056255224548234,-0.001376566175074645,23_music,music,B_1200
TP,16,18,96,1.8210467629016995,1.908044268929105,1.9900528629413734,1.8242422342300415,1.9800000190734863,0.07195575014438127,-0.010052843867887074,0.00319547132834197,23_music,music,B_1200
TP,17,19,100,1.909050097964415,1.9890604449598677,3.253092499160741,1.9073599576950073,3.2066292762756348,1.217568831315767,-0.04646322288510607,-0.001690140269407614,23_music,music,B_1200
TP,18,20,96,1.9900528629413734,2.0770637800225833,3.253092499160741,1.9872171878814697,3.208730936050415,1.1316671560278317,-0.0443615631103258,-0.002835675059903675,23_music,music,B_1200
TP,19,21,91,2.0780561980040893,2.1640612860499893,3.253092499160741,2.0715510845184326,3.20961332321167,1.0455520371616807,-0.043479175949070914,-0.006505113485656633,23_music,music,B_1200
TP,20,22,84,2.1640612860499893,2.2520646211127047,2.3400679561754205,2.164767265319824,2.3299999237060547,0.07793530259335002,-0.010068032469365829,0.0007059792698349554,23_music,music,B_1200
TP,21,23,88,2.2520646211127047,2.3390755381939146,3.253092499160741,2.2536134719848633,3.2092349529266357,0.8701594147327212,-0.043857546234105094,0.0015488508721586136,23_music,music,B_1200
TP,22,24,84,2.3400679561754205,2.423068968169195,3.253092499160741,2.3386995792388916,3.2093989849090576,0.7863300167398628,-0.04369351425168322,-0.0013683769365289145,23_music,music,B_1200
TP,23,25,79,2.4270788732566304,2.507062398144475,3.253092499160741,2.4315977096557617,3.2088685035705566,0.7018061054260816,-0.044223995590184195,0.00451883639913131,23_music,music,B_1200
TP,24,26,72,2.507062398144475,2.5910692391735592,2.686073144322032,2.514909029006958,2.680000066757202,0.0889308275836429,-0.006073077564829887,0.00784663086248294,23_music,music,B_1200
TP,25,27,76,2.594073315225685,2.685067315286722,3.253092499160741,2.597788095474243,3.2071242332458496,0.5220569179591275,-0.045968265914891226,0.0037147802485582027,23_music,music,B_1200
TP,26,28,72,2.686073144322032,2.7730706503494376,3.253092499160741,2.6875,3.20868182182312,0.43561117147368256,-0.04441067733762072,0.0014268556779679642,23_music,music,B_1200
TP,27,29,67,2.7730706503494376,2.86807455549791,3.253092499160741,2.7785589694976807,3.207704544067383,0.3396299885694729,-0.04538795509335802,0.005488319148243104,23_music,music,B_1200
TP,28,30,60,2.86807455549791,2.951075567491684,3.0470853016754664,2.8734233379364014,3.0399999618530273,0.08892439436134314,-0.007085339822439085,0.005348782438491462,23_music,music,B_1200
TP,29,31,64,2.952081396526994,3.0460794726401565,3.253092499160741,2.9555351734161377,3.207329034805298,0.1612495621651413,-0.045763464355442984,0.0034537768891436116,23_music,music,B_1200
TP,30,32,60,3.0470853016754664,3.134082807702872,3.253092499160741,3.0485565662384033,3.205995559692383,0.07191275198951086,-0.04709693946835802,0.0014712645629368915,23_music,music,B_1200
TP,31,33,55,3.134082807702872,3.225090218817713,3.253092499160741,3.14335560798645,3.209777355194092,-0.015312863623621276,-0.04331514396664904,0.009272800283578242,23_music,music,B_1200
TP,32,34,48,3.2280808838160344,3.3300853590502637,3.3300853590502637,3.2286527156829834,3.2899999618530273,-0.04008539719723636,-0.04008539719723636,0.0005718318669489797,23_music,music,B_1200
TP,33,36,29,3.333076024048585,4.751107209082307,4.751107209082307,3.335688829421997,6.019786834716797,1.2686796256344897,1.2686796256344897,0.0026128053734120193,23_music,music,B_1200
TP,34,35,41,3.334081853083895,4.754097874080629,4.754097874080629,3.3355231285095215,5.639999866485596,0.8859019924049667,0.8859019924049667,0.0014412754256265536,23_music,music,B_1200
TP,35,37,48,3.417069454023865,3.5040803711050748,4.6310916885891285,3.4161734580993652,4.340000152587891,0.8359197814828159,-0.2910915360012378,-0.0008959959244996263,23_music,music,B_1200
TP,36,38,57,3.5050727890865807,3.595074371166112,4.6310916885891285,3.5105483531951904,4.574379920959473,0.9793055497933607,-0.056711767629655796,0.005475564108609721,23_music,music,B_1200
TP,37,39,60,3.596080200201422,3.6830777062288274,3.7740851173436685,3.6066789627075195,3.759999990463257,0.07692228423442948,-0.014085126880411636,0.010598762506097703,23_music,music,B_1200
TP,38,40,65,3.6870742002624586,3.7710810412915428,4.6310916885891285,3.68694806098938,4.670000076293945,0.8989190350024026,0.03890838770481686,-0.00012613927307869588,23_music,music,B_1200
TP,39,41,60,3.7740851173436685,3.8510779772331913,4.6310916885891285,3.771932363510132,4.574777126312256,0.7236991490790645,-0.05631456227687259,-0.002152753833536636,23_music,music,B_1200
TP,40,42,69,3.8550744712668226,3.945076053346354,4.6310916885891285,3.8580551147460938,4.576929092407227,0.6318530390608728,-0.05416259618190189,0.0029806434792711833,23_music,music,B_1200
TP,41,43,72,3.9460818823816637,4.033079388409069,4.121082723471785,3.956278085708618,4.110000133514404,0.07692074510533509,-0.011082589957380762,0.010196203326954478,23_music,music,B_1200
TP,42,44,77,4.033079388409069,4.121082723471785,4.6310916885891285,4.0411696434021,4.670000076293945,0.5489173528221603,0.03890838770481686,0.008090254993030399,23_music,music,B_1200
TP,43,45,72,4.121082723471785,4.204083735465559,4.6310916885891285,4.115929126739502,4.860000133514404,0.6559163980488449,0.22890844492527584,-0.0051535967322831056,23_music,music,B_1200
TP,44,46,81,4.209086058534501,4.299087640614032,4.6310916885891285,4.216033458709717,4.679999828338623,0.3809121877245909,0.048908139749494595,0.00694740017521589,23_music,music,B_1200
TP,45,47,84,4.302091716666157,4.387090975676747,4.478098386791588,4.306614398956299,4.46999979019165,0.08290881451490328,-0.008098596599937835,0.004522682290141411,23_music,music,B_1200
TP,46,48,89,4.387090975676747,4.477092557756278,4.6310916885891285,4.385801315307617,6.0,1.5229074422437217,1.3689083114108715,-0.001289660369129919,23_music,music,B_1200
TP,47,49,84,4.478098386791588,4.565095892818994,4.6310916885891285,4.4846882820129395,5.010000228881836,0.44490433606284174,0.3789085402927075,0.006589895221351227,23_music,music,B_1200
TP,48,50,93,4.5680999688711195,4.660099797967466,4.660099797967466,4.570503234863281,4.920000076293945,0.2599002783264792,0.2599002783264792,0.002403265992161785,23_music,music,B_1200
TP,49,51,96,4.661092215948972,4.754097874080629,4.754097874080629,4.660742282867432,4.829999923706055,0.07590204962542568,0.07590204962542568,-0.00034993308153996594,23_music,music,B_1200
TP,50,54,30,4.758094368114261,6.168145976134523,6.168145976134523,4.76458215713501,6.021761894226074,-0.1463840819084492,-0.1463840819084492,0.006487789020749091,23_music,music,B_1200
TP,51,53,100,4.758094368114261,4.838091304055909,6.077151976073487,4.75959587097168,6.039999961853027,1.2019086577971185,-0.03715201422045933,0.0015015028574190126,23_music,music,B_1200
TP,52,52,42,4.7591001971495706,6.169151805169833,6.169151805169833,4.7573323249816895,6.039999961853027,-0.12915184331680596,-0.12915184331680596,-0.0017678721678811016,23_music,music,B_1200
TP,53,55,96,4.839097133091219,4.925088810083315,6.077151976073487,4.840265274047852,6.020134449005127,1.0950456389218122,-0.05701752706835972,0.0011681409566328682,23_music,music,B_1200
TP,54,56,93,4.926094639118625,5.013092145146031,6.077151976073487,4.930929660797119,6.039999961853027,1.0269078167069967,-0.03715201422045933,0.004835021678494478,23_music,music,B_1200
TP,55,57,84,5.017102050233466,5.101095480208746,5.1890988152714606,5.015110969543457,5.179999828338623,0.07890434812987746,-0.009098986932837505,-0.0019910806900087508,23_music,music,B_1200
TP,56,58,88,5.101095480208746,5.188106397289955,6.077151976073487,5.104628562927246,6.017475128173828,0.8293687308838731,-0.05967684789965855,0.003533082718500502,23_music,music,B_1200
TP,57,59,84,5.1890988152714606,5.27510390331736,6.077151976073487,5.193615913391113,6.02441930770874,0.7493154043913801,-0.05273266836474644,0.004517098119652729,23_music,music,B_1200
TP,58,60,81,5.27610973235267,5.363107238380076,6.077151976073487,5.284628391265869,6.024535655975342,0.6614284175952658,-0.052616320098144875,0.00851865891319914,23_music,music,B_1200
TP,59,61,72,5.363107238380076,5.44811990844447,5.539113908505508,5.367877960205078,5.53000020980835,0.08188030136387958,-0.009113698697158057,0.0047707218250021555,23_music,music,B_1200
TP,60,62,76,5.451110573442792,5.5341249964903705,6.077151976073487,5.4524688720703125,6.020050525665283,0.4859255291749127,-0.05710145040820347,0.001358298627520682,23_music,music,B_1200
TP,61,63,72,5.539113908505508,5.626124825586717,6.077151976073487,5.537903308868408,6.023283004760742,0.39715817917402507,-0.053868971312744485,-0.0012105996370994632,23_music,music,B_1200
TP,62,64,69,5.627117243568223,5.710131666615801,6.077151976073487,5.630065441131592,5.96999979019165,0.2598681235758491,-0.10715218588183628,0.0029481975633691704,23_music,music,B_1200
TP,63,65,60,5.710131666615801,5.798135001678517,5.885132507705922,5.718755722045898,5.869999885559082,0.07186488388056489,-0.015132622146840191,0.008624055430097144,23_music,music,B_1200
TP,64,67,62,5.798135001678517,5.884140089724417,6.077151976073487,5.8039960861206055,6.026782989501953,0.1426428997775364,-0.05036898657153355,0.005861084442088327,23_music,music,B_1200
TP,65,68,60,5.885132507705922,5.972143424787132,6.077151976073487,5.88491678237915,6.050000190734863,0.07785676594773161,-0.02715178533862339,-0.00021572532677183176,23_music,music,B_1200
TP,66,70,57,5.973135842768637,6.060146759849847,6.077151976073487,5.983855724334717,6.030274391174316,-0.029872368675530225,-0.046877584899170266,0.010719881566079614,23_music,music,B_1200
TP,67,71,48,6.060146759849847,6.171150052186649,6.171150052186649,6.0676069259643555,6.21999979019165,0.0488497380050017,0.0488497380050017,0.007460166114508837,23_music,music,B_1200
TP,68,73,31,6.172142470168154,6.875176732688374,7.575180097048857,6.182438373565674,7.519477367401123,0.6443006347127493,-0.05570272964773437,0.010295903397519623,23_music,music,B_1200
TP,69,72,43,6.176138964201786,6.8781673976866955,7.575180097048857,6.1817121505737305,7.519975185394287,0.6418077877075916,-0.05520491165457031,0.005573186371944594,23_music,music,B_1200
TP,70,74,47,6.263149881282995,6.3471567223120795,7.575180097048857,6.2693071365356445,7.520419597625732,1.173262875313653,-0.054760499423125,0.0061572552526492075,23_music,music,B_1200
TP,71,76,55,6.350147387310401,6.438150722373117,7.575180097048857,6.355952739715576,7.51926326751709,1.0811125451439727,-0.055916829531767576,0.0058053524051748795,23_music,music,B_1200
TP,72,77,59,6.438150722373117,6.521165145420696,6.616155639515364,6.443070888519287,7.53000020980835,1.0088350643876538,0.9138445702929854,0.004920166146169969,23_music,music,B_1200
TP,73,79,62,6.522157563402201,6.616155639515364,7.575180097048857,6.532999038696289,7.519111633300781,0.902955993785417,-0.05606846374807617,0.010841475294087743,23_music,music,B_1200
FN,74,,59,6.616155639515364,6.70415897457808,7.575180097048857,,,,,,23_music,music,B_1200
TP,75,81,67,6.70415897457808,6.7911698916592895,7.575180097048857,6.710251808166504,7.518779754638672,0.7276098629793823,-0.056400342410185544,0.006092833588423829,23_music,music,B_1200
TP,76,82,71,6.792162309640795,6.8781673976866955,6.970167226783043,6.79207181930542,6.960000038146973,0.08183264046027716,-0.010167188636070357,-9.04903353751152e-05,23_music,music,B_1200
TP,77,84,74,6.882163891720327,6.970167226783043,7.575180097048857,6.886157035827637,7.159999847412109,0.18983262062906636,-0.41518024963674804,0.003993144107309554,23_music,music,B_1200
TP,78,83,30,6.883169720755637,7.250176619159519,7.575180097048857,6.885395526885986,7.46999979019165,0.21982317103213145,-0.10518030685720703,0.0022258061303492838,23_music,music,B_1200
TP,79,85,42,6.883169720755637,7.251182448194829,7.575180097048857,6.88724422454834,7.51861047744751,0.26742802925268094,-0.056569619601347654,0.004074503792702799,23_music,music,B_1200
TP,80,86,71,6.970167226783043,7.065171131931516,7.575180097048857,6.967077732086182,7.519144535064697,0.45397340313318146,-0.056035561984160154,-0.0030894946968613723,23_music,music,B_1200
TP,81,87,79,7.065171131931516,7.155172714011047,7.575180097048857,7.072920322418213,7.521328449249268,0.36615573523822054,-0.05385164779958984,0.007749190486697088,23_music,music,B_1200
TP,82,88,83,7.158176790063172,7.251182448194829,7.344174695272681,7.165755748748779,7.340000152587891,0.0888177043930618,-0.004174542684790339,0.007578958685606985,23_music,music,B_1200
TP,83,90,86,7.253180695211644,7.341184030274359,7.575180097048857,7.2550458908081055,7.519607067108154,0.17842303683379512,-0.05557302994070312,0.0018651955964612554,23_music,music,B_1200
TP,84,91,28,7.25417311319315,7.628180581682788,7.628180581682788,7.2569122314453125,7.53000020980835,-0.09818037187443807,-0.09818037187443807,0.0027391182521627755,23_music,music,B_1200
TP,85,92,40,7.25417311319315,7.628180581682788,7.628180581682788,7.258124828338623,7.539999961853027,-0.08818061982976033,-0.08818061982976033,0.003951715145473322,23_music,music,B_1200
TP,86,93,83,7.344174695272681,7.435182106387522,7.575180097048857,7.351899147033691,7.539999961853027,0.10481785546550526,-0.035180135195830076,0.007724451761010442,23_music,music,B_1200
TP,87,94,91,7.436174524369028,7.533176676534316,7.575180097048857,7.431824684143066,7.52420711517334,-0.00896956136097593,-0.050972981875517576,-0.004349840225961188,23_music,music,B_1200
TP,88,95,93,7.534182505569626,7.629172999664293,7.629172999664293,7.537013530731201,7.710000038146973,0.08082703848267947,0.08082703848267947,0.0028310251615755178,23_music,music,B_1200
TP,89,98,98,7.629172999664293,7.716183916745503,8.961212507705916,7.6421284675598145,8.920000076293945,1.2038161595484427,-0.04121243141197084,0.012955467895521267,23_music,music,B_1200
TP,90,96,26,7.631171246681109,9.069198312936788,9.069198312936788,7.635276794433594,8.905285835266113,-0.1639124776706744,-0.1639124776706744,0.0041055477524851725,23_music,music,B_1200
TP,91,97,38,7.631171246681109,9.070204141972098,9.070204141972098,7.636025905609131,8.908896446228027,-0.1613076957440711,-0.1613076957440711,0.004854658928022282,23_music,music,B_1200
TP,92,99,93,7.716183916745503,7.806185498825034,8.961212507705916,7.716350078582764,8.90473461151123,1.0985491126861966,-0.056477896194685684,0.00016616183726103628,23_music,music,B_1200
TP,93,100,90,7.807177916806539,7.894188833887749,8.961212507705916,7.8130011558532715,8.90527057647705,1.011081742589302,-0.05594193122886537,0.005823239046732098,23_music,music,B_1200
TP,94,101,84,7.895181251869254,7.985182833948786,8.961212507705916,7.900683879852295,8.907319068908691,0.9221362349599058,-0.053893438797224746,0.0055026279830405755,23_music,music,B_1200
TP,95,102,86,7.988186910000911,8.072193751029994,8.961212507705916,7.993900299072266,8.905677795410156,0.8334840443801621,-0.0555347122957599,0.005713389071354769,23_music,music,B_1200
TP,96,103,81,8.0731861690115,8.166191827143157,8.961212507705916,8.0824613571167,8.904267311096191,0.7380754839530344,-0.056945196609724746,0.009275188105199561,23_music,music,B_1200
TP,97,104,78,8.167197656178468,8.251204497207551,8.961212507705916,8.170344352722168,8.529999732971191,0.2787952357636403,-0.43121277473472475,0.003146696543700145,23_music,music,B_1200
TP,98,105,72,8.254195162205873,8.345202573320714,8.961212507705916,8.26513671875,8.904556274414062,0.5593537010933485,-0.05665623329185365,0.010941556544127096,23_music,music,B_1200
TP,99,106,74,8.349199067354345,8.439200649433875,8.961212507705916,8.353367805480957,8.699999809265137,0.26079915983126156,-0.26121269844077943,0.004168738126612226,23_music,music,B_1200
TP,100,107,69,8.44019306741538,8.527203984496591,8.961212507705916,8.44682502746582,8.800000190734863,0.2727962062382723,-0.16121231697105287,0.006631960050439645,23_music,music,B_1200
TP,101,109,66,8.528196402478097,8.611210825525674,8.961212507705916,8.53510856628418,8.90506649017334,0.29385566464766555,-0.05614601753257631,0.006912163806083171,23_music,music,B_1200
TP,102,110,60,8.615207319559305,8.706214730674146,8.961212507705916,8.626297950744629,8.905529975891113,0.19931524521696709,-0.05568253181480287,0.01109063118532383,23_music,music,B_1200
TP,103,112,62,8.706214730674146,8.796216312753678,8.961212507705916,8.714818954467773,8.904772758483887,0.1085564457302084,-0.056439749222029434,0.008604223793627241,23_music,music,B_1200
TP,104,113,57,8.800212806787309,8.888216141850025,8.961212507705916,8.807355880737305,8.903863906860352,0.01564776501032661,-0.05734860084556459,0.007143073949995582,23_music,music,B_1200
TP,105,115,54,8.888216141850025,8.979196730857257,8.979196730857257,8.892799377441406,8.975049018859863,-0.004147711997394055,-0.004147711997394055,0.004583235591381296,23_music,music,B_1200
TP,106,116,48,8.979196730857257,9.07319480697042,9.07319480697042,8.984845161437988,9.119999885559082,0.046805078588661786,0.046805078588661786,0.005648430580730945,23_music,music,B_1200
TP,107,118,31,9.074200636005731,11.877312046876423,11.877312046876423,9.084869384765625,10.40999984741211,-1.4673121994643132,-1.4673121994643132,0.010668748759893987,23_music,music,B_1200
TP,108,117,43,9.077204712057856,11.877312046876423,11.877312046876423,9.084121704101562,11.680000305175781,-0.19731174170064136,-0.19731174170064136,0.006916992043706216,23_music,music,B_1200
TP,109,119,48,9.157201647999504,9.24520498306222,10.431265170445867,9.174429893493652,10.350000381469727,1.1047953984075072,-0.08126478897614042,0.01722824549414881,23_music,music,B_1200
TP,110,120,53,9.248209059114345,9.333208318124935,10.431265170445867,9.250312805175781,10.359712600708008,1.0265042825830726,-0.07155256973785917,0.0021037460614365955,23_music,music,B_1200
TP,111,121,56,9.333208318124935,9.419213406170835,10.431265170445867,9.344529151916504,10.357769012451172,0.9385556062803371,-0.07349615799469511,0.011320833791568674,23_music,music,B_1200
TP,112,123,62,9.420219235206146,9.50721674123355,10.431265170445867,9.426461219787598,10.359334945678711,0.8521182044451603,-0.07193022476715605,0.006241984581452087,23_music,music,B_1200
TP,113,124,60,9.508222570268861,9.595220076296266,10.431265170445867,9.519851684570312,10.361191749572754,0.7659716732764874,-0.07007342087311308,0.011629114301451082,23_music,music,B_1200
TP,114,125,65,9.595220076296266,9.683223411358982,10.431265170445867,9.60018253326416,10.361334800720215,0.6781113893612325,-0.06993036972565214,0.004962456967893658,23_music,music,B_1200
TP,115,126,68,9.683223411358982,9.769228499404882,10.431265170445867,9.690853118896484,10.3588228225708,0.5895943231659189,-0.0724423478750662,0.0076297075375020285,23_music,music,B_1200
TP,116,127,74,9.770234328440193,9.854241169469276,10.431265170445867,9.771276473999023,10.360502243041992,0.5062610735727162,-0.0707629274038748,0.0010421455588307538,23_music,music,B_1200
TP,117,128,72,9.854241169469276,9.941238675496681,10.431265170445867,9.865497589111328,10.361613273620605,0.4203745981239244,-0.06965189682526152,0.011256419642052151,23_music,music,B_1200
TP,118,129,77,9.945235169530312,10.028236181524086,10.431265170445867,9.949056625366211,10.363682746887207,0.3354465653631209,-0.06758242355865995,0.0038214558358991013,23_music,music,B_1200
FP,,0,24,,,,0.5229403972625732,0.5299999713897705,,,,23_music,music,B_1200
FP,,9,60,,,,1.1314023733139038,2.859999895095825,,,,23_music,music,B_1200
FP,,66,74,,,,5.803184986114502,6.023770809173584,,,,23_music,music,B_1200
FP,,69,69,,,,5.980332374572754,6.022531032562256,,,,23_music,music,B_1200
FP,,75,59,,,,6.270425319671631,6.429999828338623,,,,23_music,music,B_1200
FP,,78,74,,,,6.530662536621094,6.880000114440918,,,,23_music,music,B_1200
FP,,80,79,,,,6.707511901855469,6.71999979019165,,,,23_music,music,B_1200
FP,,89,74,,,,7.171367645263672,7.517829895019531,,,,23_music,music,B_1200
FP,,108,78,,,,8.535003662109375,8.905811309814453,,,,23_music,music,B_1200
FP,,111,74,,,,8.713913917541504,8.90489387512207,,,,23_music,music,B_1200
FP,,114,69,,,,8.81171989440918,8.90340518951416,,,,23_music,music,B_1200
FP,,122,74,,,,9.42530632019043,9.760000228881836,,,,23_music,music,B_1200
TP,0,1,36,0.5259815301980652,3.329079530014954,3.329079530014954,0.5262801051139832,0.6499999761581421,-2.6790795538568117,-2.6790795538568117,0.000298574915918004,23_music,music,C_3000
TP,1,2,48,0.5259815301980652,0.6139848652607807,0.6139848652607807,0.5281620025634766,0.6100000143051147,-0.0039848509556659195,-0.0039848509556659195,0.002180472365411412,23_music,music,C_3000
TP,2,3,48,0.6139848652607807,3.224084389782403,3.2280808838160344,0.6207243204116821,0.7599999904632568,-2.4640843993191464,-2.4680808933527776,0.006739455150901463,23_music,music,C_3000
TP,3,4,55,0.6939952122562334,0.7819985473189489,3.134082807702872,0.6971903443336487,3.130000114440918,2.348001567121969,-0.004082693261953985,0.003195132077415286,23_music,music,C_3000
TP,4,5,60,0.7830043763542588,0.8690094644001587,0.9570127994628742,0.7877418994903564,0.9399999976158142,0.07099053321565552,-0.01701280184706,0.004737523136097654,23_music,music,C_3000
TP,5,6,64,0.8690094644001587,0.9560069704275643,2.952081396526994,0.8669558167457581,2.950000047683716,1.9939930772561514,-0.0020813488432782634,-0.0020536476544006366,23_music,music,C_3000
TP,6,7,60,0.9570127994628742,1.0400138114566484,2.86807455549791,0.9481654167175293,1.1200000047683716,0.07998619331172319,-1.7480745507295383,-0.008847382745344912,23_music,music,C_3000
TP,7,8,67,1.0450161345255897,1.1320136405529952,2.7730706503494376,1.0432051420211792,2.7699999809265137,1.6379863403735184,-0.0030706694229238884,-0.0018109925044105246,23_music,music,C_3000
TP,8,10,72,1.1320136405529952,1.2160204815820794,1.3000273226111636,1.1350040435791016,1.2799999713897705,0.06397948980769108,-0.020027351221393097,0.002990403026106314,23_music,music,C_3000
TP,9,11,76,1.2160204815820794,1.2990214935758537,2.594073315225685,1.218956708908081,2.5899999141693115,1.2909784205934578,-0.004073401056373438,0.002936227326001628,23_music,music,C_3000
TP,10,12,72,1.3000273226111636,1.3870248286385691,2.507062398144475,1.2940443754196167,2.5,1.1129751713614309,-0.007062398144475068,-0.005982947191546906,23_music,music,C_3000
TP,11,13,79,1.388030657673879,1.4710316696676533,2.4270788732566304,1.3932080268859863,2.4200000762939453,0.948968406626292,-0.007078796962685097,0.005177369212107319,23_music,music,C_3000
TP,12,14,84,1.4750281637012848,1.559035004730369,1.6470383397930843,1.477866291999817,1.6399999856948853,0.08096498096451632,-0.007038354098199084,0.0028381282985321388,23_music,music,C_3000
TP,13,15,88,1.559035004730369,1.6460325107577745,2.2520646211127047,1.5605367422103882,2.240000009536743,0.5939674987789687,-0.012064611575961504,0.0015017374800192496,23_music,music,C_3000
TP,14,16,84,1.6470383397930843,1.7340358458204899,2.1640612860499893,1.6492496728897095,2.1500000953674316,0.4159642495469418,-0.014061190682557623,0.0022113330966251343,23_music,music,C_3000
TP,15,17,91,1.7350416748557997,1.8210467629016995,2.0780561980040893,1.733665108680725,2.059999942779541,0.23895317987784148,-0.018056255224548234,-0.001376566175074645,23_music,music,C_3000
TP,16,18,96,1.8210467629016995,1.908044268929105,1.9900528629413734,1.8242422342300415,1.9800000190734863,0.07195575014438127,-0.010052843867887074,0.00319547132834197,23_music,music,C_3000
TP,17,19,100,1.909050097964415,1.9890604449598677,3.253092499160741,1.9073599576950073,3.2066292762756348,1.217568831315767,-0.04646322288510607,-0.001690140269407614,23_music,music,C_3000
TP,18,20,96,1.9900528629413734,2.0770637800225833,3.253092499160741,1.9872171878814697,3.208730936050415,1.1316671560278317,-0.0443615631103258,-0.002835675059903675,23_music,music,C_3000
TP,19,21,91,2.0780561980040893,2.1640612860499893,3.253092499160741,2.0715510845184326,3.20961332321167,1.0455520371616807,-0.043479175949070914,-0.006505113485656633,23_music,music,C_3000
TP,20,22,84,2.1640612860499893,2.2520646211127047,2.3400679561754205,2.164767265319824,2.3299999237060547,0.07793530259335002,-0.010068032469365829,0.0007059792698349554,23_music,music,C_3000
TP,21,23,88,2.2520646211127047,2.3390755381939146,3.253092499160741,2.2536134719848633,3.2092349529266357,0.8701594147327212,-0.043857546234105094,0.0015488508721586136,23_music,music,C_3000
TP,22,24,84,2.3400679561754205,2.423068968169195,3.253092499160741,2.3386995792388916,3.2093989849090576,0.7863300167398628,-0.04369351425168322,-0.0013683769365289145,23_music,music,C_3000
TP,23,25,79,2.4270788732566304,2.507062398144475,3.253092499160741,2.4315977096557617,3.2088685035705566,0.7018061054260816,-0.044223995590184195,0.00451883639913131,23_music,music,C_3000
TP,24,26,72,2.507062398144475,2.5910692391735592,2.686073144322032,2.514909029006958,2.680000066757202,0.0889308275836429,-0.006073077564829887,0.00784663086248294,23_music,music,C_3000
TP,25,27,76,2.594073315225685,2.685067315286722,3.253092499160741,2.597788095474243,3.2071242332458496,0.5220569179591275,-0.045968265914891226,0.0037147802485582027,23_music,music,C_3000
TP,26,28,72,2.686073144322032,2.7730706503494376,3.253092499160741,2.6875,3.20868182182312,0.43561117147368256,-0.04441067733762072,0.0014268556779679642,23_music,music,C_3000
TP,27,29,67,2.7730706503494376,2.86807455549791,3.253092499160741,2.7785589694976807,3.207704544067383,0.3396299885694729,-0.04538795509335802,0.005488319148243104,23_music,music,C_3000
TP,28,30,60,2.86807455549791,2.951075567491684,3.0470853016754664,2.8734233379364014,3.0399999618530273,0.08892439436134314,-0.007085339822439085,0.005348782438491462,23_music,music,C_3000
TP,29,31,64,2.952081396526994,3.0460794726401565,3.253092499160741,2.9555351734161377,3.207329034805298,0.1612495621651413,-0.045763464355442984,0.0034537768891436116,23_music,music,C_3000
TP,30,32,60,3.0470853016754664,3.134082807702872,3.253092499160741,3.0485565662384033,3.205995559692383,0.07191275198951086,-0.04709693946835802,0.0014712645629368915,23_music,music,C_3000
TP,31,33,55,3.134082807702872,3.225090218817713,3.253092499160741,3.14335560798645,3.209777355194092,-0.015312863623621276,-0.04331514396664904,0.009272800283578242,23_music,music,C_3000
TP,32,34,48,3.2280808838160344,3.3300853590502637,3.3300853590502637,3.2286527156829834,3.2899999618530273,-0.04008539719723636,-0.04008539719723636,0.0005718318669489797,23_music,music,C_3000
TP,33,36,29,3.333076024048585,4.751107209082307,4.751107209082307,3.335688829421997,6.019786834716797,1.2686796256344897,1.2686796256344897,0.0026128053734120193,23_music,music,C_3000
TP,34,35,41,3.334081853083895,4.754097874080629,4.754097874080629,3.3355231285095215,5.639999866485596,0.8859019924049667,0.8859019924049667,0.0014412754256265536,23_music,music,C_3000
TP,35,37,48,3.417069454023865,3.5040803711050748,4.6310916885891285,3.4161734580993652,4.340000152587891,0.8359197814828159,-0.2910915360012378,-0.0008959959244996263,23_music,music,C_3000
TP,36,38,57,3.5050727890865807,3.595074371166112,4.6310916885891285,3.5105483531951904,4.574379920959473,0.9793055497933607,-0.056711767629655796,0.005475564108609721,23_music,music,C_3000
TP,37,39,60,3.596080200201422,3.6830777062288274,3.7740851173436685,3.6066789627075195,3.759999990463257,0.07692228423442948,-0.014085126880411636,0.010598762506097703,23_music,music,C_3000
TP,38,40,65,3.6870742002624586,3.7710810412915428,4.6310916885891285,3.68694806098938,4.670000076293945,0.8989190350024026,0.03890838770481686,-0.00012613927307869588,23_music,music,C_3000
TP,39,41,60,3.7740851173436685,3.8510779772331913,4.6310916885891285,3.771932363510132,4.574777126312256,0.7236991490790645,-0.05631456227687259,-0.002152753833536636,23_music,music,C_3000
TP,40,42,69,3.8550744712668226,3.945076053346354,4.6310916885891285,3.8580551147460938,4.576929092407227,0.6318530390608728,-0.05416259618190189,0.0029806434792711833,23_music,music,C_3000
TP,41,43,72,3.9460818823816637,4.033079388409069,4.121082723471785,3.956278085708618,4.110000133514404,0.07692074510533509,-0.011082589957380762,0.010196203326954478,23_music,music,C_3000
TP,42,44,77,4.033079388409069,4.121082723471785,4.6310916885891285,4.0411696434021,4.670000076293945,0.5489173528221603,0.03890838770481686,0.008090254993030399,23_music,music,C_3000
TP,43,45,72,4.121082723471785,4.204083735465559,4.6310916885891285,4.115929126739502,4.860000133514404,0.6559163980488449,0.22890844492527584,-0.0051535967322831056,23_music,music,C_3000
TP,44,46,81,4.209086058534501,4.299087640614032,4.6310916885891285,4.216033458709717,4.679999828338623,0.3809121877245909,0.048908139749494595,0.00694740017521589,23_music,music,C_3000
TP,45,47,84,4.302091716666157,4.387090975676747,4.478098386791588,4.306614398956299,4.46999979019165,0.08290881451490328,-0.008098596599937835,0.004522682290141411,23_music,music,C_3000
TP,46,48,89,4.387090975676747,4.477092557756278,4.6310916885891285,4.385801315307617,6.0,1.5229074422437217,1.3689083114108715,-0.001289660369129919,23_music,music,C_3000
TP,47,49,84,4.478098386791588,4.565095892818994,4.6310916885891285,4.4846882820129395,5.010000228881836,0.44490433606284174,0.3789085402927075,0.006589895221351227,23_music,music,C_3000
TP,48,50,93,4.5680999688711195,4.660099797967466,4.660099797967466,4.570503234863281,4.920000076293945,0.2599002783264792,0.2599002783264792,0.002403265992161785,23_music,music,C_3000
TP,49,51,96,4.661092215948972,4.754097874080629,4.754097874080629,4.660742282867432,4.829999923706055,0.07590204962542568,0.07590204962542568,-0.00034993308153996594,23_music,music,C_3000
TP,50,54,30,4.758094368114261,6.168145976134523,6.168145976134523,4.76458215713501,6.021761894226074,-0.1463840819084492,-0.1463840819084492,0.006487789020749091,23_music,music,C_3000
TP,51,53,100,4.758094368114261,4.838091304055909,6.077151976073487,4.75959587097168,6.039999961853027,1.2019086577971185,-0.03715201422045933,0.0015015028574190126,23_music,music,C_3000
TP,52,52,42,4.7591001971495706,6.169151805169833,6.169151805169833,4.7573323249816895,6.039999961853027,-0.12915184331680596,-0.12915184331680596,-0.0017678721678811016,23_music,music,C_3000
TP,53,55,96,4.839097133091219,4.925088810083315,6.077151976073487,4.840265274047852,6.020134449005127,1.0950456389218122,-0.05701752706835972,0.0011681409566328682,23_music,music,C_3000
TP,54,56,93,4.926094639118625,5.013092145146031,6.077151976073487,4.930929660797119,6.039999961853027,1.0269078167069967,-0.03715201422045933,0.004835021678494478,23_music,music,C_3000
TP,55,57,84,5.017102050233466,5.101095480208746,5.1890988152714606,5.015110969543457,5.179999828338623,0.07890434812987746,-0.009098986932837505,-0.0019910806900087508,23_music,music,C_3000
TP,56,58,88,5.101095480208746,5.188106397289955,6.077151976073487,5.104628562927246,6.017475128173828,0.8293687308838731,-0.05967684789965855,0.003533082718500502,23_music,music,C_3000
TP,57,59,84,5.1890988152714606,5.27510390331736,6.077151976073487,5.193615913391113,6.02441930770874,0.7493154043913801,-0.05273266836474644,0.004517098119652729,23_music,music,C_3000
TP,58,60,81,5.27610973235267,5.363107238380076,6.077151976073487,5.284628391265869,6.024535655975342,0.6614284175952658,-0.052616320098144875,0.00851865891319914,23_music,music,C_3000
TP,59,61,72,5.363107238380076,5.44811990844447,5.539113908505508,5.367877960205078,5.53000020980835,0.08188030136387958,-0.009113698697158057,0.0047707218250021555,23_music,music,C_3000
TP,60,62,76,5.451110573442792,5.5341249964903705,6.077151976073487,5.4524688720703125,6.020050525665283,0.4859255291749127,-0.05710145040820347,0.001358298627520682,23_music,music,C_3000
TP,61,63,72,5.539113908505508,5.626124825586717,6.077151976073487,5.537903308868408,6.023283004760742,0.39715817917402507,-0.053868971312744485,-0.0012105996370994632,23_music,music,C_3000
TP,62,64,69,5.627117243568223,5.710131666615801,6.077151976073487,5.630065441131592,5.96999979019165,0.2598681235758491,-0.10715218588183628,0.0029481975633691704,23_music,music,C_3000
TP,63,65,60,5.710131666615801,5.798135001678517,5.885132507705922,5.718755722045898,5.869999885559082,0.07186488388056489,-0.015132622146840191,0.008624055430097144,23_music,music,C_3000
TP,64,67,62,5.798135001678517,5.884140089724417,6.077151976073487,5.8039960861206055,6.026782989501953,0.1426428997775364,-0.05036898657153355,0.005861084442088327,23_music,music,C_3000
TP,65,68,60,5.885132507705922,5.972143424787132,6.077151976073487,5.88491678237915,6.050000190734863,0.07785676594773161,-0.02715178533862339,-0.00021572532677183176,23_music,music,C_3000
TP,66,70,57,5.973135842768637,6.060146759849847,6.077151976073487,5.983855724334717,6.030274391174316,-0.029872368675530225,-0.046877584899170266,0.010719881566079614,23_music,music,C_3000
TP,67,71,48,6.060146759849847,6.171150052186649,6.171150052186649,6.0676069259643555,6.21999979019165,0.0488497380050017,0.0488497380050017,0.007460166114508837,23_music,music,C_3000
TP,68,73,31,6.172142470168154,6.875176732688374,7.575180097048857,6.182438373565674,7.519477367401123,0.6443006347127493,-0.05570272964773437,0.010295903397519623,23_music,music,C_3000
TP,69,72,43,6.176138964201786,6.8781673976866955,7.575180097048857,6.1817121505737305,7.519975185394287,0.6418077877075916,-0.05520491165457031,0.005573186371944594,23_music,music,C_3000
TP,70,74,47,6.263149881282995,6.3471567223120795,7.575180097048857,6.2693071365356445,7.520419597625732,1.173262875313653,-0.054760499423125,0.0061572552526492075,23_music,music,C_3000
TP,71,76,55,6.350147387310401,6.438150722373117,7.575180097048857,6.355952739715576,7.51926326751709,1.0811125451439727,-0.055916829531767576,0.0058053524051748795,23_music,music,C_3000
TP,72,77,59,6.438150722373117,6.521165145420696,6.616155639515364,6.443070888519287,7.53000020980835,1.0088350643876538,0.9138445702929854,0.004920166146169969,23_music,music,C_3000
TP,73,79,62,6.522157563402201,6.616155639515364,7.575180097048857,6.532999038696289,7.519111633300781,0.902955993785417,-0.05606846374807617,0.010841475294087743,23_music,music,C_3000
FN,74,,59,6.616155639515364,6.70415897457808,7.575180097048857,,,,,,23_music,music,C_3000
TP,75,81,67,6.70415897457808,6.7911698916592895,7.575180097048857,6.710251808166504,7.518779754638672,0.7276098629793823,-0.056400342410185544,0.006092833588423829,23_music,music,C_3000
TP,76,82,71,6.792162309640795,6.8781673976866955,6.970167226783043,6.79207181930542,6.960000038146973,0.08183264046027716,-0.010167188636070357,-9.04903353751152e-05,23_music,music,C_3000
TP,77,84,74,6.882163891720327,6.970167226783043,7.575180097048857,6.886157035827637,7.159999847412109,0.18983262062906636,-0.41518024963674804,0.003993144107309554,23_music,music,C_3000
TP,78,83,30,6.883169720755637,7.250176619159519,7.575180097048857,6.885395526885986,7.46999979019165,0.21982317103213145,-0.10518030685720703,0.0022258061303492838,23_music,music,C_3000
TP,79,85,42,6.883169720755637,7.251182448194829,7.575180097048857,6.88724422454834,7.51861047744751,0.26742802925268094,-0.056569619601347654,0.004074503792702799,23_music,music,C_3000
TP,80,86,71,6.970167226783043,7.065171131931516,7.575180097048857,6.967077732086182,7.519144535064697,0.45397340313318146,-0.056035561984160154,-0.0030894946968613723,23_music,music,C_3000
TP,81,87,79,7.065171131931516,7.155172714011047,7.575180097048857,7.072920322418213,7.521328449249268,0.36615573523822054,-0.05385164779958984,0.007749190486697088,23_music,music,C_3000
TP,82,88,83,7.158176790063172,7.251182448194829,7.344174695272681,7.165755748748779,7.340000152587891,0.0888177043930618,-0.004174542684790339,0.007578958685606985,23_music,music,C_3000
TP,83,90,86,7.253180695211644,7.341184030274359,7.575180097048857,7.2550458908081055,7.519607067108154,0.17842303683379512,-0.05557302994070312,0.0018651955964612554,23_music,music,C_3000
TP,84,91,28,7.25417311319315,7.628180581682788,7.628180581682788,7.2569122314453125,7.53000020980835,-0.09818037187443807,-0.09818037187443807,0.0027391182521627755,23_music,music,C_3000
TP,85,92,40,7.25417311319315,7.628180581682788,7.628180581682788,7.258124828338623,7.539999961853027,-0.08818061982976033,-0.08818061982976033,0.003951715145473322,23_music,music,C_3000
TP,86,93,83,7.344174695272681,7.435182106387522,7.575180097048857,7.351899147033691,7.539999961853027,0.10481785546550526,-0.035180135195830076,0.007724451761010442,23_music,music,C_3000
TP,87,94,91,7.436174524369028,7.533176676534316,7.575180097048857,7.431824684143066,7.52420711517334,-0.00896956136097593,-0.050972981875517576,-0.004349840225961188,23_music,music,C_3000
TP,88,95,93,7.534182505569626,7.629172999664293,7.629172999664293,7.537013530731201,7.710000038146973,0.08082703848267947,0.08082703848267947,0.0028310251615755178,23_music,music,C_3000
TP,89,98,98,7.629172999664293,7.716183916745503,8.961212507705916,7.6421284675598145,8.920000076293945,1.2038161595484427,-0.04121243141197084,0.012955467895521267,23_music,music,C_3000
TP,90,96,26,7.631171246681109,9.069198312936788,9.069198312936788,7.635276794433594,8.905285835266113,-0.1639124776706744,-0.1639124776706744,0.0041055477524851725,23_music,music,C_3000
TP,91,97,38,7.631171246681109,9.070204141972098,9.070204141972098,7.636025905609131,8.908896446228027,-0.1613076957440711,-0.1613076957440711,0.004854658928022282,23_music,music,C_3000
TP,92,99,93,7.716183916745503,7.806185498825034,8.961212507705916,7.716350078582764,8.90473461151123,1.0985491126861966,-0.056477896194685684,0.00016616183726103628,23_music,music,C_3000
TP,93,100,90,7.807177916806539,7.894188833887749,8.961212507705916,7.8130011558532715,8.90527057647705,1.011081742589302,-0.05594193122886537,0.005823239046732098,23_music,music,C_3000
TP,94,101,84,7.895181251869254,7.985182833948786,8.961212507705916,7.900683879852295,8.907319068908691,0.9221362349599058,-0.053893438797224746,0.0055026279830405755,23_music,music,C_3000
TP,95,102,86,7.988186910000911,8.072193751029994,8.961212507705916,7.993900299072266,8.905677795410156,0.8334840443801621,-0.0555347122957599,0.005713389071354769,23_music,music,C_3000
TP,96,103,81,8.0731861690115,8.166191827143157,8.961212507705916,8.0824613571167,8.904267311096191,0.7380754839530344,-0.056945196609724746,0.009275188105199561,23_music,music,C_3000
TP,97,104,78,8.167197656178468,8.251204497207551,8.961212507705916,8.170344352722168,8.529999732971191,0.2787952357636403,-0.43121277473472475,0.003146696543700145,23_music,music,C_3000
TP,98,105,72,8.254195162205873,8.345202573320714,8.961212507705916,8.26513671875,8.904556274414062,0.5593537010933485,-0.05665623329185365,0.010941556544127096,23_music,music,C_3000
TP,99,106,74,8.349199067354345,8.439200649433875,8.961212507705916,8.353367805480957,8.699999809265137,0.26079915983126156,-0.26121269844077943,0.004168738126612226,23_music,music,C_3000
TP,100,107,69,8.44019306741538,8.527203984496591,8.961212507705916,8.44682502746582,8.800000190734863,0.2727962062382723,-0.16121231697105287,0.006631960050439645,23_music,music,C_3000
TP,101,109,66,8.528196402478097,8.611210825525674,8.961212507705916,8.53510856628418,8.90506649017334,0.29385566464766555,-0.05614601753257631,0.006912163806083171,23_music,music,C_3000
TP,102,110,60,8.615207319559305,8.706214730674146,8.961212507705916,8.626297950744629,8.905529975891113,0.19931524521696709,-0.05568253181480287,0.01109063118532383,23_music,music,C_3000
TP,103,112,62,8.706214730674146,8.796216312753678,8.961212507705916,8.714818954467773,8.904772758483887,0.1085564457302084,-0.056439749222029434,0.008604223793627241,23_music,music,C_3000
TP,104,113,57,8.800212806787309,8.888216141850025,8.961212507705916,8.807355880737305,8.903863906860352,0.01564776501032661,-0.05734860084556459,0.007143073949995582,23_music,music,C_3000
TP,105,115,54,8.888216141850025,8.979196730857257,8.979196730857257,8.892799377441406,8.975049018859863,-0.004147711997394055,-0.004147711997394055,0.004583235591381296,23_music,music,C_3000
TP,106,116,48,8.979196730857257,9.07319480697042,9.07319480697042,8.984845161437988,9.119999885559082,0.046805078588661786,0.046805078588661786,0.005648430580730945,23_music,music,C_3000
TP,107,118,31,9.074200636005731,11.877312046876423,11.877312046876423,9.084869384765625,10.40999984741211,-1.4673121994643132,-1.4673121994643132,0.010668748759893987,23_music,music,C_3000
TP,108,117,43,9.077204712057856,11.877312046876423,11.877312046876423,9.084121704101562,11.680000305175781,-0.19731174170064136,-0.19731174170064136,0.006916992043706216,23_music,music,C_3000
TP,109,119,48,9.157201647999504,9.24520498306222,10.431265170445867,9.174429893493652,10.350000381469727,1.1047953984075072,-0.08126478897614042,0.01722824549414881,23_music,music,C_3000
TP,110,120,53,9.248209059114345,9.333208318124935,10.431265170445867,9.250312805175781,10.359712600708008,1.0265042825830726,-0.07155256973785917,0.0021037460614365955,23_music,music,C_3000
TP,111,121,56,9.333208318124935,9.419213406170835,10.431265170445867,9.344529151916504,10.357769012451172,0.9385556062803371,-0.07349615799469511,0.011320833791568674,23_music,music,C_3000
TP,112,123,62,9.420219235206146,9.50721674123355,10.431265170445867,9.426461219787598,10.359334945678711,0.8521182044451603,-0.07193022476715605,0.006241984581452087,23_music,music,C_3000
TP,113,124,60,9.508222570268861,9.595220076296266,10.431265170445867,9.519851684570312,10.361191749572754,0.7659716732764874,-0.07007342087311308,0.011629114301451082,23_music,music,C_3000
TP,114,125,65,9.595220076296266,9.683223411358982,10.431265170445867,9.60018253326416,10.361334800720215,0.6781113893612325,-0.06993036972565214,0.004962456967893658,23_music,music,C_3000
TP,115,126,68,9.683223411358982,9.769228499404882,10.431265170445867,9.690853118896484,10.3588228225708,0.5895943231659189,-0.0724423478750662,0.0076297075375020285,23_music,music,C_3000
TP,116,127,74,9.770234328440193,9.854241169469276,10.431265170445867,9.771276473999023,10.360502243041992,0.5062610735727162,-0.0707629274038748,0.0010421455588307538,23_music,music,C_3000
TP,117,128,72,9.854241169469276,9.941238675496681,10.431265170445867,9.865497589111328,10.361613273620605,0.4203745981239244,-0.06965189682526152,0.011256419642052151,23_music,music,C_3000
TP,118,129,77,9.945235169530312,10.028236181524086,10.431265170445867,9.949056625366211,10.363682746887207,0.3354465653631209,-0.06758242355865995,0.0038214558358991013,23_music,music,C_3000
FP,,0,24,,,,0.5229403972625732,0.5299999713897705,,,,23_music,music,C_3000
FP,,9,60,,,,1.1314023733139038,2.859999895095825,,,,23_music,music,C_3000
FP,,66,74,,,,5.803184986114502,6.023770809173584,,,,23_music,music,C_3000
FP,,69,69,,,,5.980332374572754,6.022531032562256,,,,23_music,music,C_3000
FP,,75,59,,,,6.270425319671631,6.429999828338623,,,,23_music,music,C_3000
FP,,78,74,,,,6.530662536621094,6.880000114440918,,,,23_music,music,C_3000
FP,,80,79,,,,6.707511901855469,6.71999979019165,,,,23_music,music,C_3000
FP,,89,74,,,,7.171367645263672,7.517829895019531,,,,23_music,music,C_3000
FP,,108,78,,,,8.535003662109375,8.905811309814453,,,,23_music,music,C_3000
FP,,111,74,,,,8.713913917541504,8.90489387512207,,,,23_music,music,C_3000
FP,,114,69,,,,8.81171989440918,8.90340518951416,,,,23_music,music,C_3000
FP,,122,74,,,,9.42530632019043,9.760000228881836,,,,23_music,music,C_3000
TP,0,1,36,0.5259815301980652,3.329079530014954,3.329079530014954,0.5262801051139832,0.6499999761581421,-2.6790795538568117,-2.6790795538568117,0.000298574915918004,23_music,music,D_no_cap
TP,1,2,48,0.5259815301980652,0.6139848652607807,0.6139848652607807,0.5281620025634766,0.6100000143051147,-0.0039848509556659195,-0.0039848509556659195,0.002180472365411412,23_music,music,D_no_cap
TP,2,3,48,0.6139848652607807,3.224084389782403,3.2280808838160344,0.6207243204116821,0.7599999904632568,-2.4640843993191464,-2.4680808933527776,0.006739455150901463,23_music,music,D_no_cap
TP,3,4,55,0.6939952122562334,0.7819985473189489,3.134082807702872,0.6971903443336487,3.130000114440918,2.348001567121969,-0.004082693261953985,0.003195132077415286,23_music,music,D_no_cap
TP,4,5,60,0.7830043763542588,0.8690094644001587,0.9570127994628742,0.7877418994903564,0.9399999976158142,0.07099053321565552,-0.01701280184706,0.004737523136097654,23_music,music,D_no_cap
TP,5,6,64,0.8690094644001587,0.9560069704275643,2.952081396526994,0.8669558167457581,2.950000047683716,1.9939930772561514,-0.0020813488432782634,-0.0020536476544006366,23_music,music,D_no_cap
TP,6,7,60,0.9570127994628742,1.0400138114566484,2.86807455549791,0.9481654167175293,1.1200000047683716,0.07998619331172319,-1.7480745507295383,-0.008847382745344912,23_music,music,D_no_cap
TP,7,8,67,1.0450161345255897,1.1320136405529952,2.7730706503494376,1.0432051420211792,2.7699999809265137,1.6379863403735184,-0.0030706694229238884,-0.0018109925044105246,23_music,music,D_no_cap
TP,8,10,72,1.1320136405529952,1.2160204815820794,1.3000273226111636,1.1350040435791016,1.2799999713897705,0.06397948980769108,-0.020027351221393097,0.002990403026106314,23_music,music,D_no_cap
TP,9,11,76,1.2160204815820794,1.2990214935758537,2.594073315225685,1.218956708908081,2.5899999141693115,1.2909784205934578,-0.004073401056373438,0.002936227326001628,23_music,music,D_no_cap
TP,10,12,72,1.3000273226111636,1.3870248286385691,2.507062398144475,1.2940443754196167,2.5,1.1129751713614309,-0.007062398144475068,-0.005982947191546906,23_music,music,D_no_cap
TP,11,13,79,1.388030657673879,1.4710316696676533,2.4270788732566304,1.3932080268859863,2.4200000762939453,0.948968406626292,-0.007078796962685097,0.005177369212107319,23_music,music,D_no_cap
TP,12,14,84,1.4750281637012848,1.559035004730369,1.6470383397930843,1.477866291999817,1.6399999856948853,0.08096498096451632,-0.007038354098199084,0.0028381282985321388,23_music,music,D_no_cap
TP,13,15,88,1.559035004730369,1.6460325107577745,2.2520646211127047,1.5605367422103882,2.240000009536743,0.5939674987789687,-0.012064611575961504,0.0015017374800192496,23_music,music,D_no_cap
TP,14,16,84,1.6470383397930843,1.7340358458204899,2.1640612860499893,1.6492496728897095,2.1500000953674316,0.4159642495469418,-0.014061190682557623,0.0022113330966251343,23_music,music,D_no_cap
TP,15,17,91,1.7350416748557997,1.8210467629016995,2.0780561980040893,1.733665108680725,2.059999942779541,0.23895317987784148,-0.018056255224548234,-0.001376566175074645,23_music,music,D_no_cap
TP,16,18,96,1.8210467629016995,1.908044268929105,1.9900528629413734,1.8242422342300415,1.9800000190734863,0.07195575014438127,-0.010052843867887074,0.00319547132834197,23_music,music,D_no_cap
TP,17,19,100,1.909050097964415,1.9890604449598677,3.253092499160741,1.9073599576950073,3.2066292762756348,1.217568831315767,-0.04646322288510607,-0.001690140269407614,23_music,music,D_no_cap
TP,18,20,96,1.9900528629413734,2.0770637800225833,3.253092499160741,1.9872171878814697,3.208730936050415,1.1316671560278317,-0.0443615631103258,-0.002835675059903675,23_music,music,D_no_cap
TP,19,21,91,2.0780561980040893,2.1640612860499893,3.253092499160741,2.0715510845184326,3.20961332321167,1.0455520371616807,-0.043479175949070914,-0.006505113485656633,23_music,music,D_no_cap
TP,20,22,84,2.1640612860499893,2.2520646211127047,2.3400679561754205,2.164767265319824,2.3299999237060547,0.07793530259335002,-0.010068032469365829,0.0007059792698349554,23_music,music,D_no_cap
TP,21,23,88,2.2520646211127047,2.3390755381939146,3.253092499160741,2.2536134719848633,3.2092349529266357,0.8701594147327212,-0.043857546234105094,0.0015488508721586136,23_music,music,D_no_cap
TP,22,24,84,2.3400679561754205,2.423068968169195,3.253092499160741,2.3386995792388916,3.2093989849090576,0.7863300167398628,-0.04369351425168322,-0.0013683769365289145,23_music,music,D_no_cap
TP,23,25,79,2.4270788732566304,2.507062398144475,3.253092499160741,2.4315977096557617,3.2088685035705566,0.7018061054260816,-0.044223995590184195,0.00451883639913131,23_music,music,D_no_cap
TP,24,26,72,2.507062398144475,2.5910692391735592,2.686073144322032,2.514909029006958,2.680000066757202,0.0889308275836429,-0.006073077564829887,0.00784663086248294,23_music,music,D_no_cap
TP,25,27,76,2.594073315225685,2.685067315286722,3.253092499160741,2.597788095474243,3.2071242332458496,0.5220569179591275,-0.045968265914891226,0.0037147802485582027,23_music,music,D_no_cap
TP,26,28,72,2.686073144322032,2.7730706503494376,3.253092499160741,2.6875,3.20868182182312,0.43561117147368256,-0.04441067733762072,0.0014268556779679642,23_music,music,D_no_cap
TP,27,29,67,2.7730706503494376,2.86807455549791,3.253092499160741,2.7785589694976807,3.207704544067383,0.3396299885694729,-0.04538795509335802,0.005488319148243104,23_music,music,D_no_cap
TP,28,30,60,2.86807455549791,2.951075567491684,3.0470853016754664,2.8734233379364014,3.0399999618530273,0.08892439436134314,-0.007085339822439085,0.005348782438491462,23_music,music,D_no_cap
TP,29,31,64,2.952081396526994,3.0460794726401565,3.253092499160741,2.9555351734161377,3.207329034805298,0.1612495621651413,-0.045763464355442984,0.0034537768891436116,23_music,music,D_no_cap
TP,30,32,60,3.0470853016754664,3.134082807702872,3.253092499160741,3.0485565662384033,3.205995559692383,0.07191275198951086,-0.04709693946835802,0.0014712645629368915,23_music,music,D_no_cap
TP,31,33,55,3.134082807702872,3.225090218817713,3.253092499160741,3.14335560798645,3.209777355194092,-0.015312863623621276,-0.04331514396664904,0.009272800283578242,23_music,music,D_no_cap
TP,32,34,48,3.2280808838160344,3.3300853590502637,3.3300853590502637,3.2286527156829834,3.2899999618530273,-0.04008539719723636,-0.04008539719723636,0.0005718318669489797,23_music,music,D_no_cap
TP,33,36,29,3.333076024048585,4.751107209082307,4.751107209082307,3.335688829421997,6.019786834716797,1.2686796256344897,1.2686796256344897,0.0026128053734120193,23_music,music,D_no_cap
TP,34,35,41,3.334081853083895,4.754097874080629,4.754097874080629,3.3355231285095215,5.639999866485596,0.8859019924049667,0.8859019924049667,0.0014412754256265536,23_music,music,D_no_cap
TP,35,37,48,3.417069454023865,3.5040803711050748,4.6310916885891285,3.4161734580993652,4.340000152587891,0.8359197814828159,-0.2910915360012378,-0.0008959959244996263,23_music,music,D_no_cap
TP,36,38,57,3.5050727890865807,3.595074371166112,4.6310916885891285,3.5105483531951904,4.574379920959473,0.9793055497933607,-0.056711767629655796,0.005475564108609721,23_music,music,D_no_cap
TP,37,39,60,3.596080200201422,3.6830777062288274,3.7740851173436685,3.6066789627075195,3.759999990463257,0.07692228423442948,-0.014085126880411636,0.010598762506097703,23_music,music,D_no_cap
TP,38,40,65,3.6870742002624586,3.7710810412915428,4.6310916885891285,3.68694806098938,4.670000076293945,0.8989190350024026,0.03890838770481686,-0.00012613927307869588,23_music,music,D_no_cap
TP,39,41,60,3.7740851173436685,3.8510779772331913,4.6310916885891285,3.771932363510132,4.574777126312256,0.7236991490790645,-0.05631456227687259,-0.002152753833536636,23_music,music,D_no_cap
TP,40,42,69,3.8550744712668226,3.945076053346354,4.6310916885891285,3.8580551147460938,4.576929092407227,0.6318530390608728,-0.05416259618190189,0.0029806434792711833,23_music,music,D_no_cap
TP,41,43,72,3.9460818823816637,4.033079388409069,4.121082723471785,3.956278085708618,4.110000133514404,0.07692074510533509,-0.011082589957380762,0.010196203326954478,23_music,music,D_no_cap
TP,42,44,77,4.033079388409069,4.121082723471785,4.6310916885891285,4.0411696434021,4.670000076293945,0.5489173528221603,0.03890838770481686,0.008090254993030399,23_music,music,D_no_cap
TP,43,45,72,4.121082723471785,4.204083735465559,4.6310916885891285,4.115929126739502,4.860000133514404,0.6559163980488449,0.22890844492527584,-0.0051535967322831056,23_music,music,D_no_cap
TP,44,46,81,4.209086058534501,4.299087640614032,4.6310916885891285,4.216033458709717,4.679999828338623,0.3809121877245909,0.048908139749494595,0.00694740017521589,23_music,music,D_no_cap
TP,45,47,84,4.302091716666157,4.387090975676747,4.478098386791588,4.306614398956299,4.46999979019165,0.08290881451490328,-0.008098596599937835,0.004522682290141411,23_music,music,D_no_cap
TP,46,48,89,4.387090975676747,4.477092557756278,4.6310916885891285,4.385801315307617,6.0,1.5229074422437217,1.3689083114108715,-0.001289660369129919,23_music,music,D_no_cap
TP,47,49,84,4.478098386791588,4.565095892818994,4.6310916885891285,4.4846882820129395,5.010000228881836,0.44490433606284174,0.3789085402927075,0.006589895221351227,23_music,music,D_no_cap
TP,48,50,93,4.5680999688711195,4.660099797967466,4.660099797967466,4.570503234863281,4.920000076293945,0.2599002783264792,0.2599002783264792,0.002403265992161785,23_music,music,D_no_cap
TP,49,51,96,4.661092215948972,4.754097874080629,4.754097874080629,4.660742282867432,4.829999923706055,0.07590204962542568,0.07590204962542568,-0.00034993308153996594,23_music,music,D_no_cap
TP,50,54,30,4.758094368114261,6.168145976134523,6.168145976134523,4.76458215713501,6.021761894226074,-0.1463840819084492,-0.1463840819084492,0.006487789020749091,23_music,music,D_no_cap
TP,51,53,100,4.758094368114261,4.838091304055909,6.077151976073487,4.75959587097168,6.039999961853027,1.2019086577971185,-0.03715201422045933,0.0015015028574190126,23_music,music,D_no_cap
TP,52,52,42,4.7591001971495706,6.169151805169833,6.169151805169833,4.7573323249816895,6.039999961853027,-0.12915184331680596,-0.12915184331680596,-0.0017678721678811016,23_music,music,D_no_cap
TP,53,55,96,4.839097133091219,4.925088810083315,6.077151976073487,4.840265274047852,6.020134449005127,1.0950456389218122,-0.05701752706835972,0.0011681409566328682,23_music,music,D_no_cap
TP,54,56,93,4.926094639118625,5.013092145146031,6.077151976073487,4.930929660797119,6.039999961853027,1.0269078167069967,-0.03715201422045933,0.004835021678494478,23_music,music,D_no_cap
TP,55,57,84,5.017102050233466,5.101095480208746,5.1890988152714606,5.015110969543457,5.179999828338623,0.07890434812987746,-0.009098986932837505,-0.0019910806900087508,23_music,music,D_no_cap
TP,56,58,88,5.101095480208746,5.188106397289955,6.077151976073487,5.104628562927246,6.017475128173828,0.8293687308838731,-0.05967684789965855,0.003533082718500502,23_music,music,D_no_cap
TP,57,59,84,5.1890988152714606,5.27510390331736,6.077151976073487,5.193615913391113,6.02441930770874,0.7493154043913801,-0.05273266836474644,0.004517098119652729,23_music,music,D_no_cap
TP,58,60,81,5.27610973235267,5.363107238380076,6.077151976073487,5.284628391265869,6.024535655975342,0.6614284175952658,-0.052616320098144875,0.00851865891319914,23_music,music,D_no_cap
TP,59,61,72,5.363107238380076,5.44811990844447,5.539113908505508,5.367877960205078,5.53000020980835,0.08188030136387958,-0.009113698697158057,0.0047707218250021555,23_music,music,D_no_cap
TP,60,62,76,5.451110573442792,5.5341249964903705,6.077151976073487,5.4524688720703125,6.020050525665283,0.4859255291749127,-0.05710145040820347,0.001358298627520682,23_music,music,D_no_cap
TP,61,63,72,5.539113908505508,5.626124825586717,6.077151976073487,5.537903308868408,6.023283004760742,0.39715817917402507,-0.053868971312744485,-0.0012105996370994632,23_music,music,D_no_cap
TP,62,64,69,5.627117243568223,5.710131666615801,6.077151976073487,5.630065441131592,5.96999979019165,0.2598681235758491,-0.10715218588183628,0.0029481975633691704,23_music,music,D_no_cap
TP,63,65,60,5.710131666615801,5.798135001678517,5.885132507705922,5.718755722045898,5.869999885559082,0.07186488388056489,-0.015132622146840191,0.008624055430097144,23_music,music,D_no_cap
TP,64,67,62,5.798135001678517,5.884140089724417,6.077151976073487,5.8039960861206055,6.026782989501953,0.1426428997775364,-0.05036898657153355,0.005861084442088327,23_music,music,D_no_cap
TP,65,68,60,5.885132507705922,5.972143424787132,6.077151976073487,5.88491678237915,6.050000190734863,0.07785676594773161,-0.02715178533862339,-0.00021572532677183176,23_music,music,D_no_cap
TP,66,70,57,5.973135842768637,6.060146759849847,6.077151976073487,5.983855724334717,6.030274391174316,-0.029872368675530225,-0.046877584899170266,0.010719881566079614,23_music,music,D_no_cap
TP,67,71,48,6.060146759849847,6.171150052186649,6.171150052186649,6.0676069259643555,6.21999979019165,0.0488497380050017,0.0488497380050017,0.007460166114508837,23_music,music,D_no_cap
TP,68,73,31,6.172142470168154,6.875176732688374,7.575180097048857,6.182438373565674,7.519477367401123,0.6443006347127493,-0.05570272964773437,0.010295903397519623,23_music,music,D_no_cap
TP,69,72,43,6.176138964201786,6.8781673976866955,7.575180097048857,6.1817121505737305,7.519975185394287,0.6418077877075916,-0.05520491165457031,0.005573186371944594,23_music,music,D_no_cap
TP,70,74,47,6.263149881282995,6.3471567223120795,7.575180097048857,6.2693071365356445,7.520419597625732,1.173262875313653,-0.054760499423125,0.0061572552526492075,23_music,music,D_no_cap
TP,71,76,55,6.350147387310401,6.438150722373117,7.575180097048857,6.355952739715576,7.51926326751709,1.0811125451439727,-0.055916829531767576,0.0058053524051748795,23_music,music,D_no_cap
TP,72,77,59,6.438150722373117,6.521165145420696,6.616155639515364,6.443070888519287,7.53000020980835,1.0088350643876538,0.9138445702929854,0.004920166146169969,23_music,music,D_no_cap
TP,73,79,62,6.522157563402201,6.616155639515364,7.575180097048857,6.532999038696289,7.519111633300781,0.902955993785417,-0.05606846374807617,0.010841475294087743,23_music,music,D_no_cap
FN,74,,59,6.616155639515364,6.70415897457808,7.575180097048857,,,,,,23_music,music,D_no_cap
TP,75,81,67,6.70415897457808,6.7911698916592895,7.575180097048857,6.710251808166504,7.518779754638672,0.7276098629793823,-0.056400342410185544,0.006092833588423829,23_music,music,D_no_cap
TP,76,82,71,6.792162309640795,6.8781673976866955,6.970167226783043,6.79207181930542,6.960000038146973,0.08183264046027716,-0.010167188636070357,-9.04903353751152e-05,23_music,music,D_no_cap
TP,77,84,74,6.882163891720327,6.970167226783043,7.575180097048857,6.886157035827637,7.159999847412109,0.18983262062906636,-0.41518024963674804,0.003993144107309554,23_music,music,D_no_cap
TP,78,83,30,6.883169720755637,7.250176619159519,7.575180097048857,6.885395526885986,7.46999979019165,0.21982317103213145,-0.10518030685720703,0.0022258061303492838,23_music,music,D_no_cap
TP,79,85,42,6.883169720755637,7.251182448194829,7.575180097048857,6.88724422454834,7.51861047744751,0.26742802925268094,-0.056569619601347654,0.004074503792702799,23_music,music,D_no_cap
TP,80,86,71,6.970167226783043,7.065171131931516,7.575180097048857,6.967077732086182,7.519144535064697,0.45397340313318146,-0.056035561984160154,-0.0030894946968613723,23_music,music,D_no_cap
TP,81,87,79,7.065171131931516,7.155172714011047,7.575180097048857,7.072920322418213,7.521328449249268,0.36615573523822054,-0.05385164779958984,0.007749190486697088,23_music,music,D_no_cap
TP,82,88,83,7.158176790063172,7.251182448194829,7.344174695272681,7.165755748748779,7.340000152587891,0.0888177043930618,-0.004174542684790339,0.007578958685606985,23_music,music,D_no_cap
TP,83,90,86,7.253180695211644,7.341184030274359,7.575180097048857,7.2550458908081055,7.519607067108154,0.17842303683379512,-0.05557302994070312,0.0018651955964612554,23_music,music,D_no_cap
TP,84,91,28,7.25417311319315,7.628180581682788,7.628180581682788,7.2569122314453125,7.53000020980835,-0.09818037187443807,-0.09818037187443807,0.0027391182521627755,23_music,music,D_no_cap
TP,85,92,40,7.25417311319315,7.628180581682788,7.628180581682788,7.258124828338623,7.539999961853027,-0.08818061982976033,-0.08818061982976033,0.003951715145473322,23_music,music,D_no_cap
TP,86,93,83,7.344174695272681,7.435182106387522,7.575180097048857,7.351899147033691,7.539999961853027,0.10481785546550526,-0.035180135195830076,0.007724451761010442,23_music,music,D_no_cap
TP,87,94,91,7.436174524369028,7.533176676534316,7.575180097048857,7.431824684143066,7.52420711517334,-0.00896956136097593,-0.050972981875517576,-0.004349840225961188,23_music,music,D_no_cap
TP,88,95,93,7.534182505569626,7.629172999664293,7.629172999664293,7.537013530731201,7.710000038146973,0.08082703848267947,0.08082703848267947,0.0028310251615755178,23_music,music,D_no_cap
TP,89,98,98,7.629172999664293,7.716183916745503,8.961212507705916,7.6421284675598145,8.920000076293945,1.2038161595484427,-0.04121243141197084,0.012955467895521267,23_music,music,D_no_cap
TP,90,96,26,7.631171246681109,9.069198312936788,9.069198312936788,7.635276794433594,8.905285835266113,-0.1639124776706744,-0.1639124776706744,0.0041055477524851725,23_music,music,D_no_cap
TP,91,97,38,7.631171246681109,9.070204141972098,9.070204141972098,7.636025905609131,8.908896446228027,-0.1613076957440711,-0.1613076957440711,0.004854658928022282,23_music,music,D_no_cap
TP,92,99,93,7.716183916745503,7.806185498825034,8.961212507705916,7.716350078582764,8.90473461151123,1.0985491126861966,-0.056477896194685684,0.00016616183726103628,23_music,music,D_no_cap
TP,93,100,90,7.807177916806539,7.894188833887749,8.961212507705916,7.8130011558532715,8.90527057647705,1.011081742589302,-0.05594193122886537,0.005823239046732098,23_music,music,D_no_cap
TP,94,101,84,7.895181251869254,7.985182833948786,8.961212507705916,7.900683879852295,8.907319068908691,0.9221362349599058,-0.053893438797224746,0.0055026279830405755,23_music,music,D_no_cap
TP,95,102,86,7.988186910000911,8.072193751029994,8.961212507705916,7.993900299072266,8.905677795410156,0.8334840443801621,-0.0555347122957599,0.005713389071354769,23_music,music,D_no_cap
TP,96,103,81,8.0731861690115,8.166191827143157,8.961212507705916,8.0824613571167,8.904267311096191,0.7380754839530344,-0.056945196609724746,0.009275188105199561,23_music,music,D_no_cap
TP,97,104,78,8.167197656178468,8.251204497207551,8.961212507705916,8.170344352722168,8.529999732971191,0.2787952357636403,-0.43121277473472475,0.003146696543700145,23_music,music,D_no_cap
TP,98,105,72,8.254195162205873,8.345202573320714,8.961212507705916,8.26513671875,8.904556274414062,0.5593537010933485,-0.05665623329185365,0.010941556544127096,23_music,music,D_no_cap
TP,99,106,74,8.349199067354345,8.439200649433875,8.961212507705916,8.353367805480957,8.699999809265137,0.26079915983126156,-0.26121269844077943,0.004168738126612226,23_music,music,D_no_cap
TP,100,107,69,8.44019306741538,8.527203984496591,8.961212507705916,8.44682502746582,8.800000190734863,0.2727962062382723,-0.16121231697105287,0.006631960050439645,23_music,music,D_no_cap
TP,101,109,66,8.528196402478097,8.611210825525674,8.961212507705916,8.53510856628418,8.90506649017334,0.29385566464766555,-0.05614601753257631,0.006912163806083171,23_music,music,D_no_cap
TP,102,110,60,8.615207319559305,8.706214730674146,8.961212507705916,8.626297950744629,8.905529975891113,0.19931524521696709,-0.05568253181480287,0.01109063118532383,23_music,music,D_no_cap
TP,103,112,62,8.706214730674146,8.796216312753678,8.961212507705916,8.714818954467773,8.904772758483887,0.1085564457302084,-0.056439749222029434,0.008604223793627241,23_music,music,D_no_cap
TP,104,113,57,8.800212806787309,8.888216141850025,8.961212507705916,8.807355880737305,8.903863906860352,0.01564776501032661,-0.05734860084556459,0.007143073949995582,23_music,music,D_no_cap
TP,105,115,54,8.888216141850025,8.979196730857257,8.979196730857257,8.892799377441406,8.975049018859863,-0.004147711997394055,-0.004147711997394055,0.004583235591381296,23_music,music,D_no_cap
TP,106,116,48,8.979196730857257,9.07319480697042,9.07319480697042,8.984845161437988,9.119999885559082,0.046805078588661786,0.046805078588661786,0.005648430580730945,23_music,music,D_no_cap
TP,107,118,31,9.074200636005731,11.877312046876423,11.877312046876423,9.084869384765625,10.40999984741211,-1.4673121994643132,-1.4673121994643132,0.010668748759893987,23_music,music,D_no_cap
TP,108,117,43,9.077204712057856,11.877312046876423,11.877312046876423,9.084121704101562,11.680000305175781,-0.19731174170064136,-0.19731174170064136,0.006916992043706216,23_music,music,D_no_cap
TP,109,119,48,9.157201647999504,9.24520498306222,10.431265170445867,9.174429893493652,10.350000381469727,1.1047953984075072,-0.08126478897614042,0.01722824549414881,23_music,music,D_no_cap
TP,110,120,53,9.248209059114345,9.333208318124935,10.431265170445867,9.250312805175781,10.359712600708008,1.0265042825830726,-0.07155256973785917,0.0021037460614365955,23_music,music,D_no_cap
TP,111,121,56,9.333208318124935,9.419213406170835,10.431265170445867,9.344529151916504,10.357769012451172,0.9385556062803371,-0.07349615799469511,0.011320833791568674,23_music,music,D_no_cap
TP,112,123,62,9.420219235206146,9.50721674123355,10.431265170445867,9.426461219787598,10.359334945678711,0.8521182044451603,-0.07193022476715605,0.006241984581452087,23_music,music,D_no_cap
TP,113,124,60,9.508222570268861,9.595220076296266,10.431265170445867,9.519851684570312,10.361191749572754,0.7659716732764874,-0.07007342087311308,0.011629114301451082,23_music,music,D_no_cap
TP,114,125,65,9.595220076296266,9.683223411358982,10.431265170445867,9.60018253326416,10.361334800720215,0.6781113893612325,-0.06993036972565214,0.004962456967893658,23_music,music,D_no_cap
TP,115,126,68,9.683223411358982,9.769228499404882,10.431265170445867,9.690853118896484,10.3588228225708,0.5895943231659189,-0.0724423478750662,0.0076297075375020285,23_music,music,D_no_cap
TP,116,127,74,9.770234328440193,9.854241169469276,10.431265170445867,9.771276473999023,10.360502243041992,0.5062610735727162,-0.0707629274038748,0.0010421455588307538,23_music,music,D_no_cap
TP,117,128,72,9.854241169469276,9.941238675496681,10.431265170445867,9.865497589111328,10.361613273620605,0.4203745981239244,-0.06965189682526152,0.011256419642052151,23_music,music,D_no_cap
TP,118,129,77,9.945235169530312,10.028236181524086,10.431265170445867,9.949056625366211,10.363682746887207,0.3354465653631209,-0.06758242355865995,0.0038214558358991013,23_music,music,D_no_cap
FP,,0,24,,,,0.5229403972625732,0.5299999713897705,,,,23_music,music,D_no_cap
FP,,9,60,,,,1.1314023733139038,2.859999895095825,,,,23_music,music,D_no_cap
FP,,66,74,,,,5.803184986114502,6.023770809173584,,,,23_music,music,D_no_cap
FP,,69,69,,,,5.980332374572754,6.022531032562256,,,,23_music,music,D_no_cap
FP,,75,59,,,,6.270425319671631,6.429999828338623,,,,23_music,music,D_no_cap
FP,,78,74,,,,6.530662536621094,6.880000114440918,,,,23_music,music,D_no_cap
FP,,80,79,,,,6.707511901855469,6.71999979019165,,,,23_music,music,D_no_cap
FP,,89,74,,,,7.171367645263672,7.517829895019531,,,,23_music,music,D_no_cap
FP,,108,78,,,,8.535003662109375,8.905811309814453,,,,23_music,music,D_no_cap
FP,,111,74,,,,8.713913917541504,8.90489387512207,,,,23_music,music,D_no_cap
FP,,114,69,,,,8.81171989440918,8.90340518951416,,,,23_music,music,D_no_cap
FP,,122,74,,,,9.42530632019043,9.760000228881836,,,,23_music,music,D_no_cap
TP,0,0,70,1.111977526169622,1.429980433973205,1.429980433973205,1.1258666515350342,1.235597014427185,-0.1943834195460199,-0.1943834195460199,0.013889125365412092,24_music,music,A_600
TP,1,1,70,1.429980433973205,1.534975574205756,1.9549561351359601,1.4214709997177124,1.9700000286102295,0.43502445440447346,0.015043893474269376,-0.008509434255492554,24_music,music,A_600
TP,2,2,39,1.4339769280068364,1.535981403241066,1.751966424756615,1.4278866052627563,1.7000000476837158,0.1640186444426499,-0.051966377072899084,-0.006090322744080057,24_music,music,A_600
TP,3,3,58,1.5379796502578815,1.6399707144383069,2.1649598266548664,1.5672651529312134,2.1700000762939453,0.5300293618556384,0.0050402496390788976,0.029285502673331854,24_music,music,A_600
FN,4,,55,1.5389720682393873,1.6409765434736168,1.8579673940244759,,,,,,24_music,music,A_600
TP,5,6,67,1.6429747904904324,1.7489623487044892,2.1649598266548664,1.6731678247451782,2.1700000762939453,0.4210377275894561,0.0050402496390788976,0.030193034254745843,24_music,music,A_600
TP,6,5,46,1.6439672084719381,1.7489623487044892,1.9579602111880858,1.624267339706421,1.8899999856948853,0.14103763699039606,-0.06796022549320058,-0.019699868765517214,24_music,music,A_600
TP,7,7,39,1.751966424756615,1.856961564989166,2.0599646864223153,1.7087693214416504,2.049999952316284,0.1930383873271182,-0.009964734106031159,-0.04319710331496451,24_music,music,A_600
TP,8,8,75,1.751966424756615,1.8529650709555345,2.263946814783166,1.7744468450546265,2.2899999618530273,0.4370348908974928,0.026053147069861282,0.02248042029801156,24_music,music,A_600
FN,9,,55,1.8579673940244759,1.9549561351359601,2.573943323465682,,,,,,24_music,music,A_600
TP,10,9,63,1.8579673940244759,1.9509596411023287,2.4669499362163156,1.8697702884674072,2.4800000190734863,0.5290403779711577,0.013050082857170686,0.011802894442931366,24_music,music,A_600
TP,11,11,70,1.9549561351359601,2.0569606103701896,2.4659441071810058,1.9821499586105347,2.4800000190734863,0.4230394087032967,0.014055911892480566,0.027193823474574552,24_music,music,A_600
FN,12,,46,1.9579602111880858,2.0569606103701896,2.263946814783166,,,,,,24_music,music,A_600
TP,13,12,39,2.0599646864223153,2.1649598266548664,2.3679495370342116,2.0571837425231934,2.369999885559082,0.20504005890421562,0.0020503485248704045,-0.0027809438991219793,24_music,music,A_600
TP,14,13,79,2.0599646864223153,2.1619557506027407,2.5709392474135564,2.0660176277160645,2.5799999237060547,0.418044173103314,0.009060676292498293,0.0060529412937491145,24_music,music,A_600
TP,15,15,58,2.1649598266548664,2.26295439680166,2.8749410150456254,2.184551239013672,2.5,0.2370456031983399,-0.3749410150456254,0.01959141235880546,24_music,music,A_600
TP,16,14,67,2.1649598266548664,2.258957902768029,2.77093829279458,2.1828980445861816,2.7799999713897705,0.5210420686217416,0.009061678595190692,0.017938217931315226,24_music,music,A_600
TP,17,16,46,2.263946814783166,2.364945460982086,2.6739361406292916,2.2364842891693115,2.680000066757202,0.31505460577511624,0.006063926127910513,-0.027462525613854538,24_music,music,A_600
TP,18,17,75,2.263946814783166,2.364945460982086,2.77093829279458,2.2979373931884766,2.7799999713897705,0.4150545104076846,0.009061678595190692,0.0339905784053105,24_music,music,A_600
TP,19,19,39,2.3679495370342116,2.4659441071810058,3.2709292007202366,2.381685733795166,2.7350921630859375,0.26914805590493174,-0.5358370376342991,0.013736196760954389,24_music,music,A_600
TP,20,18,82,2.3679495370342116,2.4659441071810058,2.8729427680288095,2.3795135021209717,2.7425620555877686,0.2766179484067628,-0.130380712441041,0.011563965086760053,24_music,music,A_600
TP,21,20,70,2.4659441071810058,2.566942753379925,3.071935984374523,2.488217830657959,3.0799999237060547,0.5130571703261295,0.0080639393315316,0.022273723476953222,24_music,music,A_600
TP,22,21,63,2.4669499362163156,2.5709392474135564,3.2709292007202366,2.494800090789795,3.200000047683716,0.6290608002701594,-0.07092915303652081,0.02785015457347928,24_music,music,A_600
TP,23,23,79,2.5709392474135564,2.6689472286141545,3.070930155339213,2.5857698917388916,3.069999933242798,0.4010527046286434,-0.0009302220964153562,0.014830644325335207,24_music,music,A_600
TP,24,24,55,2.573943323465682,2.6689472286141545,3.2709292007202366,2.591972589492798,3.2100000381469727,0.5410528095328182,-0.06092916257326397,0.018029266027115742,24_music,music,A_600
TP,25,25,87,2.6729437226477857,2.7659493807794426,3.2709292007202366,2.6745529174804688,3.190000057220459,0.42405067644101635,-0.08092914349977764,0.0016091948326830696,24_music,music,A_600
TP,26,26,46,2.6739361406292916,2.7669417987609486,3.2709292007202366,2.6858696937561035,3.1700000762939453,0.4030582775329967,-0.10092912442629132,0.01193355312681188,24_music,music,A_600
TP,27,28,67,2.77093829279458,2.8729427680288095,3.2709292007202366,2.7875843048095703,3.1848151683807373,0.31187240035192776,-0.08611403233949932,0.016646012014990497,24_music,music,A_600
TP,28,27,75,2.77093829279458,2.8719369389934997,3.2709292007202366,2.7872908115386963,3.1851799488067627,0.31324300981326303,-0.08574925191347393,0.016352518744116473,24_music,music,A_600
TP,29,29,82,2.8729427680288095,2.969931509140294,3.1689381365398113,2.8880579471588135,3.1600000858306885,0.19006857669039467,-0.008938050709122791,0.01511517913000393,24_music,music,A_600
TP,30,30,58,2.8749410150456254,2.969931509140294,3.1699305545213172,2.8942863941192627,3.1600000858306885,0.19006857669039467,-0.009930468690628746,0.019345379073637314,24_music,music,A_600
TP,31,31,91,2.9709373381756037,3.066933661305582,3.2709292007202366,2.9830422401428223,3.186507225036621,0.11957356373103911,-0.08442197568361554,0.012104901967218584,24_music,music,A_600
TP,32,32,51,2.9729355851924195,3.067939490340892,3.2709292007202366,2.9853813648223877,3.1851584911346436,0.1172190007937517,-0.08577070958559307,0.012445779629968179,24_music,music,A_600
TP,33,33,79,3.070930155339213,3.1659340604876856,3.2709292007202366,3.0843541622161865,3.2100000381469727,0.0440659776592871,-0.06092916257326397,0.013424006876973316,24_music,music,A_600
TP,34,34,70,3.071935984374523,3.1669398895229954,3.2709292007202366,3.0945069789886475,3.184368133544922,0.017428244021926442,-0.08656106717531475,0.022570994614124373,24_music,music,A_600
TP,35,36,82,3.1689381365398113,3.2639286306344797,3.2709292007202366,3.1713309288024902,3.3299999237060547,0.066071293071575,0.05907072298581806,0.0023927922626789666,24_music,music,A_600
TP,36,35,58,3.1699305545213172,3.2649344596697896,3.2709292007202366,3.1654605865478516,3.5,0.23506554033021043,0.22907079927976337,-0.0044699679734656605,24_music,music,A_600
TP,37,38,89,3.2669327066866054,3.3659331058687094,3.575923386333812,3.2741920948028564,3.509999990463257,0.14406688459454742,-0.06592339587055518,0.007259388116251042,24_music,music,A_600
TP,38,37,51,3.2709292007202366,3.3659331058687094,3.575923386333812,3.2685747146606445,3.491485357284546,0.12555225141583648,-0.08443802904926612,-0.002354486059592098,24_music,music,A_600
TP,39,39,74,3.3659331058687094,3.4659259230323194,3.575923386333812,3.3747687339782715,3.486968755722046,0.02104283268972651,-0.08895463061176612,0.008835628109562066,24_music,music,A_600
TP,40,40,71,3.3669255238502154,3.4709282461012605,3.575923386333812,3.379617214202881,3.4871110916137695,0.016182845512509036,-0.08881229472004248,0.012691690352665486,24_music,music,A_600
TP,41,42,80,3.4709282461012605,3.5719268923001803,3.575923386333812,3.4781546592712402,3.7699999809265137,0.19807308862633333,0.19407659459270166,0.00722641316997974,24_music,music,A_600
TP,42,41,59,3.4729264931180763,3.5729193102816863,3.575923386333812,3.475001573562622,3.5299999713897705,-0.04291933889191579,-0.04592341494404151,0.0020750804445457405,24_music,music,A_600
TP,43,44,87,3.574930968352306,3.6699214624469745,3.900926864223152,3.5817453861236572,3.8338539600372314,0.16393249759025696,-0.06707290418592038,0.006814417771351167,24_music,music,A_600
TP,44,45,51,3.575923386333812,3.6699214624469745,3.8839216479995122,3.589585542678833,3.869999885559082,0.20007842311210755,-0.013921762440430197,0.013662156345020993,24_music,music,A_600
TP,45,47,75,3.6739179564806057,3.7739241846980196,3.900926864223152,3.686063766479492,3.836158275604248,0.062234090906228445,-0.06476858861890378,0.012145809998886481,24_music,music,A_600
TP,46,48,72,3.6769220325327314,3.778913096713157,3.900926864223152,3.706179618835449,3.8348891735076904,0.05597607679453365,-0.0660376907154614,0.029257586302717797,24_music,music,A_600
FN,47,,60,3.778913096713157,3.8809175719473865,3.900926864223152,,,,,,24_music,music,A_600
TP,48,49,80,3.778913096713157,3.8799117429120766,3.900926864223152,3.7762258052825928,3.8651912212371826,-0.014720521674894016,-0.03573564298596921,-0.0026872914305640094,24_music,music,A_600
TP,49,52,84,3.8829158189642023,3.977933135166479,4.195916403698844,3.8891897201538086,4.139999866485596,0.16206673131911664,-0.05591653721324796,0.006273901189606246,24_music,music,A_600
TP,50,51,51,3.8839216479995122,3.977933135166479,4.197914650715659,3.877371072769165,4.124721527099609,0.1467883919331303,-0.07319312361604968,-0.006550575230347189,24_music,music,A_600
TP,51,53,72,3.9819296292001103,4.08192244636372,4.201911144749291,3.9905471801757812,4.124204635620117,0.04228218925639737,-0.07770650912917354,0.008617550975670962,24_music,music,A_600
TP,52,54,68,3.9849202941984316,4.08292827539903,4.201911144749291,4.011358261108398,4.123568058013916,0.04063978261488632,-0.07834308673537471,0.026437966909966804,24_music,music,A_600
TP,53,55,80,4.0859189403973515,4.194923985717338,4.201911144749291,4.086704730987549,4.190738201141357,-0.004185784575980733,-0.011172943607933306,0.0007857905901973439,24_music,music,A_600
FN,54,,62,4.086924769432661,4.195916403698844,4.201911144749291,,,,,,24_music,music,A_600
TP,55,56,84,4.195916403698844,4.299919125949889,4.530911116672262,4.205132484436035,4.463013172149658,0.16309404619976942,-0.06789794452260356,0.00921608073719149,24_music,music,A_600
TP,56,57,51,4.197914650715659,4.299919125949889,4.530911116672262,4.2061662673950195,4.464613914489746,0.1646947885398573,-0.06629720218251567,0.008251616679360474,24_music,music,A_600
TP,57,59,67,4.300911543931394,4.3979136960966825,4.530911116672262,4.3351922035217285,4.46376371383667,0.06585001773998744,-0.06714740283559184,0.03428065959033422,24_music,music,A_600
TP,58,58,72,4.300911543931394,4.3979136960966825,4.530911116672262,4.296853542327881,4.464570045471191,0.06665634937450893,-0.06634107120107036,-0.004058001603513439,24_music,music,A_600
TP,59,60,79,4.3979136960966825,4.502908836329234,4.530911116672262,4.420388221740723,4.505062580108643,0.002153743779408579,-0.025848536563619184,0.022474525644040177,24_music,music,A_600
TP,60,61,63,4.401910190130314,4.503914665364544,4.530911116672262,4.424908638000488,4.510000228881836,0.006085563517292059,-0.020910887790425825,0.022998447870174132,24_music,music,A_600
TP,61,62,82,4.503914665364544,4.607903976561785,5.140886076845608,4.519343852996826,5.060765743255615,0.4528617666938306,-0.08012033358999293,0.015429187632282293,24_music,music,A_600
TP,62,63,58,4.505912912381359,4.607903976561785,5.140886076845608,4.524363994598389,5.060789585113525,0.45288560855174076,-0.08009649173208278,0.018451082217029402,24_music,music,A_600
TP,63,65,70,4.6089098055970945,4.709908451796014,5.031894442579426,4.617831230163574,5.059999942779541,0.35009149098352665,0.028105500200115152,0.008921424566479708,24_music,music,A_600
TP,64,64,67,4.611900470595416,4.712899116794336,4.922889397259439,4.593850135803223,4.900000095367432,0.1871009785730955,-0.022889301892007552,-0.018050334792193645,24_music,music,A_600
TP,65,67,75,4.712899116794336,4.813897762993256,5.1368895828119765,4.744470119476318,5.063071250915527,0.24917348792227134,-0.07381833189644915,0.03157100268198221,24_music,music,A_600
TP,66,66,63,4.713904945829646,4.814903592028566,4.923895226294749,4.674615383148193,4.949999809265137,0.13509621723657084,0.026104582970387646,-0.03928956268145267,24_music,music,A_600
TP,67,68,79,4.817894257026888,4.9188929032258075,5.140886076845608,4.825747966766357,5.06223201751709,0.14333911429128232,-0.07865405932851832,0.00785370973946975,24_music,music,A_600
TP,68,69,51,4.8189000860621976,4.922889397259439,5.140886076845608,4.829582214355469,5.060057640075684,0.1371682428162444,-0.08082843676992457,0.010682128293271198,24_music,music,A_600
TP,69,70,67,4.922889397259439,5.031894442579426,5.140886076845608,4.913721084594727,5.079999923706055,0.048105481126628824,-0.06088615313955348,-0.00916831266471263,24_music,music,A_600
TP,70,71,63,4.923895226294749,5.031894442579426,5.140886076845608,4.957827091217041,5.061078071594238,0.029183629014812418,-0.07980800525136988,0.03393186492229194,24_music,music,A_600
TP,71,72,70,5.031894442579426,5.132893088778345,5.140886076845608,5.074588298797607,5.139999866485596,0.0071067777072508775,-0.0008862103600124627,0.04269385621818156,24_music,music,A_600
FN,72,,55,5.032886860560931,5.1368895828119765,5.140886076845608,,,,,,24_music,music,A_600
TP,73,74,75,5.1368895828119765,5.230887658925139,5.447878509475997,5.1478681564331055,5.355126857757568,0.12423919883242895,-0.09275165171842836,0.010978573621128973,24_music,music,A_600
TP,74,73,41,5.139880247810298,5.233878323923461,5.447878509475997,5.141049861907959,5.354784965515137,0.12090664159167552,-0.09309354396086,0.0011696140976606983,24_music,music,A_600
TP,75,75,63,5.234884152958771,5.33588279915769,5.447878509475997,5.2324957847595215,5.3561110496521,0.020228250494409572,-0.09176745982389711,-0.002388368199249591,24_music,music,A_600
FN,76,,60,5.237888229010896,5.33588279915769,5.447878509475997,,,,,,24_music,music,A_600
TP,77,77,69,5.339879293191322,5.440877939390241,5.447878509475997,5.356732368469238,5.444504261016846,0.0036263216266050335,-0.003374248459151019,0.016853075277916574,24_music,music,A_600
FN,78,,53,5.342883369243447,5.443882015442366,5.447878509475997,,,,,,24_music,music,A_600
FN,79,,48,5.4448744334238715,5.541876585589159,5.749868619037445,,,,,,24_music,music,A_600
TP,80,78,74,5.4448744334238715,5.5388725095370335,5.749868619037445,5.457285404205322,5.655983924865723,0.11711141532868918,-0.09388469417172196,0.012410970781450814,24_music,music,A_600
TP,81,81,62,5.542869003570664,5.643867649769583,5.749868619037445,5.573445796966553,5.658411502838135,0.014543853068551549,-0.09145711619930985,0.03057679339588848,24_music,music,A_600
TP,82,79,60,5.5458730796227895,5.643867649769583,5.749868619037445,5.502533435821533,5.660828113555908,0.016960463786324986,-0.08904050548153641,-0.04333964380125632,24_music,music,A_600
TP,83,82,69,5.647877554857018,5.744866295968503,5.749868619037445,5.636773586273193,5.760000228881836,0.01513393291333287,0.01013160984439132,-0.011103968583825008,24_music,music,A_600
FN,84,,53,5.65086821985534,5.745872125003813,5.749868619037445,,,,,,24_music,music,A_600
TP,85,84,75,5.745872125003813,5.846870771202733,6.049860481582077,5.756736755371094,5.974188804626465,0.12731803342373205,-0.07567167695561228,0.010864630367280803,24_music,music,A_600
TP,86,83,41,5.749868619037445,5.849861436201055,6.049860481582077,5.754156112670898,5.974248886108398,0.12438744990734385,-0.07561159547367868,0.0042874936334538205,24_music,music,A_600
TP,87,85,63,5.8508672652363645,5.948861835383158,6.049860481582077,5.857497692108154,5.97480583190918,0.02594399652602153,-0.07505464967289743,0.00663042687178983,24_music,music,A_600
FN,88,,60,5.85387134128849,5.948861835383158,6.049860481582077,,,,,,24_music,music,A_600
TP,89,87,69,5.949867664418468,6.045863987548446,6.049860481582077,5.949311256408691,6.050000190734863,0.004136203186416942,0.00013970915278616047,-0.0005564080097766322,24_music,music,A_600
TP,90,86,53,5.951865911435283,6.046869816583756,6.049860481582077,5.940462112426758,5.984335422515869,-0.06253439406788708,-0.06552505906620798,-0.011403799008525617,24_music,music,A_600
TP,91,88,79,6.048868063600572,6.14385855769524,6.356852914212467,6.054068088531494,6.284300804138184,0.14044224644294356,-0.07255211007428297,0.005200024930922531,24_music,music,A_600
TP,92,89,46,6.049860481582077,6.14486438673055,6.356852914212467,6.055093288421631,6.284776210784912,0.1399118240543622,-0.07207670342755446,0.005232806839553739,24_music,music,A_600
TP,93,91,67,6.147868462782675,6.245863032929469,6.356852914212467,6.159179210662842,6.2851643562316895,0.03930132330222058,-0.07168855798077711,0.011310747880166616,24_music,music,A_600
TP,94,90,63,6.148860880764181,6.245863032929469,6.356852914212467,6.143287658691406,6.284996509552002,0.03913347662253308,-0.07185640466046461,-0.005573222072774442,24_music,music,A_600
TP,95,93,70,6.246855450910974,6.343857603076263,6.356852914212467,6.264440536499023,6.336789131164551,-0.007068471911711782,-0.020063783047915784,0.017585085588049054,24_music,music,A_600
TP,96,92,53,6.2498595269631,6.343857603076263,6.356852914212467,6.225118637084961,6.329999923706055,-0.013857679370207876,-0.026852990506411878,-0.024740889878138717,24_music,music,A_600
TP,97,94,77,6.344863432111572,6.441865584276861,6.665857004913476,6.356170654296875,6.630000114440918,0.18813453016405735,-0.0358568904725578,0.011307222185302557,24_music,music,A_600
TP,98,95,50,6.347854097109894,6.442858002258366,6.665857004913476,6.3616485595703125,6.6172919273376465,0.17443392507928035,-0.048565077575829285,0.013794462460418266,24_music,music,A_600
TP,99,96,65,6.442858002258366,6.542850819421975,6.665857004913476,6.456284999847412,6.615383625030518,0.07253280560854236,-0.05047337988295819,0.013426997589045975,24_music,music,A_600
TP,100,97,62,6.4448562492751815,6.543856648457285,6.665857004913476,6.473236560821533,6.617564678192139,0.07370802973485358,-0.0482923267213371,0.028380311546351678,24_music,music,A_600
TP,101,98,70,6.54686072450941,6.641851218604079,6.665857004913476,6.535184860229492,6.635552406311035,-0.006298812293043632,-0.030304598602440613,-0.01167586427991818,24_music,music,A_600
FN,102,,53,6.547853142490916,6.644855294656204,6.665857004913476,,,,,,24_music,music,A_600
TP,103,101,74,6.644855294656204,6.742849864802999,6.9508418982512845,6.654992580413818,6.875709056854248,0.1328591920512494,-0.07513284139703647,0.0101372857576143,24_music,music,A_600
TP,104,100,46,6.648851788689836,6.7438556938383085,6.9508418982512845,6.6544389724731445,6.878057479858398,0.13420178602008992,-0.07278441839288607,0.005587183783308802,24_music,music,A_600
TP,105,102,62,6.7438556938383085,6.840857846003597,6.9508418982512845,6.762005805969238,6.875571250915527,0.034713404911930645,-0.07527064733575717,0.018150112130929763,24_music,music,A_600
TP,106,103,58,6.745853940855124,6.840857846003597,6.9508418982512845,6.7645769119262695,6.876560211181641,0.03570236517804393,-0.07428168706964389,0.018722971071145622,24_music,music,A_600
TP,107,105,65,6.841850263985102,6.945852986236147,6.9508418982512845,6.865091800689697,6.968367576599121,0.022514590362973763,0.017525678347836582,0.023241536704595056,24_music,music,A_600
TP,108,104,53,6.843848511001918,6.945852986236147,6.9508418982512845,6.818220615386963,6.877903938293457,-0.0679490479426903,-0.07293795995782748,-0.02562789561495471,24_music,music,A_600
TP,109,106,41,6.949849480269779,7.051840544450204,7.264834900967431,6.948047161102295,7.210000038146973,0.1581594936967683,-0.05483486282045824,-0.0018023191674840788,24_music,music,A_600
TP,110,107,75,6.949849480269779,7.050848126468699,7.264834900967431,6.956704139709473,7.175899505615234,0.12505137914653552,-0.08893539535219652,0.0068546594396936555,24_music,music,A_600
TP,111,108,63,7.051840544450204,7.1558432667012495,7.264834900967431,7.053629398345947,7.177884578704834,0.0220413120035845,-0.08695032226259691,0.0017888538957429034,24_music,music,A_600
FN,112,,60,7.05383879146702,7.156835684682755,7.264834900967431,,,,,,24_music,music,A_600
TP,113,109,69,7.156835684682755,7.2608384069338,7.264834900967431,7.170660018920898,7.244439601898193,-0.016398805035606756,-0.020395299069237538,0.013824334238143443,24_music,music,A_600
TP,114,110,53,7.15883393169957,7.2608384069338,7.264834900967431,7.173199653625488,7.230000019073486,-0.030838387860313787,-0.03483488189394457,0.014365721925917896,24_music,music,A_600
TP,115,112,74,7.261830824915306,7.361837053132719,7.575823827631451,7.273731708526611,7.4789276123046875,0.11709055917196842,-0.09689621532676362,0.011900883611305701,24_music,music,A_600
TP,116,113,48,7.264834900967431,7.362829471114225,7.575823827631451,7.281317234039307,7.46999979019165,0.1071703190774258,-0.10582403743980073,0.016482333071875743,24_music,music,A_600
TP,117,115,62,7.36583354716635,7.466832193365269,7.575823827631451,7.398983001708984,7.487242221832275,0.02041002846700657,-0.08858160579917573,0.033149454542634516,24_music,music,A_600
TP,118,114,59,7.366825965147855,7.4708286873989005,7.575823827631451,7.36405086517334,7.492151737213135,0.021323049814234274,-0.08367209041831636,-0.002775099974515527,24_music,music,A_600
TP,119,117,69,7.4708286873989005,7.572819751579326,7.575823827631451,7.455916404724121,7.610000133514404,0.037180381935078444,0.03417630588295317,-0.014912282674779398,24_music,music,A_600
TP,120,116,53,7.47183451643421,7.572819751579326,7.575823827631451,7.434396743774414,7.486473083496094,-0.0863466680832321,-0.08935074413535737,-0.03743777265979631,24_music,music,A_600
TP,121,119,75,7.573825580614636,7.669821903744613,7.902825552537606,7.5942277908325195,7.815797805786133,0.14597590204151967,-0.08702774675147307,0.0204022102178838,24_music,music,A_600
TP,122,118,41,7.575823827631451,7.670827732779923,7.902825552537606,7.560652732849121,7.8176140785217285,0.1467863457418055,-0.08521147401587736,-0.01517109478233003,24_music,music,A_600
TP,123,120,63,7.672825979796738,7.774817043977164,7.902825552537606,7.684628009796143,7.819149971008301,0.044332927031137004,-0.0836755815293051,0.011802029999404162,24_music,music,A_600
TP,124,121,60,7.673818397778244,7.775822873012474,7.902825552537606,7.707564830780029,7.818175792694092,0.04235291968161814,-0.08464975984351408,0.03374643300178537,24_music,music,A_600
TP,125,123,69,7.7788135380107954,7.897823229468664,7.902825552537606,7.775813579559326,7.887057781219482,-0.010765448249181908,-0.015767771318123458,-0.0029999584514692756,24_music,music,A_600
TP,126,122,53,7.779819367046105,7.897823229468664,7.902825552537606,7.748352527618408,7.84505033493042,-0.05277289453824441,-0.05777521760718596,-0.031466839427697124,24_music,music,A_600
TP,127,125,46,7.901819723502296,8.002818369701215,8.226809790337834,7.912780284881592,8.145997047424316,0.14317867772310144,-0.08081274291351725,0.010960561379295797,24_music,music,A_600
TP,128,124,79,7.901819723502296,8.00182595171971,8.226809790337834,7.906835079193115,8.144908905029297,0.14308295330958742,-0.08190088530853679,0.005015355690819234,24_music,music,A_600
TP,129,127,67,8.002818369701215,8.103817015900134,8.226809790337834,8.016966819763184,8.147174835205078,0.0433578193049442,-0.07963495513275554,0.014148450061968632,24_music,music,A_600
TP,130,126,63,8.00582244575334,8.107813509933765,8.226809790337834,8.014473915100098,8.145516395568848,0.03770288563508295,-0.081293394768986,0.008651469346757423,24_music,music,A_600
TP,131,128,72,8.108819338969075,8.212808650166318,8.226809790337834,8.124887466430664,8.197615623474121,-0.01519302669219691,-0.029194166863712567,0.01606812746158859,24_music,music,A_600
TP,132,129,56,8.110817585985892,8.212808650166318,8.226809790337834,8.154160499572754,8.187783241271973,-0.025025408894345347,-0.039026549065861005,0.04334291358686215,24_music,music,A_600
TP,133,131,77,8.213814479201629,8.306793315225677,8.541795211035485,8.223469734191895,8.495016098022461,0.1882227827967835,-0.04677911301302373,0.00965525499026576,24_music,music,A_600
TP,134,130,53,8.21680514419995,8.307799144260988,8.418789025543985,8.216797828674316,8.289999961853027,-0.017799182407960856,-0.12878906369095766,-7.315525634155051e-06,24_music,music,A_600
TP,135,132,65,8.310803220313113,8.415798360545663,8.541795211035485,8.323336601257324,8.495529174804688,0.07973081425902429,-0.04626603623079717,0.012533380944210748,24_music,music,A_600
TP,136,133,62,8.314799714346744,8.416790778527169,8.541795211035485,8.334859848022461,8.495386123657227,0.07859534513005784,-0.04640908737825811,0.020060133675716685,24_music,music,A_600
TP,137,135,68,8.416790778527169,8.51778942472609,8.541795211035485,8.435437202453613,8.519890785217285,0.002101360491195692,-0.021904425818199513,0.018646423926444555,24_music,music,A_600
TP,138,136,53,8.418789025543985,8.51778942472609,8.541795211035485,8.436595916748047,8.49503231048584,-0.02275711424024962,-0.046762900549644826,0.01780689120406187,24_music,music,A_600
TP,139,138,72,8.520793500778215,8.621805558030937,8.849780061647381,8.527130126953125,8.8100004196167,0.18819486158576204,-0.03977964203068218,0.006336626174910265,24_music,music,A_600
TP,140,137,46,8.52178591875972,8.622797976012443,8.849780061647381,8.524989128112793,8.80322265625,0.1804246802375573,-0.0465574053973814,0.0032032093530727224,24_music,music,A_600
TP,141,140,60,8.624796223029259,8.726800698263489,8.849780061647381,8.650930404663086,8.795000076293945,0.06819937803045661,-0.05477998535343609,0.02613418163382697,24_music,music,A_600
TP,142,139,56,8.62580205206457,8.727793116244994,8.849780061647381,8.64656925201416,8.794089317321777,0.06629620107678313,-0.05569074432560406,0.02076719994959042,24_music,music,A_600
TP,143,142,65,8.73079719229712,8.832788256477544,8.849780061647381,8.764364242553711,8.834268569946289,0.0014803134687451092,-0.01551149170109234,0.03356705025659146,24_music,music,A_600
TP,144,141,50,8.731789610278625,8.832788256477544,8.849780061647381,8.756949424743652,8.825983047485352,-0.006805208992192391,-0.02379701416202984,0.025159814465027353,24_music,music,A_600
TP,145,144,70,8.833794085512855,8.937783396710097,9.361773862727738,8.85488224029541,9.380000114440918,0.4422167177308207,0.018226251713180375,0.021088154782555435,24_music,music,A_600
TP,146,143,39,8.835792332529671,8.937783396710097,9.148779506210511,8.850531578063965,8.892498970031738,-0.04528442667835897,-0.2562805361787728,0.014739245534293843,24_music,music,A_600
TP,147,145,58,8.937783396710097,9.045782612994774,9.567767649159208,8.960962295532227,9.1899995803833,0.14421696738852674,-0.3777680687759073,0.023178898822129312,24_music,music,A_600
TP,148,146,55,8.939781643726914,9.046788442030085,9.259769387493508,8.962005615234375,9.199999809265137,0.1532113672350519,-0.059769578228371145,0.02222397150746147,24_music,music,A_600
TP,149,148,67,9.048786689046901,9.147787088229006,9.563771155125577,9.076395988464355,9.579999923706055,0.43221283547704914,0.016228768580477393,0.02760929941745438,24_music,music,A_600
TP,150,147,46,9.049779107028407,9.147787088229006,9.363772109744554,9.017139434814453,9.300000190734863,0.15221310250585773,-0.06377191900969059,-0.032639672213953475,24_music,music,A_600
FN,151,,39,9.148779506210511,9.255772893459877,9.462772508926658,,,,,,24_music,music,A_600
TP,152,150,75,9.148779506210511,9.255772893459877,9.664769801324498,9.17050838470459,9.680000305175781,0.42422741171590417,0.015230503851283217,0.021728878494078785,24_music,music,A_600
TP,153,152,55,9.259769387493508,9.361773862727738,9.973760480971706,9.21484661102295,9.979999542236328,0.6182256795085905,0.006239061264622592,-0.044922776470558645,24_music,music,A_600
TP,154,153,63,9.259769387493508,9.360768033692427,9.86975775872066,9.265153884887695,9.539999961853027,0.17923192816060052,-0.3297577968676322,0.0053844973941874485,24_music,music,A_600
TP,155,155,70,9.361773862727738,9.458776014893026,9.868765340739154,9.394302368164062,9.880000114440918,0.4212240995478922,0.011234773701763956,0.032528505436324906,24_music,music,A_600
FN,156,,46,9.363772109744554,9.461766679891348,9.665762219306004,,,,,,24_music,music,A_600
TP,157,157,39,9.462772508926658,9.563771155125577,9.76976494155705,9.474832534790039,9.720000267028809,0.1562291119032313,-0.04976467452824096,0.01206002586338073,24_music,music,A_600
TP,158,156,79,9.462772508926658,9.563771155125577,9.973760480971706,9.469656944274902,9.979999542236328,0.41622838711075083,0.006239061264622592,0.006884435348244011,24_music,music,A_600
TP,159,159,67,9.563771155125577,9.661765725272371,10.177756020386362,9.588293075561523,10.1899995803833,0.5282338551109298,0.012243559996939268,0.024521920435946143,24_music,music,A_600
TP,160,160,58,9.567767649159208,9.662771554307682,10.275750590533157,9.588825225830078,9.979999542236328,0.31722798792864637,-0.29575104829682886,0.02105757667087005,24_music,music,A_600
TP,161,162,75,9.664769801324498,9.766760865504923,10.17675019135105,9.694061279296875,10.1899995803833,0.4232387148783783,0.013249389032250036,0.029291477972376967,24_music,music,A_600
TP,162,161,46,9.665762219306004,9.766760865504923,10.071755051118501,9.692214965820312,10.100000381469727,0.33323951596480406,0.02824533035122556,0.026452746514308956,24_music,music,A_600
TP,163,164,82,9.767766694540233,9.864755435651718,10.274744761497846,9.775681495666504,10.279999732971191,0.41524429731947343,0.0052549714733451935,0.007914801126270632,24_music,music,A_600
TP,164,163,39,9.76976494155705,9.868765340739154,10.670746358226268,9.727344512939453,10.594795227050781,0.7260298863116272,-0.07595113117548635,-0.04242042861759643,24_music,music,A_600
TP,165,166,70,9.868765340739154,9.96975057588427,10.473751388897368,9.885770797729492,10.479999542236328,0.5102489663520586,0.006248153338960449,0.017005456990338175,24_music,music,A_600
TP,166,165,63,9.86975775872066,9.973760480971706,10.670746358226268,9.885687828063965,10.0600004196167,0.08623993864499369,-0.6107459386095684,0.01593006934330532,24_music,music,A_600
TP,167,168,55,9.973760480971706,10.07074922208319,10.670746358226268,9.992713928222656,10.619999885559082,0.5492506634758918,-0.05074647266718557,0.018953447250950717,24_music,music,A_600
TP,168,167,79,9.973760480971706,10.067758557084868,10.471753141880551,9.986197471618652,10.470000267028809,0.40224170994394015,-0.0017528748517428028,0.01243699064694681,24_music,music,A_600
FP,,4,43,,,,1.6174685955047607,2.759999990463257,,,,24_music,music,A_600
FP,,10,46,,,,1.8954541683197021,2.2300000190734863,,,,24_music,music,A_600
FP,,22,58,,,,2.5099098682403564,2.880000114440918,,,,24_music,music,A_600
FP,,43,92,,,,3.4808359146118164,3.5899999141693115,,,,24_music,music,A_600
FP,,46,43,,,,3.615468740463257,3.8299999237060547,,,,24_music,music,A_600
FP,,50,60,,,,3.8324222564697266,4.130000114440918,,,,24_music,music,A_600
FP,,76,60,,,,5.28929328918457,5.356339454650879,,,,24_music,music,A_600
FP,,80,48,,,,5.519646167755127,5.65718936920166,,,,24_music,music,A_600
FP,,99,54,,,,6.573429584503174,6.579999923706055,,,,24_music,music,A_600
FP,,111,54,,,,7.173737049102783,7.179999828338623,,,,24_music,music,A_600
FP,,134,56,,,,8.434758186340332,8.510000228881836,,,,24_music,music,A_600
FP,,149,51,,,,9.094575881958008,10.380000114440918,,,,24_music,music,A_600
FP,,151,58,,,,9.199897766113281,9.579999923706055,,,,24_music,music,A_600
FP,,154,46,,,,9.305404663085938,9.680000305175781,,,,24_music,music,A_600
FP,,158,63,,,,9.554075241088867,9.880000114440918,,,,24_music,music,A_600
FP,,169,58,,,,9.993165016174316,10.0600004196167,,,,24_music,music,A_600
TP,0,0,70,1.111977526169622,1.429980433973205,1.429980433973205,1.1258666515350342,1.235597014427185,-0.1943834195460199,-0.1943834195460199,0.013889125365412092,24_music,music,B_1200
TP,1,1,70,1.429980433973205,1.534975574205756,1.9549561351359601,1.4214709997177124,1.9700000286102295,0.43502445440447346,0.015043893474269376,-0.008509434255492554,24_music,music,B_1200
TP,2,2,39,1.4339769280068364,1.535981403241066,1.751966424756615,1.4278866052627563,1.7000000476837158,0.1640186444426499,-0.051966377072899084,-0.006090322744080057,24_music,music,B_1200
TP,3,3,58,1.5379796502578815,1.6399707144383069,2.1649598266548664,1.5672651529312134,2.1700000762939453,0.5300293618556384,0.0050402496390788976,0.029285502673331854,24_music,music,B_1200
FN,4,,55,1.5389720682393873,1.6409765434736168,1.8579673940244759,,,,,,24_music,music,B_1200
TP,5,6,67,1.6429747904904324,1.7489623487044892,2.1649598266548664,1.6731678247451782,2.1700000762939453,0.4210377275894561,0.0050402496390788976,0.030193034254745843,24_music,music,B_1200
TP,6,5,46,1.6439672084719381,1.7489623487044892,1.9579602111880858,1.624267339706421,1.8899999856948853,0.14103763699039606,-0.06796022549320058,-0.019699868765517214,24_music,music,B_1200
TP,7,7,39,1.751966424756615,1.856961564989166,2.0599646864223153,1.7087693214416504,2.049999952316284,0.1930383873271182,-0.009964734106031159,-0.04319710331496451,24_music,music,B_1200
TP,8,8,75,1.751966424756615,1.8529650709555345,2.263946814783166,1.7744468450546265,2.2899999618530273,0.4370348908974928,0.026053147069861282,0.02248042029801156,24_music,music,B_1200
FN,9,,55,1.8579673940244759,1.9549561351359601,2.573943323465682,,,,,,24_music,music,B_1200
TP,10,9,63,1.8579673940244759,1.9509596411023287,2.4669499362163156,1.8697702884674072,2.4800000190734863,0.5290403779711577,0.013050082857170686,0.011802894442931366,24_music,music,B_1200
TP,11,11,70,1.9549561351359601,2.0569606103701896,2.4659441071810058,1.9821499586105347,2.4800000190734863,0.4230394087032967,0.014055911892480566,0.027193823474574552,24_music,music,B_1200
FN,12,,46,1.9579602111880858,2.0569606103701896,2.263946814783166,,,,,,24_music,music,B_1200
TP,13,12,39,2.0599646864223153,2.1649598266548664,2.3679495370342116,2.0571837425231934,2.369999885559082,0.20504005890421562,0.0020503485248704045,-0.0027809438991219793,24_music,music,B_1200
TP,14,13,79,2.0599646864223153,2.1619557506027407,2.5709392474135564,2.0660176277160645,2.5799999237060547,0.418044173103314,0.009060676292498293,0.0060529412937491145,24_music,music,B_1200
TP,15,15,58,2.1649598266548664,2.26295439680166,2.8749410150456254,2.184551239013672,2.5,0.2370456031983399,-0.3749410150456254,0.01959141235880546,24_music,music,B_1200
TP,16,14,67,2.1649598266548664,2.258957902768029,2.77093829279458,2.1828980445861816,2.7799999713897705,0.5210420686217416,0.009061678595190692,0.017938217931315226,24_music,music,B_1200
TP,17,16,46,2.263946814783166,2.364945460982086,2.6739361406292916,2.2364842891693115,2.680000066757202,0.31505460577511624,0.006063926127910513,-0.027462525613854538,24_music,music,B_1200
TP,18,17,75,2.263946814783166,2.364945460982086,2.77093829279458,2.2979373931884766,2.7799999713897705,0.4150545104076846,0.009061678595190692,0.0339905784053105,24_music,music,B_1200
TP,19,19,39,2.3679495370342116,2.4659441071810058,3.2709292007202366,2.381685733795166,2.7350921630859375,0.26914805590493174,-0.5358370376342991,0.013736196760954389,24_music,music,B_1200
TP,20,18,82,2.3679495370342116,2.4659441071810058,2.8729427680288095,2.3795135021209717,2.7425620555877686,0.2766179484067628,-0.130380712441041,0.011563965086760053,24_music,music,B_1200
TP,21,20,70,2.4659441071810058,2.566942753379925,3.071935984374523,2.488217830657959,3.0799999237060547,0.5130571703261295,0.0080639393315316,0.022273723476953222,24_music,music,B_1200
TP,22,21,63,2.4669499362163156,2.5709392474135564,3.2709292007202366,2.494800090789795,3.200000047683716,0.6290608002701594,-0.07092915303652081,0.02785015457347928,24_music,music,B_1200
TP,23,23,79,2.5709392474135564,2.6689472286141545,3.070930155339213,2.5857698917388916,3.069999933242798,0.4010527046286434,-0.0009302220964153562,0.014830644325335207,24_music,music,B_1200
TP,24,24,55,2.573943323465682,2.6689472286141545,3.2709292007202366,2.591972589492798,3.2100000381469727,0.5410528095328182,-0.06092916257326397,0.018029266027115742,24_music,music,B_1200
TP,25,25,87,2.6729437226477857,2.7659493807794426,3.2709292007202366,2.6745529174804688,3.190000057220459,0.42405067644101635,-0.08092914349977764,0.0016091948326830696,24_music,music,B_1200
TP,26,26,46,2.6739361406292916,2.7669417987609486,3.2709292007202366,2.6858696937561035,3.1700000762939453,0.4030582775329967,-0.10092912442629132,0.01193355312681188,24_music,music,B_1200
TP,27,28,67,2.77093829279458,2.8729427680288095,3.2709292007202366,2.7875843048095703,3.1848151683807373,0.31187240035192776,-0.08611403233949932,0.016646012014990497,24_music,music,B_1200
TP,28,27,75,2.77093829279458,2.8719369389934997,3.2709292007202366,2.7872908115386963,3.1851799488067627,0.31324300981326303,-0.08574925191347393,0.016352518744116473,24_music,music,B_1200
TP,29,29,82,2.8729427680288095,2.969931509140294,3.1689381365398113,2.8880579471588135,3.1600000858306885,0.19006857669039467,-0.008938050709122791,0.01511517913000393,24_music,music,B_1200
TP,30,30,58,2.8749410150456254,2.969931509140294,3.1699305545213172,2.8942863941192627,3.1600000858306885,0.19006857669039467,-0.009930468690628746,0.019345379073637314,24_music,music,B_1200
TP,31,31,91,2.9709373381756037,3.066933661305582,3.2709292007202366,2.9830422401428223,3.186507225036621,0.11957356373103911,-0.08442197568361554,0.012104901967218584,24_music,music,B_1200
TP,32,32,51,2.9729355851924195,3.067939490340892,3.2709292007202366,2.9853813648223877,3.1851584911346436,0.1172190007937517,-0.08577070958559307,0.012445779629968179,24_music,music,B_1200
TP,33,33,79,3.070930155339213,3.1659340604876856,3.2709292007202366,3.0843541622161865,3.2100000381469727,0.0440659776592871,-0.06092916257326397,0.013424006876973316,24_music,music,B_1200
TP,34,34,70,3.071935984374523,3.1669398895229954,3.2709292007202366,3.0945069789886475,3.184368133544922,0.017428244021926442,-0.08656106717531475,0.022570994614124373,24_music,music,B_1200
TP,35,36,82,3.1689381365398113,3.2639286306344797,3.2709292007202366,3.1713309288024902,3.3299999237060547,0.066071293071575,0.05907072298581806,0.0023927922626789666,24_music,music,B_1200
TP,36,35,58,3.1699305545213172,3.2649344596697896,3.2709292007202366,3.1654605865478516,3.5,0.23506554033021043,0.22907079927976337,-0.0044699679734656605,24_music,music,B_1200
TP,37,38,89,3.2669327066866054,3.3659331058687094,3.575923386333812,3.2741920948028564,3.509999990463257,0.14406688459454742,-0.06592339587055518,0.007259388116251042,24_music,music,B_1200
TP,38,37,51,3.2709292007202366,3.3659331058687094,3.575923386333812,3.2685747146606445,3.491485357284546,0.12555225141583648,-0.08443802904926612,-0.002354486059592098,24_music,music,B_1200
TP,39,39,74,3.3659331058687094,3.4659259230323194,3.575923386333812,3.3747687339782715,3.486968755722046,0.02104283268972651,-0.08895463061176612,0.008835628109562066,24_music,music,B_1200
TP,40,40,71,3.3669255238502154,3.4709282461012605,3.575923386333812,3.379617214202881,3.4871110916137695,0.016182845512509036,-0.08881229472004248,0.012691690352665486,24_music,music,B_1200
TP,41,42,80,3.4709282461012605,3.5719268923001803,3.575923386333812,3.4781546592712402,3.7699999809265137,0.19807308862633333,0.19407659459270166,0.00722641316997974,24_music,music,B_1200
TP,42,41,59,3.4729264931180763,3.5729193102816863,3.575923386333812,3.475001573562622,3.5299999713897705,-0.04291933889191579,-0.04592341494404151,0.0020750804445457405,24_music,music,B_1200
TP,43,44,87,3.574930968352306,3.6699214624469745,3.900926864223152,3.5817453861236572,3.8338539600372314,0.16393249759025696,-0.06707290418592038,0.006814417771351167,24_music,music,B_1200
TP,44,45,51,3.575923386333812,3.6699214624469745,3.8839216479995122,3.589585542678833,3.869999885559082,0.20007842311210755,-0.013921762440430197,0.013662156345020993,24_music,music,B_1200
TP,45,47,75,3.6739179564806057,3.7739241846980196,3.900926864223152,3.686063766479492,3.836158275604248,0.062234090906228445,-0.06476858861890378,0.012145809998886481,24_music,music,B_1200
TP,46,48,72,3.6769220325327314,3.778913096713157,3.900926864223152,3.706179618835449,3.8348891735076904,0.05597607679453365,-0.0660376907154614,0.029257586302717797,24_music,music,B_1200
FN,47,,60,3.778913096713157,3.8809175719473865,3.900926864223152,,,,,,24_music,music,B_1200
TP,48,49,80,3.778913096713157,3.8799117429120766,3.900926864223152,3.7762258052825928,3.8651912212371826,-0.014720521674894016,-0.03573564298596921,-0.0026872914305640094,24_music,music,B_1200
TP,49,52,84,3.8829158189642023,3.977933135166479,4.195916403698844,3.8891897201538086,4.139999866485596,0.16206673131911664,-0.05591653721324796,0.006273901189606246,24_music,music,B_1200
TP,50,51,51,3.8839216479995122,3.977933135166479,4.197914650715659,3.877371072769165,4.124721527099609,0.1467883919331303,-0.07319312361604968,-0.006550575230347189,24_music,music,B_1200
TP,51,53,72,3.9819296292001103,4.08192244636372,4.201911144749291,3.9905471801757812,4.124204635620117,0.04228218925639737,-0.07770650912917354,0.008617550975670962,24_music,music,B_1200
TP,52,54,68,3.9849202941984316,4.08292827539903,4.201911144749291,4.011358261108398,4.123568058013916,0.04063978261488632,-0.07834308673537471,0.026437966909966804,24_music,music,B_1200
TP,53,55,80,4.0859189403973515,4.194923985717338,4.201911144749291,4.086704730987549,4.190738201141357,-0.004185784575980733,-0.011172943607933306,0.0007857905901973439,24_music,music,B_1200
FN,54,,62,4.086924769432661,4.195916403698844,4.201911144749291,,,,,,24_music,music,B_1200
TP,55,56,84,4.195916403698844,4.299919125949889,4.530911116672262,4.205132484436035,4.463013172149658,0.16309404619976942,-0.06789794452260356,0.00921608073719149,24_music,music,B_1200
TP,56,57,51,4.197914650715659,4.299919125949889,4.530911116672262,4.2061662673950195,4.464613914489746,0.1646947885398573,-0.06629720218251567,0.008251616679360474,24_music,music,B_1200
TP,57,59,67,4.300911543931394,4.3979136960966825,4.530911116672262,4.3351922035217285,4.46376371383667,0.06585001773998744,-0.06714740283559184,0.03428065959033422,24_music,music,B_1200
TP,58,58,72,4.300911543931394,4.3979136960966825,4.530911116672262,4.296853542327881,4.464570045471191,0.06665634937450893,-0.06634107120107036,-0.004058001603513439,24_music,music,B_1200
TP,59,60,79,4.3979136960966825,4.502908836329234,4.530911116672262,4.420388221740723,4.505062580108643,0.002153743779408579,-0.025848536563619184,0.022474525644040177,24_music,music,B_1200
TP,60,61,63,4.401910190130314,4.503914665364544,4.530911116672262,4.424908638000488,4.510000228881836,0.006085563517292059,-0.020910887790425825,0.022998447870174132,24_music,music,B_1200
TP,61,62,82,4.503914665364544,4.607903976561785,5.140886076845608,4.519343852996826,5.060765743255615,0.4528617666938306,-0.08012033358999293,0.015429187632282293,24_music,music,B_1200
TP,62,63,58,4.505912912381359,4.607903976561785,5.140886076845608,4.524363994598389,5.060789585113525,0.45288560855174076,-0.08009649173208278,0.018451082217029402,24_music,music,B_1200
TP,63,65,70,4.6089098055970945,4.709908451796014,5.031894442579426,4.617831230163574,5.059999942779541,0.35009149098352665,0.028105500200115152,0.008921424566479708,24_music,music,B_1200
TP,64,64,67,4.611900470595416,4.712899116794336,4.922889397259439,4.593850135803223,4.900000095367432,0.1871009785730955,-0.022889301892007552,-0.018050334792193645,24_music,music,B_1200
TP,65,67,75,4.712899116794336,4.813897762993256,5.1368895828119765,4.744470119476318,5.063071250915527,0.24917348792227134,-0.07381833189644915,0.03157100268198221,24_music,music,B_1200
TP,66,66,63,4.713904945829646,4.814903592028566,4.923895226294749,4.674615383148193,4.949999809265137,0.13509621723657084,0.026104582970387646,-0.03928956268145267,24_music,music,B_1200
TP,67,68,79,4.817894257026888,4.9188929032258075,5.140886076845608,4.825747966766357,5.06223201751709,0.14333911429128232,-0.07865405932851832,0.00785370973946975,24_music,music,B_1200
TP,68,69,51,4.8189000860621976,4.922889397259439,5.140886076845608,4.829582214355469,5.060057640075684,0.1371682428162444,-0.08082843676992457,0.010682128293271198,24_music,music,B_1200
TP,69,70,67,4.922889397259439,5.031894442579426,5.140886076845608,4.913721084594727,5.079999923706055,0.048105481126628824,-0.06088615313955348,-0.00916831266471263,24_music,music,B_1200
TP,70,71,63,4.923895226294749,5.031894442579426,5.140886076845608,4.957827091217041,5.061078071594238,0.029183629014812418,-0.07980800525136988,0.03393186492229194,24_music,music,B_1200
TP,71,72,70,5.031894442579426,5.132893088778345,5.140886076845608,5.074588298797607,5.139999866485596,0.0071067777072508775,-0.0008862103600124627,0.04269385621818156,24_music,music,B_1200
FN,72,,55,5.032886860560931,5.1368895828119765,5.140886076845608,,,,,,24_music,music,B_1200
TP,73,74,75,5.1368895828119765,5.230887658925139,5.447878509475997,5.1478681564331055,5.355126857757568,0.12423919883242895,-0.09275165171842836,0.010978573621128973,24_music,music,B_1200
TP,74,73,41,5.139880247810298,5.233878323923461,5.447878509475997,5.141049861907959,5.354784965515137,0.12090664159167552,-0.09309354396086,0.0011696140976606983,24_music,music,B_1200
TP,75,75,63,5.234884152958771,5.33588279915769,5.447878509475997,5.2324957847595215,5.3561110496521,0.020228250494409572,-0.09176745982389711,-0.002388368199249591,24_music,music,B_1200
FN,76,,60,5.237888229010896,5.33588279915769,5.447878509475997,,,,,,24_music,music,B_1200
TP,77,77,69,5.339879293191322,5.440877939390241,5.447878509475997,5.356732368469238,5.444504261016846,0.0036263216266050335,-0.003374248459151019,0.016853075277916574,24_music,music,B_1200
FN,78,,53,5.342883369243447,5.443882015442366,5.447878509475997,,,,,,24_music,music,B_1200
FN,79,,48,5.4448744334238715,5.541876585589159,5.749868619037445,,,,,,24_music,music,B_1200
TP,80,78,74,5.4448744334238715,5.5388725095370335,5.749868619037445,5.457285404205322,5.655983924865723,0.11711141532868918,-0.09388469417172196,0.012410970781450814,24_music,music,B_1200
TP,81,81,62,5.542869003570664,5.643867649769583,5.749868619037445,5.573445796966553,5.658411502838135,0.014543853068551549,-0.09145711619930985,0.03057679339588848,24_music,music,B_1200
TP,82,79,60,5.5458730796227895,5.643867649769583,5.749868619037445,5.502533435821533,5.660828113555908,0.016960463786324986,-0.08904050548153641,-0.04333964380125632,24_music,music,B_1200
TP,83,82,69,5.647877554857018,5.744866295968503,5.749868619037445,5.636773586273193,5.760000228881836,0.01513393291333287,0.01013160984439132,-0.011103968583825008,24_music,music,B_1200
FN,84,,53,5.65086821985534,5.745872125003813,5.749868619037445,,,,,,24_music,music,B_1200
TP,85,84,75,5.745872125003813,5.846870771202733,6.049860481582077,5.756736755371094,5.974188804626465,0.12731803342373205,-0.07567167695561228,0.010864630367280803,24_music,music,B_1200
TP,86,83,41,5.749868619037445,5.849861436201055,6.049860481582077,5.754156112670898,5.974248886108398,0.12438744990734385,-0.07561159547367868,0.0042874936334538205,24_music,music,B_1200
TP,87,85,63,5.8508672652363645,5.948861835383158,6.049860481582077,5.857497692108154,5.97480583190918,0.02594399652602153,-0.07505464967289743,0.00663042687178983,24_music,music,B_1200
FN,88,,60,5.85387134128849,5.948861835383158,6.049860481582077,,,,,,24_music,music,B_1200
TP,89,87,69,5.949867664418468,6.045863987548446,6.049860481582077,5.949311256408691,6.050000190734863,0.004136203186416942,0.00013970915278616047,-0.0005564080097766322,24_music,music,B_1200
TP,90,86,53,5.951865911435283,6.046869816583756,6.049860481582077,5.940462112426758,5.984335422515869,-0.06253439406788708,-0.06552505906620798,-0.011403799008525617,24_music,music,B_1200
TP,91,88,79,6.048868063600572,6.14385855769524,6.356852914212467,6.054068088531494,6.284300804138184,0.14044224644294356,-0.07255211007428297,0.005200024930922531,24_music,music,B_1200
TP,92,89,46,6.049860481582077,6.14486438673055,6.356852914212467,6.055093288421631,6.284776210784912,0.1399118240543622,-0.07207670342755446,0.005232806839553739,24_music,music,B_1200
TP,93,91,67,6.147868462782675,6.245863032929469,6.356852914212467,6.159179210662842,6.2851643562316895,0.03930132330222058,-0.07168855798077711,0.011310747880166616,24_music,music,B_1200
TP,94,90,63,6.148860880764181,6.245863032929469,6.356852914212467,6.143287658691406,6.284996509552002,0.03913347662253308,-0.07185640466046461,-0.005573222072774442,24_music,music,B_1200
TP,95,93,70,6.246855450910974,6.343857603076263,6.356852914212467,6.264440536499023,6.336789131164551,-0.007068471911711782,-0.020063783047915784,0.017585085588049054,24_music,music,B_1200
TP,96,92,53,6.2498595269631,6.343857603076263,6.356852914212467,6.225118637084961,6.329999923706055,-0.013857679370207876,-0.026852990506411878,-0.024740889878138717,24_music,music,B_1200
TP,97,94,77,6.344863432111572,6.441865584276861,6.665857004913476,6.356170654296875,6.630000114440918,0.18813453016405735,-0.0358568904725578,0.011307222185302557,24_music,music,B_1200
TP,98,95,50,6.347854097109894,6.442858002258366,6.665857004913476,6.3616485595703125,6.6172919273376465,0.17443392507928035,-0.048565077575829285,0.013794462460418266,24_music,music,B_1200
TP,99,96,65,6.442858002258366,6.542850819421975,6.665857004913476,6.456284999847412,6.615383625030518,0.07253280560854236,-0.05047337988295819,0.013426997589045975,24_music,music,B_1200
TP,100,97,62,6.4448562492751815,6.543856648457285,6.665857004913476,6.473236560821533,6.617564678192139,0.07370802973485358,-0.0482923267213371,0.028380311546351678,24_music,music,B_1200
TP,101,98,70,6.54686072450941,6.641851218604079,6.665857004913476,6.535184860229492,6.635552406311035,-0.006298812293043632,-0.030304598602440613,-0.01167586427991818,24_music,music,B_1200
FN,102,,53,6.547853142490916,6.644855294656204,6.665857004913476,,,,,,24_music,music,B_1200
TP,103,101,74,6.644855294656204,6.742849864802999,6.9508418982512845,6.654992580413818,6.875709056854248,0.1328591920512494,-0.07513284139703647,0.0101372857576143,24_music,music,B_1200
TP,104,100,46,6.648851788689836,6.7438556938383085,6.9508418982512845,6.6544389724731445,6.878057479858398,0.13420178602008992,-0.07278441839288607,0.005587183783308802,24_music,music,B_1200
TP,105,102,62,6.7438556938383085,6.840857846003597,6.9508418982512845,6.762005805969238,6.875571250915527,0.034713404911930645,-0.07527064733575717,0.018150112130929763,24_music,music,B_1200
TP,106,103,58,6.745853940855124,6.840857846003597,6.9508418982512845,6.7645769119262695,6.876560211181641,0.03570236517804393,-0.07428168706964389,0.018722971071145622,24_music,music,B_1200
TP,107,105,65,6.841850263985102,6.945852986236147,6.9508418982512845,6.865091800689697,6.968367576599121,0.022514590362973763,0.017525678347836582,0.023241536704595056,24_music,music,B_1200
TP,108,104,53,6.843848511001918,6.945852986236147,6.9508418982512845,6.818220615386963,6.877903938293457,-0.0679490479426903,-0.07293795995782748,-0.02562789561495471,24_music,music,B_1200
TP,109,106,41,6.949849480269779,7.051840544450204,7.264834900967431,6.948047161102295,7.210000038146973,0.1581594936967683,-0.05483486282045824,-0.0018023191674840788,24_music,music,B_1200
TP,110,107,75,6.949849480269779,7.050848126468699,7.264834900967431,6.956704139709473,7.175899505615234,0.12505137914653552,-0.08893539535219652,0.0068546594396936555,24_music,music,B_1200
TP,111,108,63,7.051840544450204,7.1558432667012495,7.264834900967431,7.053629398345947,7.177884578704834,0.0220413120035845,-0.08695032226259691,0.0017888538957429034,24_music,music,B_1200
FN,112,,60,7.05383879146702,7.156835684682755,7.264834900967431,,,,,,24_music,music,B_1200
TP,113,109,69,7.156835684682755,7.2608384069338,7.264834900967431,7.170660018920898,7.244439601898193,-0.016398805035606756,-0.020395299069237538,0.013824334238143443,24_music,music,B_1200
TP,114,110,53,7.15883393169957,7.2608384069338,7.264834900967431,7.173199653625488,7.230000019073486,-0.030838387860313787,-0.03483488189394457,0.014365721925917896,24_music,music,B_1200
TP,115,112,74,7.261830824915306,7.361837053132719,7.575823827631451,7.273731708526611,7.4789276123046875,0.11709055917196842,-0.09689621532676362,0.011900883611305701,24_music,music,B_1200
TP,116,113,48,7.264834900967431,7.362829471114225,7.575823827631451,7.281317234039307,7.46999979019165,0.1071703190774258,-0.10582403743980073,0.016482333071875743,24_music,music,B_1200
TP,117,115,62,7.36583354716635,7.466832193365269,7.575823827631451,7.398983001708984,7.487242221832275,0.02041002846700657,-0.08858160579917573,0.033149454542634516,24_music,music,B_1200
TP,118,114,59,7.366825965147855,7.4708286873989005,7.575823827631451,7.36405086517334,7.492151737213135,0.021323049814234274,-0.08367209041831636,-0.002775099974515527,24_music,music,B_1200
TP,119,117,69,7.4708286873989005,7.572819751579326,7.575823827631451,7.455916404724121,7.610000133514404,0.037180381935078444,0.03417630588295317,-0.014912282674779398,24_music,music,B_1200
TP,120,116,53,7.47183451643421,7.572819751579326,7.575823827631451,7.434396743774414,7.486473083496094,-0.0863466680832321,-0.08935074413535737,-0.03743777265979631,24_music,music,B_1200
TP,121,119,75,7.573825580614636,7.669821903744613,7.902825552537606,7.5942277908325195,7.815797805786133,0.14597590204151967,-0.08702774675147307,0.0204022102178838,24_music,music,B_1200
TP,122,118,41,7.575823827631451,7.670827732779923,7.902825552537606,7.560652732849121,7.8176140785217285,0.1467863457418055,-0.08521147401587736,-0.01517109478233003,24_music,music,B_1200
TP,123,120,63,7.672825979796738,7.774817043977164,7.902825552537606,7.684628009796143,7.819149971008301,0.044332927031137004,-0.0836755815293051,0.011802029999404162,24_music,music,B_1200
TP,124,121,60,7.673818397778244,7.775822873012474,7.902825552537606,7.707564830780029,7.818175792694092,0.04235291968161814,-0.08464975984351408,0.03374643300178537,24_music,music,B_1200
TP,125,123,69,7.7788135380107954,7.897823229468664,7.902825552537606,7.775813579559326,7.887057781219482,-0.010765448249181908,-0.015767771318123458,-0.0029999584514692756,24_music,music,B_1200
TP,126,122,53,7.779819367046105,7.897823229468664,7.902825552537606,7.748352527618408,7.84505033493042,-0.05277289453824441,-0.05777521760718596,-0.031466839427697124,24_music,music,B_1200
TP,127,125,46,7.901819723502296,8.002818369701215,8.226809790337834,7.912780284881592,8.145997047424316,0.14317867772310144,-0.08081274291351725,0.010960561379295797,24_music,music,B_1200
TP,128,124,79,7.901819723502296,8.00182595171971,8.226809790337834,7.906835079193115,8.144908905029297,0.14308295330958742,-0.08190088530853679,0.005015355690819234,24_music,music,B_1200
TP,129,127,67,8.002818369701215,8.103817015900134,8.226809790337834,8.016966819763184,8.147174835205078,0.0433578193049442,-0.07963495513275554,0.014148450061968632,24_music,music,B_1200
TP,130,126,63,8.00582244575334,8.107813509933765,8.226809790337834,8.014473915100098,8.145516395568848,0.03770288563508295,-0.081293394768986,0.008651469346757423,24_music,music,B_1200
TP,131,128,72,8.108819338969075,8.212808650166318,8.226809790337834,8.124887466430664,8.197615623474121,-0.01519302669219691,-0.029194166863712567,0.01606812746158859,24_music,music,B_1200
TP,132,129,56,8.110817585985892,8.212808650166318,8.226809790337834,8.154160499572754,8.187783241271973,-0.025025408894345347,-0.039026549065861005,0.04334291358686215,24_music,music,B_1200
TP,133,131,77,8.213814479201629,8.306793315225677,8.541795211035485,8.223469734191895,8.495016098022461,0.1882227827967835,-0.04677911301302373,0.00965525499026576,24_music,music,B_1200
TP,134,130,53,8.21680514419995,8.307799144260988,8.418789025543985,8.216797828674316,8.289999961853027,-0.017799182407960856,-0.12878906369095766,-7.315525634155051e-06,24_music,music,B_1200
TP,135,132,65,8.310803220313113,8.415798360545663,8.541795211035485,8.323336601257324,8.495529174804688,0.07973081425902429,-0.04626603623079717,0.012533380944210748,24_music,music,B_1200
TP,136,133,62,8.314799714346744,8.416790778527169,8.541795211035485,8.334859848022461,8.495386123657227,0.07859534513005784,-0.04640908737825811,0.020060133675716685,24_music,music,B_1200
TP,137,135,68,8.416790778527169,8.51778942472609,8.541795211035485,8.435437202453613,8.519890785217285,0.002101360491195692,-0.021904425818199513,0.018646423926444555,24_music,music,B_1200
TP,138,136,53,8.418789025543985,8.51778942472609,8.541795211035485,8.436595916748047,8.49503231048584,-0.02275711424024962,-0.046762900549644826,0.01780689120406187,24_music,music,B_1200
TP,139,138,72,8.520793500778215,8.621805558030937,8.849780061647381,8.527130126953125,8.8100004196167,0.18819486158576204,-0.03977964203068218,0.006336626174910265,24_music,music,B_1200
TP,140,137,46,8.52178591875972,8.622797976012443,8.849780061647381,8.524989128112793,8.80322265625,0.1804246802375573,-0.0465574053973814,0.0032032093530727224,24_music,music,B_1200
TP,141,140,60,8.624796223029259,8.726800698263489,8.849780061647381,8.650930404663086,8.795000076293945,0.06819937803045661,-0.05477998535343609,0.02613418163382697,24_music,music,B_1200
TP,142,139,56,8.62580205206457,8.727793116244994,8.849780061647381,8.64656925201416,8.794089317321777,0.06629620107678313,-0.05569074432560406,0.02076719994959042,24_music,music,B_1200
TP,143,142,65,8.73079719229712,8.832788256477544,8.849780061647381,8.764364242553711,8.834268569946289,0.0014803134687451092,-0.01551149170109234,0.03356705025659146,24_music,music,B_1200
TP,144,141,50,8.731789610278625,8.832788256477544,8.849780061647381,8.756949424743652,8.825983047485352,-0.006805208992192391,-0.02379701416202984,0.025159814465027353,24_music,music,B_1200
TP,145,144,70,8.833794085512855,8.937783396710097,9.361773862727738,8.85488224029541,9.380000114440918,0.4422167177308207,0.018226251713180375,0.021088154782555435,24_music,music,B_1200
TP,146,143,39,8.835792332529671,8.937783396710097,9.148779506210511,8.850531578063965,8.892498970031738,-0.04528442667835897,-0.2562805361787728,0.014739245534293843,24_music,music,B_1200
TP,147,145,58,8.937783396710097,9.045782612994774,9.567767649159208,8.960962295532227,9.1899995803833,0.14421696738852674,-0.3777680687759073,0.023178898822129312,24_music,music,B_1200
TP,148,146,55,8.939781643726914,9.046788442030085,9.259769387493508,8.962005615234375,9.199999809265137,0.1532113672350519,-0.059769578228371145,0.02222397150746147,24_music,music,B_1200
TP,149,148,67,9.048786689046901,9.147787088229006,9.563771155125577,9.076395988464355,9.579999923706055,0.43221283547704914,0.016228768580477393,0.02760929941745438,24_music,music,B_1200
TP,150,147,46,9.049779107028407,9.147787088229006,9.363772109744554,9.017139434814453,9.300000190734863,0.15221310250585773,-0.06377191900969059,-0.032639672213953475,24_music,music,B_1200
FN,151,,39,9.148779506210511,9.255772893459877,9.462772508926658,,,,,,24_music,music,B_1200
TP,152,150,75,9.148779506210511,9.255772893459877,9.664769801324498,9.17050838470459,9.680000305175781,0.42422741171590417,0.015230503851283217,0.021728878494078785,24_music,music,B_1200
TP,153,152,55,9.259769387493508,9.361773862727738,9.973760480971706,9.21484661102295,9.979999542236328,0.6182256795085905,0.006239061264622592,-0.044922776470558645,24_music,music,B_1200
TP,154,153,63,9.259769387493508,9.360768033692427,9.86975775872066,9.265153884887695,9.539999961853027,0.17923192816060052,-0.3297577968676322,0.0053844973941874485,24_music,music,B_1200
TP,155,155,70,9.361773862727738,9.458776014893026,9.868765340739154,9.394302368164062,9.880000114440918,0.4212240995478922,0.011234773701763956,0.032528505436324906,24_music,music,B_1200
FN,156,,46,9.363772109744554,9.461766679891348,9.665762219306004,,,,,,24_music,music,B_1200
TP,157,157,39,9.462772508926658,9.563771155125577,9.76976494155705,9.474832534790039,9.720000267028809,0.1562291119032313,-0.04976467452824096,0.01206002586338073,24_music,music,B_1200
TP,158,156,79,9.462772508926658,9.563771155125577,9.973760480971706,9.469656944274902,9.979999542236328,0.41622838711075083,0.006239061264622592,0.006884435348244011,24_music,music,B_1200
TP,159,159,67,9.563771155125577,9.661765725272371,10.177756020386362,9.588293075561523,10.1899995803833,0.5282338551109298,0.012243559996939268,0.024521920435946143,24_music,music,B_1200
TP,160,160,58,9.567767649159208,9.662771554307682,10.275750590533157,9.588825225830078,9.979999542236328,0.31722798792864637,-0.29575104829682886,0.02105757667087005,24_music,music,B_1200
TP,161,162,75,9.664769801324498,9.766760865504923,10.17675019135105,9.694061279296875,10.1899995803833,0.4232387148783783,0.013249389032250036,0.029291477972376967,24_music,music,B_1200
TP,162,161,46,9.665762219306004,9.766760865504923,10.071755051118501,9.692214965820312,10.100000381469727,0.33323951596480406,0.02824533035122556,0.026452746514308956,24_music,music,B_1200
TP,163,164,82,9.767766694540233,9.864755435651718,10.274744761497846,9.775681495666504,10.279999732971191,0.41524429731947343,0.0052549714733451935,0.007914801126270632,24_music,music,B_1200
TP,164,163,39,9.76976494155705,9.868765340739154,10.670746358226268,9.727344512939453,10.594795227050781,0.7260298863116272,-0.07595113117548635,-0.04242042861759643,24_music,music,B_1200
TP,165,166,70,9.868765340739154,9.96975057588427,10.473751388897368,9.885770797729492,10.479999542236328,0.5102489663520586,0.006248153338960449,0.017005456990338175,24_music,music,B_1200
TP,166,165,63,9.86975775872066,9.973760480971706,10.670746358226268,9.885687828063965,10.0600004196167,0.08623993864499369,-0.6107459386095684,0.01593006934330532,24_music,music,B_1200
TP,167,168,55,9.973760480971706,10.07074922208319,10.670746358226268,9.992713928222656,10.619999885559082,0.5492506634758918,-0.05074647266718557,0.018953447250950717,24_music,music,B_1200
TP,168,167,79,9.973760480971706,10.067758557084868,10.471753141880551,9.986197471618652,10.470000267028809,0.40224170994394015,-0.0017528748517428028,0.01243699064694681,24_music,music,B_1200
FP,,4,43,,,,1.6174685955047607,2.759999990463257,,,,24_music,music,B_1200
FP,,10,46,,,,1.8954541683197021,2.2300000190734863,,,,24_music,music,B_1200
FP,,22,58,,,,2.5099098682403564,2.880000114440918,,,,24_music,music,B_1200
FP,,43,92,,,,3.4808359146118164,3.5899999141693115,,,,24_music,music,B_1200
FP,,46,43,,,,3.615468740463257,3.8299999237060547,,,,24_music,music,B_1200
FP,,50,60,,,,3.8324222564697266,4.130000114440918,,,,24_music,music,B_1200
FP,,76,60,,,,5.28929328918457,5.356339454650879,,,,24_music,music,B_1200
FP,,80,48,,,,5.519646167755127,5.65718936920166,,,,24_music,music,B_1200
FP,,99,54,,,,6.573429584503174,6.579999923706055,,,,24_music,music,B_1200
FP,,111,54,,,,7.173737049102783,7.179999828338623,,,,24_music,music,B_1200
FP,,134,56,,,,8.434758186340332,8.510000228881836,,,,24_music,music,B_1200
FP,,149,51,,,,9.094575881958008,10.380000114440918,,,,24_music,music,B_1200
FP,,151,58,,,,9.199897766113281,9.579999923706055,,,,24_music,music,B_1200
FP,,154,46,,,,9.305404663085938,9.680000305175781,,,,24_music,music,B_1200
FP,,158,63,,,,9.554075241088867,9.880000114440918,,,,24_music,music,B_1200
FP,,169,58,,,,9.993165016174316,10.0600004196167,,,,24_music,music,B_1200
TP,0,0,70,1.111977526169622,1.429980433973205,1.429980433973205,1.1258666515350342,1.235597014427185,-0.1943834195460199,-0.1943834195460199,0.013889125365412092,24_music,music,C_3000
TP,1,1,70,1.429980433973205,1.534975574205756,1.9549561351359601,1.4214709997177124,1.9700000286102295,0.43502445440447346,0.015043893474269376,-0.008509434255492554,24_music,music,C_3000
TP,2,2,39,1.4339769280068364,1.535981403241066,1.751966424756615,1.4278866052627563,1.7000000476837158,0.1640186444426499,-0.051966377072899084,-0.006090322744080057,24_music,music,C_3000
TP,3,3,58,1.5379796502578815,1.6399707144383069,2.1649598266548664,1.5672651529312134,2.1700000762939453,0.5300293618556384,0.0050402496390788976,0.029285502673331854,24_music,music,C_3000
FN,4,,55,1.5389720682393873,1.6409765434736168,1.8579673940244759,,,,,,24_music,music,C_3000
TP,5,6,67,1.6429747904904324,1.7489623487044892,2.1649598266548664,1.6731678247451782,2.1700000762939453,0.4210377275894561,0.0050402496390788976,0.030193034254745843,24_music,music,C_3000
TP,6,5,46,1.6439672084719381,1.7489623487044892,1.9579602111880858,1.624267339706421,1.8899999856948853,0.14103763699039606,-0.06796022549320058,-0.019699868765517214,24_music,music,C_3000
TP,7,7,39,1.751966424756615,1.856961564989166,2.0599646864223153,1.7087693214416504,2.049999952316284,0.1930383873271182,-0.009964734106031159,-0.04319710331496451,24_music,music,C_3000
TP,8,8,75,1.751966424756615,1.8529650709555345,2.263946814783166,1.7744468450546265,2.2899999618530273,0.4370348908974928,0.026053147069861282,0.02248042029801156,24_music,music,C_3000
FN,9,,55,1.8579673940244759,1.9549561351359601,2.573943323465682,,,,,,24_music,music,C_3000
TP,10,9,63,1.8579673940244759,1.9509596411023287,2.4669499362163156,1.8697702884674072,2.4800000190734863,0.5290403779711577,0.013050082857170686,0.011802894442931366,24_music,music,C_3000
TP,11,11,70,1.9549561351359601,2.0569606103701896,2.4659441071810058,1.9821499586105347,2.4800000190734863,0.4230394087032967,0.014055911892480566,0.027193823474574552,24_music,music,C_3000
FN,12,,46,1.9579602111880858,2.0569606103701896,2.263946814783166,,,,,,24_music,music,C_3000
TP,13,12,39,2.0599646864223153,2.1649598266548664,2.3679495370342116,2.0571837425231934,2.369999885559082,0.20504005890421562,0.0020503485248704045,-0.0027809438991219793,24_music,music,C_3000
TP,14,13,79,2.0599646864223153,2.1619557506027407,2.5709392474135564,2.0660176277160645,2.5799999237060547,0.418044173103314,0.009060676292498293,0.0060529412937491145,24_music,music,C_3000
TP,15,15,58,2.1649598266548664,2.26295439680166,2.8749410150456254,2.184551239013672,2.5,0.2370456031983399,-0.3749410150456254,0.01959141235880546,24_music,music,C_3000
TP,16,14,67,2.1649598266548664,2.258957902768029,2.77093829279458,2.1828980445861816,2.7799999713897705,0.5210420686217416,0.009061678595190692,0.017938217931315226,24_music,music,C_3000
TP,17,16,46,2.263946814783166,2.364945460982086,2.6739361406292916,2.2364842891693115,2.680000066757202,0.31505460577511624,0.006063926127910513,-0.027462525613854538,24_music,music,C_3000
TP,18,17,75,2.263946814783166,2.364945460982086,2.77093829279458,2.2979373931884766,2.7799999713897705,0.4150545104076846,0.009061678595190692,0.0339905784053105,24_music,music,C_3000
TP,19,19,39,2.3679495370342116,2.4659441071810058,3.2709292007202366,2.381685733795166,2.7350921630859375,0.26914805590493174,-0.5358370376342991,0.013736196760954389,24_music,music,C_3000
TP,20,18,82,2.3679495370342116,2.4659441071810058,2.8729427680288095,2.3795135021209717,2.7425620555877686,0.2766179484067628,-0.130380712441041,0.011563965086760053,24_music,music,C_3000
TP,21,20,70,2.4659441071810058,2.566942753379925,3.071935984374523,2.488217830657959,3.0799999237060547,0.5130571703261295,0.0080639393315316,0.022273723476953222,24_music,music,C_3000
TP,22,21,63,2.4669499362163156,2.5709392474135564,3.2709292007202366,2.494800090789795,3.200000047683716,0.6290608002701594,-0.07092915303652081,0.02785015457347928,24_music,music,C_3000
TP,23,23,79,2.5709392474135564,2.6689472286141545,3.070930155339213,2.5857698917388916,3.069999933242798,0.4010527046286434,-0.0009302220964153562,0.014830644325335207,24_music,music,C_3000
TP,24,24,55,2.573943323465682,2.6689472286141545,3.2709292007202366,2.591972589492798,3.2100000381469727,0.5410528095328182,-0.06092916257326397,0.018029266027115742,24_music,music,C_3000
TP,25,25,87,2.6729437226477857,2.7659493807794426,3.2709292007202366,2.6745529174804688,3.190000057220459,0.42405067644101635,-0.08092914349977764,0.0016091948326830696,24_music,music,C_3000
TP,26,26,46,2.6739361406292916,2.7669417987609486,3.2709292007202366,2.6858696937561035,3.1700000762939453,0.4030582775329967,-0.10092912442629132,0.01193355312681188,24_music,music,C_3000
TP,27,28,67,2.77093829279458,2.8729427680288095,3.2709292007202366,2.7875843048095703,3.1848151683807373,0.31187240035192776,-0.08611403233949932,0.016646012014990497,24_music,music,C_3000
TP,28,27,75,2.77093829279458,2.8719369389934997,3.2709292007202366,2.7872908115386963,3.1851799488067627,0.31324300981326303,-0.08574925191347393,0.016352518744116473,24_music,music,C_3000
TP,29,29,82,2.8729427680288095,2.969931509140294,3.1689381365398113,2.8880579471588135,3.1600000858306885,0.19006857669039467,-0.008938050709122791,0.01511517913000393,24_music,music,C_3000
TP,30,30,58,2.8749410150456254,2.969931509140294,3.1699305545213172,2.8942863941192627,3.1600000858306885,0.19006857669039467,-0.009930468690628746,0.019345379073637314,24_music,music,C_3000
TP,31,31,91,2.9709373381756037,3.066933661305582,3.2709292007202366,2.9830422401428223,3.186507225036621,0.11957356373103911,-0.08442197568361554,0.012104901967218584,24_music,music,C_3000
TP,32,32,51,2.9729355851924195,3.067939490340892,3.2709292007202366,2.9853813648223877,3.1851584911346436,0.1172190007937517,-0.08577070958559307,0.012445779629968179,24_music,music,C_3000
TP,33,33,79,3.070930155339213,3.1659340604876856,3.2709292007202366,3.0843541622161865,3.2100000381469727,0.0440659776592871,-0.06092916257326397,0.013424006876973316,24_music,music,C_3000
TP,34,34,70,3.071935984374523,3.1669398895229954,3.2709292007202366,3.0945069789886475,3.184368133544922,0.017428244021926442,-0.08656106717531475,0.022570994614124373,24_music,music,C_3000
TP,35,36,82,3.1689381365398113,3.2639286306344797,3.2709292007202366,3.1713309288024902,3.3299999237060547,0.066071293071575,0.05907072298581806,0.0023927922626789666,24_music,music,C_3000
TP,36,35,58,3.1699305545213172,3.2649344596697896,3.2709292007202366,3.1654605865478516,3.5,0.23506554033021043,0.22907079927976337,-0.0044699679734656605,24_music,music,C_3000
TP,37,38,89,3.2669327066866054,3.3659331058687094,3.575923386333812,3.2741920948028564,3.509999990463257,0.14406688459454742,-0.06592339587055518,0.007259388116251042,24_music,music,C_3000
TP,38,37,51,3.2709292007202366,3.3659331058687094,3.575923386333812,3.2685747146606445,3.491485357284546,0.12555225141583648,-0.08443802904926612,-0.002354486059592098,24_music,music,C_3000
TP,39,39,74,3.3659331058687094,3.4659259230323194,3.575923386333812,3.3747687339782715,3.486968755722046,0.02104283268972651,-0.08895463061176612,0.008835628109562066,24_music,music,C_3000
TP,40,40,71,3.3669255238502154,3.4709282461012605,3.575923386333812,3.379617214202881,3.4871110916137695,0.016182845512509036,-0.08881229472004248,0.012691690352665486,24_music,music,C_3000
TP,41,42,80,3.4709282461012605,3.5719268923001803,3.575923386333812,3.4781546592712402,3.7699999809265137,0.19807308862633333,0.19407659459270166,0.00722641316997974,24_music,music,C_3000
TP,42,41,59,3.4729264931180763,3.5729193102816863,3.575923386333812,3.475001573562622,3.5299999713897705,-0.04291933889191579,-0.04592341494404151,0.0020750804445457405,24_music,music,C_3000
TP,43,44,87,3.574930968352306,3.6699214624469745,3.900926864223152,3.5817453861236572,3.8338539600372314,0.16393249759025696,-0.06707290418592038,0.006814417771351167,24_music,music,C_3000
TP,44,45,51,3.575923386333812,3.6699214624469745,3.8839216479995122,3.589585542678833,3.869999885559082,0.20007842311210755,-0.013921762440430197,0.013662156345020993,24_music,music,C_3000
TP,45,47,75,3.6739179564806057,3.7739241846980196,3.900926864223152,3.686063766479492,3.836158275604248,0.062234090906228445,-0.06476858861890378,0.012145809998886481,24_music,music,C_3000
TP,46,48,72,3.6769220325327314,3.778913096713157,3.900926864223152,3.706179618835449,3.8348891735076904,0.05597607679453365,-0.0660376907154614,0.029257586302717797,24_music,music,C_3000
FN,47,,60,3.778913096713157,3.8809175719473865,3.900926864223152,,,,,,24_music,music,C_3000
TP,48,49,80,3.778913096713157,3.8799117429120766,3.900926864223152,3.7762258052825928,3.8651912212371826,-0.014720521674894016,-0.03573564298596921,-0.0026872914305640094,24_music,music,C_3000
TP,49,52,84,3.8829158189642023,3.977933135166479,4.195916403698844,3.8891897201538086,4.139999866485596,0.16206673131911664,-0.05591653721324796,0.006273901189606246,24_music,music,C_3000
TP,50,51,51,3.8839216479995122,3.977933135166479,4.197914650715659,3.877371072769165,4.124721527099609,0.1467883919331303,-0.07319312361604968,-0.006550575230347189,24_music,music,C_3000
TP,51,53,72,3.9819296292001103,4.08192244636372,4.201911144749291,3.9905471801757812,4.124204635620117,0.04228218925639737,-0.07770650912917354,0.008617550975670962,24_music,music,C_3000
TP,52,54,68,3.9849202941984316,4.08292827539903,4.201911144749291,4.011358261108398,4.123568058013916,0.04063978261488632,-0.07834308673537471,0.026437966909966804,24_music,music,C_3000
TP,53,55,80,4.0859189403973515,4.194923985717338,4.201911144749291,4.086704730987549,4.190738201141357,-0.004185784575980733,-0.011172943607933306,0.0007857905901973439,24_music,music,C_3000
FN,54,,62,4.086924769432661,4.195916403698844,4.201911144749291,,,,,,24_music,music,C_3000
TP,55,56,84,4.195916403698844,4.299919125949889,4.530911116672262,4.205132484436035,4.463013172149658,0.16309404619976942,-0.06789794452260356,0.00921608073719149,24_music,music,C_3000
TP,56,57,51,4.197914650715659,4.299919125949889,4.530911116672262,4.2061662673950195,4.464613914489746,0.1646947885398573,-0.06629720218251567,0.008251616679360474,24_music,music,C_3000
TP,57,59,67,4.300911543931394,4.3979136960966825,4.530911116672262,4.3351922035217285,4.46376371383667,0.06585001773998744,-0.06714740283559184,0.03428065959033422,24_music,music,C_3000
TP,58,58,72,4.300911543931394,4.3979136960966825,4.530911116672262,4.296853542327881,4.464570045471191,0.06665634937450893,-0.06634107120107036,-0.004058001603513439,24_music,music,C_3000
TP,59,60,79,4.3979136960966825,4.502908836329234,4.530911116672262,4.420388221740723,4.505062580108643,0.002153743779408579,-0.025848536563619184,0.022474525644040177,24_music,music,C_3000
TP,60,61,63,4.401910190130314,4.503914665364544,4.530911116672262,4.424908638000488,4.510000228881836,0.006085563517292059,-0.020910887790425825,0.022998447870174132,24_music,music,C_3000
TP,61,62,82,4.503914665364544,4.607903976561785,5.140886076845608,4.519343852996826,5.060765743255615,0.4528617666938306,-0.08012033358999293,0.015429187632282293,24_music,music,C_3000
TP,62,63,58,4.505912912381359,4.607903976561785,5.140886076845608,4.524363994598389,5.060789585113525,0.45288560855174076,-0.08009649173208278,0.018451082217029402,24_music,music,C_3000
TP,63,65,70,4.6089098055970945,4.709908451796014,5.031894442579426,4.617831230163574,5.059999942779541,0.35009149098352665,0.028105500200115152,0.008921424566479708,24_music,music,C_3000
TP,64,64,67,4.611900470595416,4.712899116794336,4.922889397259439,4.593850135803223,4.900000095367432,0.1871009785730955,-0.022889301892007552,-0.018050334792193645,24_music,music,C_3000
TP,65,67,75,4.712899116794336,4.813897762993256,5.1368895828119765,4.744470119476318,5.063071250915527,0.24917348792227134,-0.07381833189644915,0.03157100268198221,24_music,music,C_3000
TP,66,66,63,4.713904945829646,4.814903592028566,4.923895226294749,4.674615383148193,4.949999809265137,0.13509621723657084,0.026104582970387646,-0.03928956268145267,24_music,music,C_3000
TP,67,68,79,4.817894257026888,4.9188929032258075,5.140886076845608,4.825747966766357,5.06223201751709,0.14333911429128232,-0.07865405932851832,0.00785370973946975,24_music,music,C_3000
TP,68,69,51,4.8189000860621976,4.922889397259439,5.140886076845608,4.829582214355469,5.060057640075684,0.1371682428162444,-0.08082843676992457,0.010682128293271198,24_music,music,C_3000
TP,69,70,67,4.922889397259439,5.031894442579426,5.140886076845608,4.913721084594727,5.079999923706055,0.048105481126628824,-0.06088615313955348,-0.00916831266471263,24_music,music,C_3000
TP,70,71,63,4.923895226294749,5.031894442579426,5.140886076845608,4.957827091217041,5.061078071594238,0.029183629014812418,-0.07980800525136988,0.03393186492229194,24_music,music,C_3000
TP,71,72,70,5.031894442579426,5.132893088778345,5.140886076845608,5.074588298797607,5.139999866485596,0.0071067777072508775,-0.0008862103600124627,0.04269385621818156,24_music,music,C_3000
FN,72,,55,5.032886860560931,5.1368895828119765,5.140886076845608,,,,,,24_music,music,C_3000
TP,73,74,75,5.1368895828119765,5.230887658925139,5.447878509475997,5.1478681564331055,5.355126857757568,0.12423919883242895,-0.09275165171842836,0.010978573621128973,24_music,music,C_3000
TP,74,73,41,5.139880247810298,5.233878323923461,5.447878509475997,5.141049861907959,5.354784965515137,0.12090664159167552,-0.09309354396086,0.0011696140976606983,24_music,music,C_3000
TP,75,75,63,5.234884152958771,5.33588279915769,5.447878509475997,5.2324957847595215,5.3561110496521,0.020228250494409572,-0.09176745982389711,-0.002388368199249591,24_music,music,C_3000
FN,76,,60,5.237888229010896,5.33588279915769,5.447878509475997,,,,,,24_music,music,C_3000
TP,77,77,69,5.339879293191322,5.440877939390241,5.447878509475997,5.356732368469238,5.444504261016846,0.0036263216266050335,-0.003374248459151019,0.016853075277916574,24_music,music,C_3000
FN,78,,53,5.342883369243447,5.443882015442366,5.447878509475997,,,,,,24_music,music,C_3000
FN,79,,48,5.4448744334238715,5.541876585589159,5.749868619037445,,,,,,24_music,music,C_3000
TP,80,78,74,5.4448744334238715,5.5388725095370335,5.749868619037445,5.457285404205322,5.655983924865723,0.11711141532868918,-0.09388469417172196,0.012410970781450814,24_music,music,C_3000
TP,81,81,62,5.542869003570664,5.643867649769583,5.749868619037445,5.573445796966553,5.658411502838135,0.014543853068551549,-0.09145711619930985,0.03057679339588848,24_music,music,C_3000
TP,82,79,60,5.5458730796227895,5.643867649769583,5.749868619037445,5.502533435821533,5.660828113555908,0.016960463786324986,-0.08904050548153641,-0.04333964380125632,24_music,music,C_3000
TP,83,82,69,5.647877554857018,5.744866295968503,5.749868619037445,5.636773586273193,5.760000228881836,0.01513393291333287,0.01013160984439132,-0.011103968583825008,24_music,music,C_3000
FN,84,,53,5.65086821985534,5.745872125003813,5.749868619037445,,,,,,24_music,music,C_3000
TP,85,84,75,5.745872125003813,5.846870771202733,6.049860481582077,5.756736755371094,5.974188804626465,0.12731803342373205,-0.07567167695561228,0.010864630367280803,24_music,music,C_3000
TP,86,83,41,5.749868619037445,5.849861436201055,6.049860481582077,5.754156112670898,5.974248886108398,0.12438744990734385,-0.07561159547367868,0.0042874936334538205,24_music,music,C_3000
TP,87,85,63,5.8508672652363645,5.948861835383158,6.049860481582077,5.857497692108154,5.97480583190918,0.02594399652602153,-0.07505464967289743,0.00663042687178983,24_music,music,C_3000
FN,88,,60,5.85387134128849,5.948861835383158,6.049860481582077,,,,,,24_music,music,C_3000
TP,89,87,69,5.949867664418468,6.045863987548446,6.049860481582077,5.949311256408691,6.050000190734863,0.004136203186416942,0.00013970915278616047,-0.0005564080097766322,24_music,music,C_3000
TP,90,86,53,5.951865911435283,6.046869816583756,6.049860481582077,5.940462112426758,5.984335422515869,-0.06253439406788708,-0.06552505906620798,-0.011403799008525617,24_music,music,C_3000
TP,91,88,79,6.048868063600572,6.14385855769524,6.356852914212467,6.054068088531494,6.284300804138184,0.14044224644294356,-0.07255211007428297,0.005200024930922531,24_music,music,C_3000
TP,92,89,46,6.049860481582077,6.14486438673055,6.356852914212467,6.055093288421631,6.284776210784912,0.1399118240543622,-0.07207670342755446,0.005232806839553739,24_music,music,C_3000
TP,93,91,67,6.147868462782675,6.245863032929469,6.356852914212467,6.159179210662842,6.2851643562316895,0.03930132330222058,-0.07168855798077711,0.011310747880166616,24_music,music,C_3000
TP,94,90,63,6.148860880764181,6.245863032929469,6.356852914212467,6.143287658691406,6.284996509552002,0.03913347662253308,-0.07185640466046461,-0.005573222072774442,24_music,music,C_3000
TP,95,93,70,6.246855450910974,6.343857603076263,6.356852914212467,6.264440536499023,6.336789131164551,-0.007068471911711782,-0.020063783047915784,0.017585085588049054,24_music,music,C_3000
TP,96,92,53,6.2498595269631,6.343857603076263,6.356852914212467,6.225118637084961,6.329999923706055,-0.013857679370207876,-0.026852990506411878,-0.024740889878138717,24_music,music,C_3000
TP,97,94,77,6.344863432111572,6.441865584276861,6.665857004913476,6.356170654296875,6.630000114440918,0.18813453016405735,-0.0358568904725578,0.011307222185302557,24_music,music,C_3000
TP,98,95,50,6.347854097109894,6.442858002258366,6.665857004913476,6.3616485595703125,6.6172919273376465,0.17443392507928035,-0.048565077575829285,0.013794462460418266,24_music,music,C_3000
TP,99,96,65,6.442858002258366,6.542850819421975,6.665857004913476,6.456284999847412,6.615383625030518,0.07253280560854236,-0.05047337988295819,0.013426997589045975,24_music,music,C_3000
TP,100,97,62,6.4448562492751815,6.543856648457285,6.665857004913476,6.473236560821533,6.617564678192139,0.07370802973485358,-0.0482923267213371,0.028380311546351678,24_music,music,C_3000
TP,101,98,70,6.54686072450941,6.641851218604079,6.665857004913476,6.535184860229492,6.635552406311035,-0.006298812293043632,-0.030304598602440613,-0.01167586427991818,24_music,music,C_3000
FN,102,,53,6.547853142490916,6.644855294656204,6.665857004913476,,,,,,24_music,music,C_3000
TP,103,101,74,6.644855294656204,6.742849864802999,6.9508418982512845,6.654992580413818,6.875709056854248,0.1328591920512494,-0.07513284139703647,0.0101372857576143,24_music,music,C_3000
TP,104,100,46,6.648851788689836,6.7438556938383085,6.9508418982512845,6.6544389724731445,6.878057479858398,0.13420178602008992,-0.07278441839288607,0.005587183783308802,24_music,music,C_3000
TP,105,102,62,6.7438556938383085,6.840857846003597,6.9508418982512845,6.762005805969238,6.875571250915527,0.034713404911930645,-0.07527064733575717,0.018150112130929763,24_music,music,C_3000
TP,106,103,58,6.745853940855124,6.840857846003597,6.9508418982512845,6.7645769119262695,6.876560211181641,0.03570236517804393,-0.07428168706964389,0.018722971071145622,24_music,music,C_3000
TP,107,105,65,6.841850263985102,6.945852986236147,6.9508418982512845,6.865091800689697,6.968367576599121,0.022514590362973763,0.017525678347836582,0.023241536704595056,24_music,music,C_3000
TP,108,104,53,6.843848511001918,6.945852986236147,6.9508418982512845,6.818220615386963,6.877903938293457,-0.0679490479426903,-0.07293795995782748,-0.02562789561495471,24_music,music,C_3000
TP,109,106,41,6.949849480269779,7.051840544450204,7.264834900967431,6.948047161102295,7.210000038146973,0.1581594936967683,-0.05483486282045824,-0.0018023191674840788,24_music,music,C_3000
TP,110,107,75,6.949849480269779,7.050848126468699,7.264834900967431,6.956704139709473,7.175899505615234,0.12505137914653552,-0.08893539535219652,0.0068546594396936555,24_music,music,C_3000
TP,111,108,63,7.051840544450204,7.1558432667012495,7.264834900967431,7.053629398345947,7.177884578704834,0.0220413120035845,-0.08695032226259691,0.0017888538957429034,24_music,music,C_3000
FN,112,,60,7.05383879146702,7.156835684682755,7.264834900967431,,,,,,24_music,music,C_3000
TP,113,109,69,7.156835684682755,7.2608384069338,7.264834900967431,7.170660018920898,7.244439601898193,-0.016398805035606756,-0.020395299069237538,0.013824334238143443,24_music,music,C_3000
TP,114,110,53,7.15883393169957,7.2608384069338,7.264834900967431,7.173199653625488,7.230000019073486,-0.030838387860313787,-0.03483488189394457,0.014365721925917896,24_music,music,C_3000
TP,115,112,74,7.261830824915306,7.361837053132719,7.575823827631451,7.273731708526611,7.4789276123046875,0.11709055917196842,-0.09689621532676362,0.011900883611305701,24_music,music,C_3000
TP,116,113,48,7.264834900967431,7.362829471114225,7.575823827631451,7.281317234039307,7.46999979019165,0.1071703190774258,-0.10582403743980073,0.016482333071875743,24_music,music,C_3000
TP,117,115,62,7.36583354716635,7.466832193365269,7.575823827631451,7.398983001708984,7.487242221832275,0.02041002846700657,-0.08858160579917573,0.033149454542634516,24_music,music,C_3000
TP,118,114,59,7.366825965147855,7.4708286873989005,7.575823827631451,7.36405086517334,7.492151737213135,0.021323049814234274,-0.08367209041831636,-0.002775099974515527,24_music,music,C_3000
TP,119,117,69,7.4708286873989005,7.572819751579326,7.575823827631451,7.455916404724121,7.610000133514404,0.037180381935078444,0.03417630588295317,-0.014912282674779398,24_music,music,C_3000
TP,120,116,53,7.47183451643421,7.572819751579326,7.575823827631451,7.434396743774414,7.486473083496094,-0.0863466680832321,-0.08935074413535737,-0.03743777265979631,24_music,music,C_3000
TP,121,119,75,7.573825580614636,7.669821903744613,7.902825552537606,7.5942277908325195,7.815797805786133,0.14597590204151967,-0.08702774675147307,0.0204022102178838,24_music,music,C_3000
TP,122,118,41,7.575823827631451,7.670827732779923,7.902825552537606,7.560652732849121,7.8176140785217285,0.1467863457418055,-0.08521147401587736,-0.01517109478233003,24_music,music,C_3000
TP,123,120,63,7.672825979796738,7.774817043977164,7.902825552537606,7.684628009796143,7.819149971008301,0.044332927031137004,-0.0836755815293051,0.011802029999404162,24_music,music,C_3000
TP,124,121,60,7.673818397778244,7.775822873012474,7.902825552537606,7.707564830780029,7.818175792694092,0.04235291968161814,-0.08464975984351408,0.03374643300178537,24_music,music,C_3000
TP,125,123,69,7.7788135380107954,7.897823229468664,7.902825552537606,7.775813579559326,7.887057781219482,-0.010765448249181908,-0.015767771318123458,-0.0029999584514692756,24_music,music,C_3000
TP,126,122,53,7.779819367046105,7.897823229468664,7.902825552537606,7.748352527618408,7.84505033493042,-0.05277289453824441,-0.05777521760718596,-0.031466839427697124,24_music,music,C_3000
TP,127,125,46,7.901819723502296,8.002818369701215,8.226809790337834,7.912780284881592,8.145997047424316,0.14317867772310144,-0.08081274291351725,0.010960561379295797,24_music,music,C_3000
TP,128,124,79,7.901819723502296,8.00182595171971,8.226809790337834,7.906835079193115,8.144908905029297,0.14308295330958742,-0.08190088530853679,0.005015355690819234,24_music,music,C_3000
TP,129,127,67,8.002818369701215,8.103817015900134,8.226809790337834,8.016966819763184,8.147174835205078,0.0433578193049442,-0.07963495513275554,0.014148450061968632,24_music,music,C_3000
TP,130,126,63,8.00582244575334,8.107813509933765,8.226809790337834,8.014473915100098,8.145516395568848,0.03770288563508295,-0.081293394768986,0.008651469346757423,24_music,music,C_3000
TP,131,128,72,8.108819338969075,8.212808650166318,8.226809790337834,8.124887466430664,8.197615623474121,-0.01519302669219691,-0.029194166863712567,0.01606812746158859,24_music,music,C_3000
TP,132,129,56,8.110817585985892,8.212808650166318,8.226809790337834,8.154160499572754,8.187783241271973,-0.025025408894345347,-0.039026549065861005,0.04334291358686215,24_music,music,C_3000
TP,133,131,77,8.213814479201629,8.306793315225677,8.541795211035485,8.223469734191895,8.495016098022461,0.1882227827967835,-0.04677911301302373,0.00965525499026576,24_music,music,C_3000
TP,134,130,53,8.21680514419995,8.307799144260988,8.418789025543985,8.216797828674316,8.289999961853027,-0.017799182407960856,-0.12878906369095766,-7.315525634155051e-06,24_music,music,C_3000
TP,135,132,65,8.310803220313113,8.415798360545663,8.541795211035485,8.323336601257324,8.495529174804688,0.07973081425902429,-0.04626603623079717,0.012533380944210748,24_music,music,C_3000
TP,136,133,62,8.314799714346744,8.416790778527169,8.541795211035485,8.334859848022461,8.495386123657227,0.07859534513005784,-0.04640908737825811,0.020060133675716685,24_music,music,C_3000
TP,137,135,68,8.416790778527169,8.51778942472609,8.541795211035485,8.435437202453613,8.519890785217285,0.002101360491195692,-0.021904425818199513,0.018646423926444555,24_music,music,C_3000
TP,138,136,53,8.418789025543985,8.51778942472609,8.541795211035485,8.436595916748047,8.49503231048584,-0.02275711424024962,-0.046762900549644826,0.01780689120406187,24_music,music,C_3000
TP,139,138,72,8.520793500778215,8.621805558030937,8.849780061647381,8.527130126953125,8.8100004196167,0.18819486158576204,-0.03977964203068218,0.006336626174910265,24_music,music,C_3000
TP,140,137,46,8.52178591875972,8.622797976012443,8.849780061647381,8.524989128112793,8.80322265625,0.1804246802375573,-0.0465574053973814,0.0032032093530727224,24_music,music,C_3000
TP,141,140,60,8.624796223029259,8.726800698263489,8.849780061647381,8.650930404663086,8.795000076293945,0.06819937803045661,-0.05477998535343609,0.02613418163382697,24_music,music,C_3000
TP,142,139,56,8.62580205206457,8.727793116244994,8.849780061647381,8.64656925201416,8.794089317321777,0.06629620107678313,-0.05569074432560406,0.02076719994959042,24_music,music,C_3000
TP,143,142,65,8.73079719229712,8.832788256477544,8.849780061647381,8.764364242553711,8.834268569946289,0.0014803134687451092,-0.01551149170109234,0.03356705025659146,24_music,music,C_3000
TP,144,141,50,8.731789610278625,8.832788256477544,8.849780061647381,8.756949424743652,8.825983047485352,-0.006805208992192391,-0.02379701416202984,0.025159814465027353,24_music,music,C_3000
TP,145,144,70,8.833794085512855,8.937783396710097,9.361773862727738,8.85488224029541,9.380000114440918,0.4422167177308207,0.018226251713180375,0.021088154782555435,24_music,music,C_3000
TP,146,143,39,8.835792332529671,8.937783396710097,9.148779506210511,8.850531578063965,8.892498970031738,-0.04528442667835897,-0.2562805361787728,0.014739245534293843,24_music,music,C_3000
TP,147,145,58,8.937783396710097,9.045782612994774,9.567767649159208,8.960962295532227,9.1899995803833,0.14421696738852674,-0.3777680687759073,0.023178898822129312,24_music,music,C_3000
TP,148,146,55,8.939781643726914,9.046788442030085,9.259769387493508,8.962005615234375,9.199999809265137,0.1532113672350519,-0.059769578228371145,0.02222397150746147,24_music,music,C_3000
TP,149,148,67,9.048786689046901,9.147787088229006,9.563771155125577,9.076395988464355,9.579999923706055,0.43221283547704914,0.016228768580477393,0.02760929941745438,24_music,music,C_3000
TP,150,147,46,9.049779107028407,9.147787088229006,9.363772109744554,9.017139434814453,9.300000190734863,0.15221310250585773,-0.06377191900969059,-0.032639672213953475,24_music,music,C_3000
FN,151,,39,9.148779506210511,9.255772893459877,9.462772508926658,,,,,,24_music,music,C_3000
TP,152,150,75,9.148779506210511,9.255772893459877,9.664769801324498,9.17050838470459,9.680000305175781,0.42422741171590417,0.015230503851283217,0.021728878494078785,24_music,music,C_3000
TP,153,152,55,9.259769387493508,9.361773862727738,9.973760480971706,9.21484661102295,9.979999542236328,0.6182256795085905,0.006239061264622592,-0.044922776470558645,24_music,music,C_3000
TP,154,153,63,9.259769387493508,9.360768033692427,9.86975775872066,9.265153884887695,9.539999961853027,0.17923192816060052,-0.3297577968676322,0.0053844973941874485,24_music,music,C_3000
TP,155,155,70,9.361773862727738,9.458776014893026,9.868765340739154,9.394302368164062,9.880000114440918,0.4212240995478922,0.011234773701763956,0.032528505436324906,24_music,music,C_3000
FN,156,,46,9.363772109744554,9.461766679891348,9.665762219306004,,,,,,24_music,music,C_3000
TP,157,157,39,9.462772508926658,9.563771155125577,9.76976494155705,9.474832534790039,9.720000267028809,0.1562291119032313,-0.04976467452824096,0.01206002586338073,24_music,music,C_3000
TP,158,156,79,9.462772508926658,9.563771155125577,9.973760480971706,9.469656944274902,9.979999542236328,0.41622838711075083,0.006239061264622592,0.006884435348244011,24_music,music,C_3000
TP,159,159,67,9.563771155125577,9.661765725272371,10.177756020386362,9.588293075561523,10.1899995803833,0.5282338551109298,0.012243559996939268,0.024521920435946143,24_music,music,C_3000
TP,160,160,58,9.567767649159208,9.662771554307682,10.275750590533157,9.588825225830078,9.979999542236328,0.31722798792864637,-0.29575104829682886,0.02105757667087005,24_music,music,C_3000
TP,161,162,75,9.664769801324498,9.766760865504923,10.17675019135105,9.694061279296875,10.1899995803833,0.4232387148783783,0.013249389032250036,0.029291477972376967,24_music,music,C_3000
TP,162,161,46,9.665762219306004,9.766760865504923,10.071755051118501,9.692214965820312,10.100000381469727,0.33323951596480406,0.02824533035122556,0.026452746514308956,24_music,music,C_3000
TP,163,164,82,9.767766694540233,9.864755435651718,10.274744761497846,9.775681495666504,10.279999732971191,0.41524429731947343,0.0052549714733451935,0.007914801126270632,24_music,music,C_3000
TP,164,163,39,9.76976494155705,9.868765340739154,10.670746358226268,9.727344512939453,10.594795227050781,0.7260298863116272,-0.07595113117548635,-0.04242042861759643,24_music,music,C_3000
TP,165,166,70,9.868765340739154,9.96975057588427,10.473751388897368,9.885770797729492,10.479999542236328,0.5102489663520586,0.006248153338960449,0.017005456990338175,24_music,music,C_3000
TP,166,165,63,9.86975775872066,9.973760480971706,10.670746358226268,9.885687828063965,10.0600004196167,0.08623993864499369,-0.6107459386095684,0.01593006934330532,24_music,music,C_3000
TP,167,168,55,9.973760480971706,10.07074922208319,10.670746358226268,9.992713928222656,10.619999885559082,0.5492506634758918,-0.05074647266718557,0.018953447250950717,24_music,music,C_3000
TP,168,167,79,9.973760480971706,10.067758557084868,10.471753141880551,9.986197471618652,10.470000267028809,0.40224170994394015,-0.0017528748517428028,0.01243699064694681,24_music,music,C_3000
FP,,4,43,,,,1.6174685955047607,2.759999990463257,,,,24_music,music,C_3000
FP,,10,46,,,,1.8954541683197021,2.2300000190734863,,,,24_music,music,C_3000
FP,,22,58,,,,2.5099098682403564,2.880000114440918,,,,24_music,music,C_3000
FP,,43,92,,,,3.4808359146118164,3.5899999141693115,,,,24_music,music,C_3000
FP,,46,43,,,,3.615468740463257,3.8299999237060547,,,,24_music,music,C_3000
FP,,50,60,,,,3.8324222564697266,4.130000114440918,,,,24_music,music,C_3000
FP,,76,60,,,,5.28929328918457,5.356339454650879,,,,24_music,music,C_3000
FP,,80,48,,,,5.519646167755127,5.65718936920166,,,,24_music,music,C_3000
FP,,99,54,,,,6.573429584503174,6.579999923706055,,,,24_music,music,C_3000
FP,,111,54,,,,7.173737049102783,7.179999828338623,,,,24_music,music,C_3000
FP,,134,56,,,,8.434758186340332,8.510000228881836,,,,24_music,music,C_3000
FP,,149,51,,,,9.094575881958008,10.380000114440918,,,,24_music,music,C_3000
FP,,151,58,,,,9.199897766113281,9.579999923706055,,,,24_music,music,C_3000
FP,,154,46,,,,9.305404663085938,9.680000305175781,,,,24_music,music,C_3000
FP,,158,63,,,,9.554075241088867,9.880000114440918,,,,24_music,music,C_3000
FP,,169,58,,,,9.993165016174316,10.0600004196167,,,,24_music,music,C_3000
TP,0,0,70,1.111977526169622,1.429980433973205,1.429980433973205,1.1258666515350342,1.235597014427185,-0.1943834195460199,-0.1943834195460199,0.013889125365412092,24_music,music,D_no_cap
TP,1,1,70,1.429980433973205,1.534975574205756,1.9549561351359601,1.4214709997177124,1.9700000286102295,0.43502445440447346,0.015043893474269376,-0.008509434255492554,24_music,music,D_no_cap
TP,2,2,39,1.4339769280068364,1.535981403241066,1.751966424756615,1.4278866052627563,1.7000000476837158,0.1640186444426499,-0.051966377072899084,-0.006090322744080057,24_music,music,D_no_cap
TP,3,3,58,1.5379796502578815,1.6399707144383069,2.1649598266548664,1.5672651529312134,2.1700000762939453,0.5300293618556384,0.0050402496390788976,0.029285502673331854,24_music,music,D_no_cap
FN,4,,55,1.5389720682393873,1.6409765434736168,1.8579673940244759,,,,,,24_music,music,D_no_cap
TP,5,6,67,1.6429747904904324,1.7489623487044892,2.1649598266548664,1.6731678247451782,2.1700000762939453,0.4210377275894561,0.0050402496390788976,0.030193034254745843,24_music,music,D_no_cap
TP,6,5,46,1.6439672084719381,1.7489623487044892,1.9579602111880858,1.624267339706421,1.8899999856948853,0.14103763699039606,-0.06796022549320058,-0.019699868765517214,24_music,music,D_no_cap
TP,7,7,39,1.751966424756615,1.856961564989166,2.0599646864223153,1.7087693214416504,2.049999952316284,0.1930383873271182,-0.009964734106031159,-0.04319710331496451,24_music,music,D_no_cap
TP,8,8,75,1.751966424756615,1.8529650709555345,2.263946814783166,1.7744468450546265,2.2899999618530273,0.4370348908974928,0.026053147069861282,0.02248042029801156,24_music,music,D_no_cap
FN,9,,55,1.8579673940244759,1.9549561351359601,2.573943323465682,,,,,,24_music,music,D_no_cap
TP,10,9,63,1.8579673940244759,1.9509596411023287,2.4669499362163156,1.8697702884674072,2.4800000190734863,0.5290403779711577,0.013050082857170686,0.011802894442931366,24_music,music,D_no_cap
TP,11,11,70,1.9549561351359601,2.0569606103701896,2.4659441071810058,1.9821499586105347,2.4800000190734863,0.4230394087032967,0.014055911892480566,0.027193823474574552,24_music,music,D_no_cap
FN,12,,46,1.9579602111880858,2.0569606103701896,2.263946814783166,,,,,,24_music,music,D_no_cap
TP,13,12,39,2.0599646864223153,2.1649598266548664,2.3679495370342116,2.0571837425231934,2.369999885559082,0.20504005890421562,0.0020503485248704045,-0.0027809438991219793,24_music,music,D_no_cap
TP,14,13,79,2.0599646864223153,2.1619557506027407,2.5709392474135564,2.0660176277160645,2.5799999237060547,0.418044173103314,0.009060676292498293,0.0060529412937491145,24_music,music,D_no_cap
TP,15,15,58,2.1649598266548664,2.26295439680166,2.8749410150456254,2.184551239013672,2.5,0.2370456031983399,-0.3749410150456254,0.01959141235880546,24_music,music,D_no_cap
TP,16,14,67,2.1649598266548664,2.258957902768029,2.77093829279458,2.1828980445861816,2.7799999713897705,0.5210420686217416,0.009061678595190692,0.017938217931315226,24_music,music,D_no_cap
TP,17,16,46,2.263946814783166,2.364945460982086,2.6739361406292916,2.2364842891693115,2.680000066757202,0.31505460577511624,0.006063926127910513,-0.027462525613854538,24_music,music,D_no_cap
TP,18,17,75,2.263946814783166,2.364945460982086,2.77093829279458,2.2979373931884766,2.7799999713897705,0.4150545104076846,0.009061678595190692,0.0339905784053105,24_music,music,D_no_cap
TP,19,19,39,2.3679495370342116,2.4659441071810058,3.2709292007202366,2.381685733795166,2.7350921630859375,0.26914805590493174,-0.5358370376342991,0.013736196760954389,24_music,music,D_no_cap
TP,20,18,82,2.3679495370342116,2.4659441071810058,2.8729427680288095,2.3795135021209717,2.7425620555877686,0.2766179484067628,-0.130380712441041,0.011563965086760053,24_music,music,D_no_cap
TP,21,20,70,2.4659441071810058,2.566942753379925,3.071935984374523,2.488217830657959,3.0799999237060547,0.5130571703261295,0.0080639393315316,0.022273723476953222,24_music,music,D_no_cap
TP,22,21,63,2.4669499362163156,2.5709392474135564,3.2709292007202366,2.494800090789795,3.200000047683716,0.6290608002701594,-0.07092915303652081,0.02785015457347928,24_music,music,D_no_cap
TP,23,23,79,2.5709392474135564,2.6689472286141545,3.070930155339213,2.5857698917388916,3.069999933242798,0.4010527046286434,-0.0009302220964153562,0.014830644325335207,24_music,music,D_no_cap
TP,24,24,55,2.573943323465682,2.6689472286141545,3.2709292007202366,2.591972589492798,3.2100000381469727,0.5410528095328182,-0.06092916257326397,0.018029266027115742,24_music,music,D_no_cap
TP,25,25,87,2.6729437226477857,2.7659493807794426,3.2709292007202366,2.6745529174804688,3.190000057220459,0.42405067644101635,-0.08092914349977764,0.0016091948326830696,24_music,music,D_no_cap
TP,26,26,46,2.6739361406292916,2.7669417987609486,3.2709292007202366,2.6858696937561035,3.1700000762939453,0.4030582775329967,-0.10092912442629132,0.01193355312681188,24_music,music,D_no_cap
TP,27,28,67,2.77093829279458,2.8729427680288095,3.2709292007202366,2.7875843048095703,3.1848151683807373,0.31187240035192776,-0.08611403233949932,0.016646012014990497,24_music,music,D_no_cap
TP,28,27,75,2.77093829279458,2.8719369389934997,3.2709292007202366,2.7872908115386963,3.1851799488067627,0.31324300981326303,-0.08574925191347393,0.016352518744116473,24_music,music,D_no_cap
TP,29,29,82,2.8729427680288095,2.969931509140294,3.1689381365398113,2.8880579471588135,3.1600000858306885,0.19006857669039467,-0.008938050709122791,0.01511517913000393,24_music,music,D_no_cap
TP,30,30,58,2.8749410150456254,2.969931509140294,3.1699305545213172,2.8942863941192627,3.1600000858306885,0.19006857669039467,-0.009930468690628746,0.019345379073637314,24_music,music,D_no_cap
TP,31,31,91,2.9709373381756037,3.066933661305582,3.2709292007202366,2.9830422401428223,3.186507225036621,0.11957356373103911,-0.08442197568361554,0.012104901967218584,24_music,music,D_no_cap
TP,32,32,51,2.9729355851924195,3.067939490340892,3.2709292007202366,2.9853813648223877,3.1851584911346436,0.1172190007937517,-0.08577070958559307,0.012445779629968179,24_music,music,D_no_cap
TP,33,33,79,3.070930155339213,3.1659340604876856,3.2709292007202366,3.0843541622161865,3.2100000381469727,0.0440659776592871,-0.06092916257326397,0.013424006876973316,24_music,music,D_no_cap
TP,34,34,70,3.071935984374523,3.1669398895229954,3.2709292007202366,3.0945069789886475,3.184368133544922,0.017428244021926442,-0.08656106717531475,0.022570994614124373,24_music,music,D_no_cap
TP,35,36,82,3.1689381365398113,3.2639286306344797,3.2709292007202366,3.1713309288024902,3.3299999237060547,0.066071293071575,0.05907072298581806,0.0023927922626789666,24_music,music,D_no_cap
TP,36,35,58,3.1699305545213172,3.2649344596697896,3.2709292007202366,3.1654605865478516,3.5,0.23506554033021043,0.22907079927976337,-0.0044699679734656605,24_music,music,D_no_cap
TP,37,38,89,3.2669327066866054,3.3659331058687094,3.575923386333812,3.2741920948028564,3.509999990463257,0.14406688459454742,-0.06592339587055518,0.007259388116251042,24_music,music,D_no_cap
TP,38,37,51,3.2709292007202366,3.3659331058687094,3.575923386333812,3.2685747146606445,3.491485357284546,0.12555225141583648,-0.08443802904926612,-0.002354486059592098,24_music,music,D_no_cap
TP,39,39,74,3.3659331058687094,3.4659259230323194,3.575923386333812,3.3747687339782715,3.486968755722046,0.02104283268972651,-0.08895463061176612,0.008835628109562066,24_music,music,D_no_cap
TP,40,40,71,3.3669255238502154,3.4709282461012605,3.575923386333812,3.379617214202881,3.4871110916137695,0.016182845512509036,-0.08881229472004248,0.012691690352665486,24_music,music,D_no_cap
TP,41,42,80,3.4709282461012605,3.5719268923001803,3.575923386333812,3.4781546592712402,3.7699999809265137,0.19807308862633333,0.19407659459270166,0.00722641316997974,24_music,music,D_no_cap
TP,42,41,59,3.4729264931180763,3.5729193102816863,3.575923386333812,3.475001573562622,3.5299999713897705,-0.04291933889191579,-0.04592341494404151,0.0020750804445457405,24_music,music,D_no_cap
TP,43,44,87,3.574930968352306,3.6699214624469745,3.900926864223152,3.5817453861236572,3.8338539600372314,0.16393249759025696,-0.06707290418592038,0.006814417771351167,24_music,music,D_no_cap
TP,44,45,51,3.575923386333812,3.6699214624469745,3.8839216479995122,3.589585542678833,3.869999885559082,0.20007842311210755,-0.013921762440430197,0.013662156345020993,24_music,music,D_no_cap
TP,45,47,75,3.6739179564806057,3.7739241846980196,3.900926864223152,3.686063766479492,3.836158275604248,0.062234090906228445,-0.06476858861890378,0.012145809998886481,24_music,music,D_no_cap
TP,46,48,72,3.6769220325327314,3.778913096713157,3.900926864223152,3.706179618835449,3.8348891735076904,0.05597607679453365,-0.0660376907154614,0.029257586302717797,24_music,music,D_no_cap
FN,47,,60,3.778913096713157,3.8809175719473865,3.900926864223152,,,,,,24_music,music,D_no_cap
TP,48,49,80,3.778913096713157,3.8799117429120766,3.900926864223152,3.7762258052825928,3.8651912212371826,-0.014720521674894016,-0.03573564298596921,-0.0026872914305640094,24_music,music,D_no_cap
TP,49,52,84,3.8829158189642023,3.977933135166479,4.195916403698844,3.8891897201538086,4.139999866485596,0.16206673131911664,-0.05591653721324796,0.006273901189606246,24_music,music,D_no_cap
TP,50,51,51,3.8839216479995122,3.977933135166479,4.197914650715659,3.877371072769165,4.124721527099609,0.1467883919331303,-0.07319312361604968,-0.006550575230347189,24_music,music,D_no_cap
TP,51,53,72,3.9819296292001103,4.08192244636372,4.201911144749291,3.9905471801757812,4.124204635620117,0.04228218925639737,-0.07770650912917354,0.008617550975670962,24_music,music,D_no_cap
TP,52,54,68,3.9849202941984316,4.08292827539903,4.201911144749291,4.011358261108398,4.123568058013916,0.04063978261488632,-0.07834308673537471,0.026437966909966804,24_music,music,D_no_cap
TP,53,55,80,4.0859189403973515,4.194923985717338,4.201911144749291,4.086704730987549,4.190738201141357,-0.004185784575980733,-0.011172943607933306,0.0007857905901973439,24_music,music,D_no_cap
FN,54,,62,4.086924769432661,4.195916403698844,4.201911144749291,,,,,,24_music,music,D_no_cap
TP,55,56,84,4.195916403698844,4.299919125949889,4.530911116672262,4.205132484436035,4.463013172149658,0.16309404619976942,-0.06789794452260356,0.00921608073719149,24_music,music,D_no_cap
TP,56,57,51,4.197914650715659,4.299919125949889,4.530911116672262,4.2061662673950195,4.464613914489746,0.1646947885398573,-0.06629720218251567,0.008251616679360474,24_music,music,D_no_cap
TP,57,59,67,4.300911543931394,4.3979136960966825,4.530911116672262,4.3351922035217285,4.46376371383667,0.06585001773998744,-0.06714740283559184,0.03428065959033422,24_music,music,D_no_cap
TP,58,58,72,4.300911543931394,4.3979136960966825,4.530911116672262,4.296853542327881,4.464570045471191,0.06665634937450893,-0.06634107120107036,-0.004058001603513439,24_music,music,D_no_cap
TP,59,60,79,4.3979136960966825,4.502908836329234,4.530911116672262,4.420388221740723,4.505062580108643,0.002153743779408579,-0.025848536563619184,0.022474525644040177,24_music,music,D_no_cap
TP,60,61,63,4.401910190130314,4.503914665364544,4.530911116672262,4.424908638000488,4.510000228881836,0.006085563517292059,-0.020910887790425825,0.022998447870174132,24_music,music,D_no_cap
TP,61,62,82,4.503914665364544,4.607903976561785,5.140886076845608,4.519343852996826,5.060765743255615,0.4528617666938306,-0.08012033358999293,0.015429187632282293,24_music,music,D_no_cap
TP,62,63,58,4.505912912381359,4.607903976561785,5.140886076845608,4.524363994598389,5.060789585113525,0.45288560855174076,-0.08009649173208278,0.018451082217029402,24_music,music,D_no_cap
TP,63,65,70,4.6089098055970945,4.709908451796014,5.031894442579426,4.617831230163574,5.059999942779541,0.35009149098352665,0.028105500200115152,0.008921424566479708,24_music,music,D_no_cap
TP,64,64,67,4.611900470595416,4.712899116794336,4.922889397259439,4.593850135803223,4.900000095367432,0.1871009785730955,-0.022889301892007552,-0.018050334792193645,24_music,music,D_no_cap
TP,65,67,75,4.712899116794336,4.813897762993256,5.1368895828119765,4.744470119476318,5.063071250915527,0.24917348792227134,-0.07381833189644915,0.03157100268198221,24_music,music,D_no_cap
TP,66,66,63,4.713904945829646,4.814903592028566,4.923895226294749,4.674615383148193,4.949999809265137,0.13509621723657084,0.026104582970387646,-0.03928956268145267,24_music,music,D_no_cap
TP,67,68,79,4.817894257026888,4.9188929032258075,5.140886076845608,4.825747966766357,5.06223201751709,0.14333911429128232,-0.07865405932851832,0.00785370973946975,24_music,music,D_no_cap
TP,68,69,51,4.8189000860621976,4.922889397259439,5.140886076845608,4.829582214355469,5.060057640075684,0.1371682428162444,-0.08082843676992457,0.010682128293271198,24_music,music,D_no_cap
TP,69,70,67,4.922889397259439,5.031894442579426,5.140886076845608,4.913721084594727,5.079999923706055,0.048105481126628824,-0.06088615313955348,-0.00916831266471263,24_music,music,D_no_cap
TP,70,71,63,4.923895226294749,5.031894442579426,5.140886076845608,4.957827091217041,5.061078071594238,0.029183629014812418,-0.07980800525136988,0.03393186492229194,24_music,music,D_no_cap
TP,71,72,70,5.031894442579426,5.132893088778345,5.140886076845608,5.074588298797607,5.139999866485596,0.0071067777072508775,-0.0008862103600124627,0.04269385621818156,24_music,music,D_no_cap
FN,72,,55,5.032886860560931,5.1368895828119765,5.140886076845608,,,,,,24_music,music,D_no_cap
TP,73,74,75,5.1368895828119765,5.230887658925139,5.447878509475997,5.1478681564331055,5.355126857757568,0.12423919883242895,-0.09275165171842836,0.010978573621128973,24_music,music,D_no_cap
TP,74,73,41,5.139880247810298,5.233878323923461,5.447878509475997,5.141049861907959,5.354784965515137,0.12090664159167552,-0.09309354396086,0.0011696140976606983,24_music,music,D_no_cap
TP,75,75,63,5.234884152958771,5.33588279915769,5.447878509475997,5.2324957847595215,5.3561110496521,0.020228250494409572,-0.09176745982389711,-0.002388368199249591,24_music,music,D_no_cap
FN,76,,60,5.237888229010896,5.33588279915769,5.447878509475997,,,,,,24_music,music,D_no_cap
TP,77,77,69,5.339879293191322,5.440877939390241,5.447878509475997,5.356732368469238,5.444504261016846,0.0036263216266050335,-0.003374248459151019,0.016853075277916574,24_music,music,D_no_cap
FN,78,,53,5.342883369243447,5.443882015442366,5.447878509475997,,,,,,24_music,music,D_no_cap
FN,79,,48,5.4448744334238715,5.541876585589159,5.749868619037445,,,,,,24_music,music,D_no_cap
TP,80,78,74,5.4448744334238715,5.5388725095370335,5.749868619037445,5.457285404205322,5.655983924865723,0.11711141532868918,-0.09388469417172196,0.012410970781450814,24_music,music,D_no_cap
TP,81,81,62,5.542869003570664,5.643867649769583,5.749868619037445,5.573445796966553,5.658411502838135,0.014543853068551549,-0.09145711619930985,0.03057679339588848,24_music,music,D_no_cap
TP,82,79,60,5.5458730796227895,5.643867649769583,5.749868619037445,5.502533435821533,5.660828113555908,0.016960463786324986,-0.08904050548153641,-0.04333964380125632,24_music,music,D_no_cap
TP,83,82,69,5.647877554857018,5.744866295968503,5.749868619037445,5.636773586273193,5.760000228881836,0.01513393291333287,0.01013160984439132,-0.011103968583825008,24_music,music,D_no_cap
FN,84,,53,5.65086821985534,5.745872125003813,5.749868619037445,,,,,,24_music,music,D_no_cap
TP,85,84,75,5.745872125003813,5.846870771202733,6.049860481582077,5.756736755371094,5.974188804626465,0.12731803342373205,-0.07567167695561228,0.010864630367280803,24_music,music,D_no_cap
TP,86,83,41,5.749868619037445,5.849861436201055,6.049860481582077,5.754156112670898,5.974248886108398,0.12438744990734385,-0.07561159547367868,0.0042874936334538205,24_music,music,D_no_cap
TP,87,85,63,5.8508672652363645,5.948861835383158,6.049860481582077,5.857497692108154,5.97480583190918,0.02594399652602153,-0.07505464967289743,0.00663042687178983,24_music,music,D_no_cap
FN,88,,60,5.85387134128849,5.948861835383158,6.049860481582077,,,,,,24_music,music,D_no_cap
TP,89,87,69,5.949867664418468,6.045863987548446,6.049860481582077,5.949311256408691,6.050000190734863,0.004136203186416942,0.00013970915278616047,-0.0005564080097766322,24_music,music,D_no_cap
TP,90,86,53,5.951865911435283,6.046869816583756,6.049860481582077,5.940462112426758,5.984335422515869,-0.06253439406788708,-0.06552505906620798,-0.011403799008525617,24_music,music,D_no_cap
TP,91,88,79,6.048868063600572,6.14385855769524,6.356852914212467,6.054068088531494,6.284300804138184,0.14044224644294356,-0.07255211007428297,0.005200024930922531,24_music,music,D_no_cap
TP,92,89,46,6.049860481582077,6.14486438673055,6.356852914212467,6.055093288421631,6.284776210784912,0.1399118240543622,-0.07207670342755446,0.005232806839553739,24_music,music,D_no_cap
TP,93,91,67,6.147868462782675,6.245863032929469,6.356852914212467,6.159179210662842,6.2851643562316895,0.03930132330222058,-0.07168855798077711,0.011310747880166616,24_music,music,D_no_cap
TP,94,90,63,6.148860880764181,6.245863032929469,6.356852914212467,6.143287658691406,6.284996509552002,0.03913347662253308,-0.07185640466046461,-0.005573222072774442,24_music,music,D_no_cap
TP,95,93,70,6.246855450910974,6.343857603076263,6.356852914212467,6.264440536499023,6.336789131164551,-0.007068471911711782,-0.020063783047915784,0.017585085588049054,24_music,music,D_no_cap
TP,96,92,53,6.2498595269631,6.343857603076263,6.356852914212467,6.225118637084961,6.329999923706055,-0.013857679370207876,-0.026852990506411878,-0.024740889878138717,24_music,music,D_no_cap
TP,97,94,77,6.344863432111572,6.441865584276861,6.665857004913476,6.356170654296875,6.630000114440918,0.18813453016405735,-0.0358568904725578,0.011307222185302557,24_music,music,D_no_cap
TP,98,95,50,6.347854097109894,6.442858002258366,6.665857004913476,6.3616485595703125,6.6172919273376465,0.17443392507928035,-0.048565077575829285,0.013794462460418266,24_music,music,D_no_cap
TP,99,96,65,6.442858002258366,6.542850819421975,6.665857004913476,6.456284999847412,6.615383625030518,0.07253280560854236,-0.05047337988295819,0.013426997589045975,24_music,music,D_no_cap
TP,100,97,62,6.4448562492751815,6.543856648457285,6.665857004913476,6.473236560821533,6.617564678192139,0.07370802973485358,-0.0482923267213371,0.028380311546351678,24_music,music,D_no_cap
TP,101,98,70,6.54686072450941,6.641851218604079,6.665857004913476,6.535184860229492,6.635552406311035,-0.006298812293043632,-0.030304598602440613,-0.01167586427991818,24_music,music,D_no_cap
FN,102,,53,6.547853142490916,6.644855294656204,6.665857004913476,,,,,,24_music,music,D_no_cap
TP,103,101,74,6.644855294656204,6.742849864802999,6.9508418982512845,6.654992580413818,6.875709056854248,0.1328591920512494,-0.07513284139703647,0.0101372857576143,24_music,music,D_no_cap
TP,104,100,46,6.648851788689836,6.7438556938383085,6.9508418982512845,6.6544389724731445,6.878057479858398,0.13420178602008992,-0.07278441839288607,0.005587183783308802,24_music,music,D_no_cap
TP,105,102,62,6.7438556938383085,6.840857846003597,6.9508418982512845,6.762005805969238,6.875571250915527,0.034713404911930645,-0.07527064733575717,0.018150112130929763,24_music,music,D_no_cap
TP,106,103,58,6.745853940855124,6.840857846003597,6.9508418982512845,6.7645769119262695,6.876560211181641,0.03570236517804393,-0.07428168706964389,0.018722971071145622,24_music,music,D_no_cap
TP,107,105,65,6.841850263985102,6.945852986236147,6.9508418982512845,6.865091800689697,6.968367576599121,0.022514590362973763,0.017525678347836582,0.023241536704595056,24_music,music,D_no_cap
TP,108,104,53,6.843848511001918,6.945852986236147,6.9508418982512845,6.818220615386963,6.877903938293457,-0.0679490479426903,-0.07293795995782748,-0.02562789561495471,24_music,music,D_no_cap
TP,109,106,41,6.949849480269779,7.051840544450204,7.264834900967431,6.948047161102295,7.210000038146973,0.1581594936967683,-0.05483486282045824,-0.0018023191674840788,24_music,music,D_no_cap
TP,110,107,75,6.949849480269779,7.050848126468699,7.264834900967431,6.956704139709473,7.175899505615234,0.12505137914653552,-0.08893539535219652,0.0068546594396936555,24_music,music,D_no_cap
TP,111,108,63,7.051840544450204,7.1558432667012495,7.264834900967431,7.053629398345947,7.177884578704834,0.0220413120035845,-0.08695032226259691,0.0017888538957429034,24_music,music,D_no_cap
FN,112,,60,7.05383879146702,7.156835684682755,7.264834900967431,,,,,,24_music,music,D_no_cap
TP,113,109,69,7.156835684682755,7.2608384069338,7.264834900967431,7.170660018920898,7.244439601898193,-0.016398805035606756,-0.020395299069237538,0.013824334238143443,24_music,music,D_no_cap
TP,114,110,53,7.15883393169957,7.2608384069338,7.264834900967431,7.173199653625488,7.230000019073486,-0.030838387860313787,-0.03483488189394457,0.014365721925917896,24_music,music,D_no_cap
TP,115,112,74,7.261830824915306,7.361837053132719,7.575823827631451,7.273731708526611,7.4789276123046875,0.11709055917196842,-0.09689621532676362,0.011900883611305701,24_music,music,D_no_cap
TP,116,113,48,7.264834900967431,7.362829471114225,7.575823827631451,7.281317234039307,7.46999979019165,0.1071703190774258,-0.10582403743980073,0.016482333071875743,24_music,music,D_no_cap
TP,117,115,62,7.36583354716635,7.466832193365269,7.575823827631451,7.398983001708984,7.487242221832275,0.02041002846700657,-0.08858160579917573,0.033149454542634516,24_music,music,D_no_cap
TP,118,114,59,7.366825965147855,7.4708286873989005,7.575823827631451,7.36405086517334,7.492151737213135,0.021323049814234274,-0.08367209041831636,-0.002775099974515527,24_music,music,D_no_cap
TP,119,117,69,7.4708286873989005,7.572819751579326,7.575823827631451,7.455916404724121,7.610000133514404,0.037180381935078444,0.03417630588295317,-0.014912282674779398,24_music,music,D_no_cap
TP,120,116,53,7.47183451643421,7.572819751579326,7.575823827631451,7.434396743774414,7.486473083496094,-0.0863466680832321,-0.08935074413535737,-0.03743777265979631,24_music,music,D_no_cap
TP,121,119,75,7.573825580614636,7.669821903744613,7.902825552537606,7.5942277908325195,7.815797805786133,0.14597590204151967,-0.08702774675147307,0.0204022102178838,24_music,music,D_no_cap
TP,122,118,41,7.575823827631451,7.670827732779923,7.902825552537606,7.560652732849121,7.8176140785217285,0.1467863457418055,-0.08521147401587736,-0.01517109478233003,24_music,music,D_no_cap
TP,123,120,63,7.672825979796738,7.774817043977164,7.902825552537606,7.684628009796143,7.819149971008301,0.044332927031137004,-0.0836755815293051,0.011802029999404162,24_music,music,D_no_cap
TP,124,121,60,7.673818397778244,7.775822873012474,7.902825552537606,7.707564830780029,7.818175792694092,0.04235291968161814,-0.08464975984351408,0.03374643300178537,24_music,music,D_no_cap
TP,125,123,69,7.7788135380107954,7.897823229468664,7.902825552537606,7.775813579559326,7.887057781219482,-0.010765448249181908,-0.015767771318123458,-0.0029999584514692756,24_music,music,D_no_cap
TP,126,122,53,7.779819367046105,7.897823229468664,7.902825552537606,7.748352527618408,7.84505033493042,-0.05277289453824441,-0.05777521760718596,-0.031466839427697124,24_music,music,D_no_cap
TP,127,125,46,7.901819723502296,8.002818369701215,8.226809790337834,7.912780284881592,8.145997047424316,0.14317867772310144,-0.08081274291351725,0.010960561379295797,24_music,music,D_no_cap
TP,128,124,79,7.901819723502296,8.00182595171971,8.226809790337834,7.906835079193115,8.144908905029297,0.14308295330958742,-0.08190088530853679,0.005015355690819234,24_music,music,D_no_cap
TP,129,127,67,8.002818369701215,8.103817015900134,8.226809790337834,8.016966819763184,8.147174835205078,0.0433578193049442,-0.07963495513275554,0.014148450061968632,24_music,music,D_no_cap
TP,130,126,63,8.00582244575334,8.107813509933765,8.226809790337834,8.014473915100098,8.145516395568848,0.03770288563508295,-0.081293394768986,0.008651469346757423,24_music,music,D_no_cap
TP,131,128,72,8.108819338969075,8.212808650166318,8.226809790337834,8.124887466430664,8.197615623474121,-0.01519302669219691,-0.029194166863712567,0.01606812746158859,24_music,music,D_no_cap
TP,132,129,56,8.110817585985892,8.212808650166318,8.226809790337834,8.154160499572754,8.187783241271973,-0.025025408894345347,-0.039026549065861005,0.04334291358686215,24_music,music,D_no_cap
TP,133,131,77,8.213814479201629,8.306793315225677,8.541795211035485,8.223469734191895,8.495016098022461,0.1882227827967835,-0.04677911301302373,0.00965525499026576,24_music,music,D_no_cap
TP,134,130,53,8.21680514419995,8.307799144260988,8.418789025543985,8.216797828674316,8.289999961853027,-0.017799182407960856,-0.12878906369095766,-7.315525634155051e-06,24_music,music,D_no_cap
TP,135,132,65,8.310803220313113,8.415798360545663,8.541795211035485,8.323336601257324,8.495529174804688,0.07973081425902429,-0.04626603623079717,0.012533380944210748,24_music,music,D_no_cap
TP,136,133,62,8.314799714346744,8.416790778527169,8.541795211035485,8.334859848022461,8.495386123657227,0.07859534513005784,-0.04640908737825811,0.020060133675716685,24_music,music,D_no_cap
TP,137,135,68,8.416790778527169,8.51778942472609,8.541795211035485,8.435437202453613,8.519890785217285,0.002101360491195692,-0.021904425818199513,0.018646423926444555,24_music,music,D_no_cap
TP,138,136,53,8.418789025543985,8.51778942472609,8.541795211035485,8.436595916748047,8.49503231048584,-0.02275711424024962,-0.046762900549644826,0.01780689120406187,24_music,music,D_no_cap
TP,139,138,72,8.520793500778215,8.621805558030937,8.849780061647381,8.527130126953125,8.8100004196167,0.18819486158576204,-0.03977964203068218,0.006336626174910265,24_music,music,D_no_cap
TP,140,137,46,8.52178591875972,8.622797976012443,8.849780061647381,8.524989128112793,8.80322265625,0.1804246802375573,-0.0465574053973814,0.0032032093530727224,24_music,music,D_no_cap
TP,141,140,60,8.624796223029259,8.726800698263489,8.849780061647381,8.650930404663086,8.795000076293945,0.06819937803045661,-0.05477998535343609,0.02613418163382697,24_music,music,D_no_cap
TP,142,139,56,8.62580205206457,8.727793116244994,8.849780061647381,8.64656925201416,8.794089317321777,0.06629620107678313,-0.05569074432560406,0.02076719994959042,24_music,music,D_no_cap
TP,143,142,65,8.73079719229712,8.832788256477544,8.849780061647381,8.764364242553711,8.834268569946289,0.0014803134687451092,-0.01551149170109234,0.03356705025659146,24_music,music,D_no_cap
TP,144,141,50,8.731789610278625,8.832788256477544,8.849780061647381,8.756949424743652,8.825983047485352,-0.006805208992192391,-0.02379701416202984,0.025159814465027353,24_music,music,D_no_cap
TP,145,144,70,8.833794085512855,8.937783396710097,9.361773862727738,8.85488224029541,9.380000114440918,0.4422167177308207,0.018226251713180375,0.021088154782555435,24_music,music,D_no_cap
TP,146,143,39,8.835792332529671,8.937783396710097,9.148779506210511,8.850531578063965,8.892498970031738,-0.04528442667835897,-0.2562805361787728,0.014739245534293843,24_music,music,D_no_cap
TP,147,145,58,8.937783396710097,9.045782612994774,9.567767649159208,8.960962295532227,9.1899995803833,0.14421696738852674,-0.3777680687759073,0.023178898822129312,24_music,music,D_no_cap
TP,148,146,55,8.939781643726914,9.046788442030085,9.259769387493508,8.962005615234375,9.199999809265137,0.1532113672350519,-0.059769578228371145,0.02222397150746147,24_music,music,D_no_cap
TP,149,148,67,9.048786689046901,9.147787088229006,9.563771155125577,9.076395988464355,9.579999923706055,0.43221283547704914,0.016228768580477393,0.02760929941745438,24_music,music,D_no_cap
TP,150,147,46,9.049779107028407,9.147787088229006,9.363772109744554,9.017139434814453,9.300000190734863,0.15221310250585773,-0.06377191900969059,-0.032639672213953475,24_music,music,D_no_cap
FN,151,,39,9.148779506210511,9.255772893459877,9.462772508926658,,,,,,24_music,music,D_no_cap
TP,152,150,75,9.148779506210511,9.255772893459877,9.664769801324498,9.17050838470459,9.680000305175781,0.42422741171590417,0.015230503851283217,0.021728878494078785,24_music,music,D_no_cap
TP,153,152,55,9.259769387493508,9.361773862727738,9.973760480971706,9.21484661102295,9.979999542236328,0.6182256795085905,0.006239061264622592,-0.044922776470558645,24_music,music,D_no_cap
TP,154,153,63,9.259769387493508,9.360768033692427,9.86975775872066,9.265153884887695,9.539999961853027,0.17923192816060052,-0.3297577968676322,0.0053844973941874485,24_music,music,D_no_cap
TP,155,155,70,9.361773862727738,9.458776014893026,9.868765340739154,9.394302368164062,9.880000114440918,0.4212240995478922,0.011234773701763956,0.032528505436324906,24_music,music,D_no_cap
FN,156,,46,9.363772109744554,9.461766679891348,9.665762219306004,,,,,,24_music,music,D_no_cap
TP,157,157,39,9.462772508926658,9.563771155125577,9.76976494155705,9.474832534790039,9.720000267028809,0.1562291119032313,-0.04976467452824096,0.01206002586338073,24_music,music,D_no_cap
TP,158,156,79,9.462772508926658,9.563771155125577,9.973760480971706,9.469656944274902,9.979999542236328,0.41622838711075083,0.006239061264622592,0.006884435348244011,24_music,music,D_no_cap
TP,159,159,67,9.563771155125577,9.661765725272371,10.177756020386362,9.588293075561523,10.1899995803833,0.5282338551109298,0.012243559996939268,0.024521920435946143,24_music,music,D_no_cap
TP,160,160,58,9.567767649159208,9.662771554307682,10.275750590533157,9.588825225830078,9.979999542236328,0.31722798792864637,-0.29575104829682886,0.02105757667087005,24_music,music,D_no_cap
TP,161,162,75,9.664769801324498,9.766760865504923,10.17675019135105,9.694061279296875,10.1899995803833,0.4232387148783783,0.013249389032250036,0.029291477972376967,24_music,music,D_no_cap
TP,162,161,46,9.665762219306004,9.766760865504923,10.071755051118501,9.692214965820312,10.100000381469727,0.33323951596480406,0.02824533035122556,0.026452746514308956,24_music,music,D_no_cap
TP,163,164,82,9.767766694540233,9.864755435651718,10.274744761497846,9.775681495666504,10.279999732971191,0.41524429731947343,0.0052549714733451935,0.007914801126270632,24_music,music,D_no_cap
TP,164,163,39,9.76976494155705,9.868765340739154,10.670746358226268,9.727344512939453,10.594795227050781,0.7260298863116272,-0.07595113117548635,-0.04242042861759643,24_music,music,D_no_cap
TP,165,166,70,9.868765340739154,9.96975057588427,10.473751388897368,9.885770797729492,10.479999542236328,0.5102489663520586,0.006248153338960449,0.017005456990338175,24_music,music,D_no_cap
TP,166,165,63,9.86975775872066,9.973760480971706,10.670746358226268,9.885687828063965,10.0600004196167,0.08623993864499369,-0.6107459386095684,0.01593006934330532,24_music,music,D_no_cap
TP,167,168,55,9.973760480971706,10.07074922208319,10.670746358226268,9.992713928222656,10.619999885559082,0.5492506634758918,-0.05074647266718557,0.018953447250950717,24_music,music,D_no_cap
TP,168,167,79,9.973760480971706,10.067758557084868,10.471753141880551,9.986197471618652,10.470000267028809,0.40224170994394015,-0.0017528748517428028,0.01243699064694681,24_music,music,D_no_cap
FP,,4,43,,,,1.6174685955047607,2.759999990463257,,,,24_music,music,D_no_cap
FP,,10,46,,,,1.8954541683197021,2.2300000190734863,,,,24_music,music,D_no_cap
FP,,22,58,,,,2.5099098682403564,2.880000114440918,,,,24_music,music,D_no_cap
FP,,43,92,,,,3.4808359146118164,3.5899999141693115,,,,24_music,music,D_no_cap
FP,,46,43,,,,3.615468740463257,3.8299999237060547,,,,24_music,music,D_no_cap
FP,,50,60,,,,3.8324222564697266,4.130000114440918,,,,24_music,music,D_no_cap
FP,,76,60,,,,5.28929328918457,5.356339454650879,,,,24_music,music,D_no_cap
FP,,80,48,,,,5.519646167755127,5.65718936920166,,,,24_music,music,D_no_cap
FP,,99,54,,,,6.573429584503174,6.579999923706055,,,,24_music,music,D_no_cap
FP,,111,54,,,,7.173737049102783,7.179999828338623,,,,24_music,music,D_no_cap
FP,,134,56,,,,8.434758186340332,8.510000228881836,,,,24_music,music,D_no_cap
FP,,149,51,,,,9.094575881958008,10.380000114440918,,,,24_music,music,D_no_cap
FP,,151,58,,,,9.199897766113281,9.579999923706055,,,,24_music,music,D_no_cap
FP,,154,46,,,,9.305404663085938,9.680000305175781,,,,24_music,music,D_no_cap
FP,,158,63,,,,9.554075241088867,9.880000114440918,,,,24_music,music,D_no_cap
FP,,169,58,,,,9.993165016174316,10.0600004196167,,,,24_music,music,D_no_cap
