case,category,engine,match,referenceIndex,predictionIndex,pitch,gt_onset,gt_key_release,gt_pedal_release,pred_onset,pred_end,onset_error,key_error,pedal_error
01_isolated,isolated,bytedance,TP,0,0,36,0.5169961241492965,2.518998236030152,2.518998236030152,0.5107616186141968,2.504899024963379,-0.006234505535099744,-0.014099211066773254,-0.014099211066773254
01_isolated,isolated,bytedance_B_offline,TP,0,0,36,0.5169961241492965,2.518998236030152,2.518998236030152,0.5107616186141968,2.504899024963379,-0.006234505535099744,-0.014099211066773254,-0.014099211066773254
01_isolated,isolated,basic_pitch,TP,0,2,36,0.5169961241492965,2.518998236030152,2.518998236030152,0.5572789115646258,2.4974290249433104,0.04028278741532931,-0.021569211086841733,-0.021569211086841733
01_isolated,isolated,basic_pitch,FP,,0,55,,,,0.5224489795918368,0.6617687074829932,,,
01_isolated,isolated,basic_pitch,FP,,1,60,,,,0.5224489795918368,1.1493877551020408,,,
01_isolated,isolated,basic_pitch,FP,,3,55,,,,0.8359183673469388,1.0332879818594105,,,
01_isolated,isolated,basic_pitch,FP,,4,60,,,,1.3235374149659864,2.0794698412698414,,,
01_isolated,isolated,basic_pitch,FP,,5,36,,,,3.2869074829931972,3.8557963718820862,,,
01_isolated,isolated,basic_pitch,FP,,6,60,,,,3.2869074829931972,3.728086621315193,,,
01_isolated,isolated,basic_pitch,FP,,7,55,,,,3.588766893424036,3.7745265306122446,,,
02_isolated,isolated,bytedance,TP,0,0,60,0.5199867891476181,2.521988901028474,2.521988901028474,0.5226254463195801,2.549999952316284,0.002638657171961989,0.02801105128781023,0.02801105128781023
02_isolated,isolated,bytedance_B_offline,TP,0,0,60,0.5199867891476181,2.521988901028474,2.521988901028474,0.5226254463195801,0.5632020661234856,0.002638657171961989,-1.9587868349049884,-1.9587868349049884
02_isolated,isolated,basic_pitch,TP,0,0,60,0.5199867891476181,2.521988901028474,2.521988901028474,0.5224489795918368,3.1708077097505667,0.0024621904442186926,0.6488188087220927,0.6488188087220927
02_isolated,isolated,basic_pitch,FP,,1,60,,,,3.2869074829931972,4.054449886621315,,,
02_isolated,isolated,basic_pitch,FP,,2,43,,,,3.4262272108843534,3.7396965986394557,,,
03_isolated,isolated,bytedance,TP,0,0,84,0.5340013403729362,2.5329993762016665,2.5329993762016665,0.5337690711021423,4.1390625,-0.00023226927079389448,1.6060631237983332,1.6060631237983332
03_isolated,isolated,bytedance,FP,,1,75,,,,0.537399411201477,4.1390625,,,
03_isolated,isolated,bytedance_B_offline,TP,0,0,84,0.5340013403729362,2.5329993762016665,2.5329993762016665,0.5337690711021423,0.5843797481060028,-0.00023226927079389448,-1.9486196280956638,-1.9486196280956638
03_isolated,isolated,bytedance_B_offline,FP,,1,75,,,,0.537399411201477,4.1390625,,,
03_isolated,isolated,basic_pitch,TP,0,0,84,0.5340013403729362,2.5329993762016665,2.5329993762016665,0.5572789115646258,1.6486167800453515,0.023277571191689606,-0.884382596156315,-0.884382596156315
03_isolated,isolated,basic_pitch,FP,,1,84,,,,1.6486167800453515,2.5090390022675737,,,
03_isolated,isolated,basic_pitch,FP,,2,31,,,,3.4378371882086167,3.83257641723356,,,
04_isolated,isolated,bytedance,TP,0,0,100,0.5229908651997437,2.5179924069948427,2.5179924069948427,0.5247318744659424,2.609999895095825,0.0017410092661986898,0.09200748810098247,0.09200748810098247
04_isolated,isolated,bytedance,FP,,1,33,,,,2.5028016567230225,2.509999990463257,,,
04_isolated,isolated,bytedance_B_offline,TP,0,0,100,0.5229908651997437,2.5179924069948427,2.5179924069948427,0.5247318744659424,2.609999895095825,0.0017410092661986898,0.09200748810098247,0.09200748810098247
04_isolated,isolated,bytedance_B_offline,FP,,1,33,,,,2.5028016567230225,2.509999990463257,,,
04_isolated,isolated,basic_pitch,TP,0,0,100,0.5229908651997437,2.5179924069948427,2.5179924069948427,0.5224489795918368,0.6733786848072563,-0.0005418856079069112,-1.8446137221875865,-1.8446137221875865
04_isolated,isolated,basic_pitch,FP,,1,44,,,,2.578698866213152,2.7644585034013605,,,
05_long,long,bytedance,FN,0,,105,0.5169961241492965,4.103983629871517,4.103983629871517,,,,,
05_long,long,bytedance,FP,,0,103,,,,0.5120784640312195,0.5199999809265137,,,
05_long,long,bytedance,FP,,1,104,,,,0.5143954753875732,0.5199999809265137,,,
05_long,long,bytedance_B_offline,FN,0,,105,0.5169961241492965,4.103983629871517,4.103983629871517,,,,,
05_long,long,bytedance_B_offline,FP,,0,103,,,,0.5120784640312195,0.5199999809265137,,,
05_long,long,bytedance_B_offline,FP,,1,104,,,,0.5143954753875732,0.5199999809265137,,,
05_long,long,basic_pitch,FN,0,,105,0.5169961241492965,4.103983629871517,4.103983629871517,,,,,
05_long,long,basic_pitch,FP,,0,43,,,,4.228599546485261,4.391139229024943,,,
06_long,long,bytedance,TP,0,0,95,0.5229908651997437,6.059999238258004,6.059999238258004,0.5152497291564941,6.519999980926514,-0.007741136043249552,0.46000074266850977,0.46000074266850977
06_long,long,bytedance_B_offline,TP,0,0,95,0.5229908651997437,6.059999238258004,6.059999238258004,0.5152497291564941,6.519999980926514,-0.007741136043249552,0.46000074266850977,0.46000074266850977
06_long,long,basic_pitch,TP,0,0,95,0.5229908651997437,6.059999238258004,6.059999238258004,0.5108390022675737,1.1493877551020408,-0.012151862932169966,-4.910611483155963,-4.910611483155963
06_long,long,basic_pitch,FP,,1,22,,,,4.669778684807256,4.91358820861678,,,
06_long,long,basic_pitch,FP,,2,44,,,,6.064259863945578,6.26162947845805,,,
06_long,long,basic_pitch,FP,,3,38,,,,7.016278004535147,7.202037641723356,,,
07_long,long,bytedance,TP,0,0,82,0.5169961241492965,8.594983450422681,8.594983450422681,0.509667694568634,6.510000228881836,-0.007328429580662488,-2.0849832215408455,-2.0849832215408455
07_long,long,bytedance_B_offline,TP,0,0,82,0.5169961241492965,8.594983450422681,8.594983450422681,0.509667694568634,6.510000228881836,-0.007328429580662488,-2.0849832215408455,-2.0849832215408455
07_long,long,basic_pitch,TP,0,0,82,0.5169961241492965,8.594983450422681,8.594983450422681,0.5224489795918368,1.6486167800453515,0.005452855442540261,-6.94636667037733,-6.94636667037733
07_long,long,basic_pitch,FP,,1,82,,,,1.6486167800453515,2.7064086167800454,,,
07_long,long,basic_pitch,FP,,2,31,,,,3.1708077097505667,3.6119868480725623,,,
07_long,long,basic_pitch,FP,,3,31,,,,3.7977464852607707,3.9486761904761902,,,
07_long,long,basic_pitch,FP,,4,22,,,,4.971638095238095,5.8539963718820855,,,
07_long,long,basic_pitch,FP,,5,31,,,,5.1341777777777775,5.354767346938775,,,
07_long,long,basic_pitch,FP,,6,31,,,,7.132377777777778,7.503897052154195,,,
07_long,long,basic_pitch,FP,,7,23,,,,7.283307482993197,7.7128766439909295,,,
07_long,long,basic_pitch,FP,,8,26,,,,9.850396371882086,9.979390022675737,,,
08_long,long,bytedance,TP,0,1,62,0.5139920480971709,12.507993674123355,12.507993674123355,0.4980824291706085,6.5,-0.015909618926562397,-6.007993674123355,-6.007993674123355
08_long,long,bytedance,FP,,0,74,,,,0.4974433481693268,6.5,,,
08_long,long,bytedance_B_offline,TP,0,1,62,0.5139920480971709,12.507993674123355,12.507993674123355,0.4980824291706085,0.5423905484378337,-0.015909618926562397,-11.965603125685522,-11.965603125685522
08_long,long,bytedance_B_offline,FP,,0,74,,,,0.4974433481693268,6.5,,,
08_long,long,basic_pitch,TP,0,0,62,0.5139920480971709,12.507993674123355,12.507993674123355,0.4992290249433107,12.465209070294785,-0.014763023153860244,-0.04278460382857041,-0.04278460382857041
08_long,long,basic_pitch,FP,,1,28,,,,8.991258049886621,9.188627664399093,,,
09_long,long,bytedance,TP,0,0,31,0.5139920480971709,18.56299058931242,18.56299058931242,0.505710780620575,6.510000228881836,-0.008281267476595966,-12.052990360430584,-12.052990360430584
09_long,long,bytedance_B_offline,TP,0,0,31,0.5139920480971709,18.56299058931242,18.56299058931242,0.505710780620575,6.510000228881836,-0.008281267476595966,-12.052990360430584,-12.052990360430584
09_long,long,basic_pitch,TP,0,1,31,0.5139920480971709,18.56299058931242,18.56299058931242,0.5572789115646258,17.053717913832198,0.04328686346745492,-1.5092726754802221,-1.5092726754802221
09_long,long,basic_pitch,FP,,0,43,,,,0.5108390022675737,17.158207709750567,,,
09_long,long,basic_pitch,FP,,2,62,,,,18.041849886621314,18.738448526077097,,,
09_long,long,basic_pitch,FP,,3,43,,,,18.2972693877551,18.48302902494331,,,
09_long,long,basic_pitch,FP,,4,31,,,,18.343709297052154,18.86615827664399,,,
09_long,long,basic_pitch,FP,,5,25,,,,18.36692925170068,18.529468934240363,,,
09_long,long,basic_pitch,FP,,6,43,,,,19.562756916099772,19.702076643990928,,,
10_repeated,repeated,bytedance,TP,0,0,49,0.5169961241492965,0.8699884713278603,0.8699884713278603,0.5066856145858765,0.864687979221344,-0.010310509563420056,-0.005300492106516286,-0.005300492106516286
10_repeated,repeated,bytedance,TP,1,1,49,1.2229942295602283,1.5209878450880459,1.5209878450880459,1.2154523134231567,1.511607050895691,-0.007541916137071558,-0.009380794192354935,-0.009380794192354935
10_repeated,repeated,bytedance,TP,2,2,49,1.815977384563738,2.066978667561876,2.066978667561876,1.8067502975463867,2.0534093379974365,-0.009227087017351199,-0.01356932956443968,-0.01356932956443968
10_repeated,repeated,bytedance,TP,3,3,49,2.3159817035431987,2.5289894711142304,2.5289894711142304,2.3070504665374756,2.51867413520813,-0.00893123700572307,-0.010315335906100565,-0.010315335906100565
10_repeated,repeated,bytedance,TP,4,4,49,2.7389931626331365,2.914007414777062,2.914007414777062,2.731541633605957,2.9065279960632324,-0.007451529027179493,-0.0074794187138294,-0.0074794187138294
10_repeated,repeated,bytedance,TP,5,5,49,3.0970012439344456,3.2389974816125973,3.2389974816125973,3.0849802494049072,3.2311136722564697,-0.01202099452953842,-0.007883809356127536,-0.007883809356127536
10_repeated,repeated,bytedance,TP,6,6,49,3.390005947447126,3.5120063039033167,3.5120063039033167,3.378047227859497,3.4852144718170166,-0.011958719587628952,-0.026791832086300094,-0.026791832086300094
10_repeated,repeated,bytedance,TP,7,7,49,3.6419996484267703,3.74299829462569,3.74299829462569,3.6259467601776123,3.6931722164154053,-0.01605288824915796,-0.04982607821028484,-0.04982607821028484
10_repeated,repeated,bytedance,TP,8,9,49,3.847993434858241,3.9359967699209566,3.9359967699209566,3.8370063304901123,3.887878894805908,-0.010987104368128886,-0.04811787511504839,-0.04811787511504839
10_repeated,repeated,bytedance,TP,9,11,49,4.027004181035798,4.103997040925321,4.103997040925321,4.00422477722168,4.064219951629639,-0.022779403814118027,-0.03977708929568191,-0.03977708929568191
10_repeated,repeated,bytedance,TP,10,13,49,4.1739893307290865,4.2369944615009,4.2369944615009,4.154596328735352,4.207353591918945,-0.01939300199373495,-0.029640869581954554,-0.029640869581954554
10_repeated,repeated,bytedance,TP,11,15,49,4.303996086306344,4.3530000769066435,4.3530000769066435,4.2855448722839355,4.380000114440918,-0.018451214022408458,0.02700003753427449,0.02700003753427449
10_repeated,repeated,bytedance,TP,12,16,49,4.406000561540574,4.454012134159367,4.454012134159367,4.39278507232666,4.46999979019165,-0.013215489213913578,0.01598765603228358,0.01598765603228358
10_repeated,repeated,bytedance,TP,13,17,49,4.492005649586473,4.534009070101015,4.534009070101015,4.479801654815674,4.550000190734863,-0.012203994770799476,0.015991120633848332,0.015991120633848332
10_repeated,repeated,bytedance,TP,14,18,49,4.570004338511306,4.598006618854334,4.598006618854334,4.562192440032959,4.604488849639893,-0.007811898478347068,0.006482230785558762,0.006482230785558762
10_repeated,repeated,bytedance,FP,,8,61,,,,3.6275062561035156,3.640000104904175,,,
10_repeated,repeated,bytedance,FP,,10,61,,,,3.8391475677490234,3.9200000762939453,,,
10_repeated,repeated,bytedance,FP,,12,61,,,,4.005894660949707,4.090000152587891,,,
10_repeated,repeated,bytedance,FP,,14,61,,,,4.155442237854004,4.230000019073486,,,
10_repeated,repeated,bytedance_B_offline,TP,0,0,49,0.5169961241492965,0.8699884713278603,0.8699884713278603,0.5066856145858765,0.864687979221344,-0.010310509563420056,-0.005300492106516286,-0.005300492106516286
10_repeated,repeated,bytedance_B_offline,TP,1,1,49,1.2229942295602283,1.5209878450880459,1.5209878450880459,1.2154523134231567,1.511607050895691,-0.007541916137071558,-0.009380794192354935,-0.009380794192354935
10_repeated,repeated,bytedance_B_offline,TP,2,2,49,1.815977384563738,2.066978667561876,2.066978667561876,1.8067502975463867,2.0534093379974365,-0.009227087017351199,-0.01356932956443968,-0.01356932956443968
10_repeated,repeated,bytedance_B_offline,TP,3,3,49,2.3159817035431987,2.5289894711142304,2.5289894711142304,2.3070504665374756,2.51867413520813,-0.00893123700572307,-0.010315335906100565,-0.010315335906100565
10_repeated,repeated,bytedance_B_offline,TP,4,4,49,2.7389931626331365,2.914007414777062,2.914007414777062,2.731541633605957,2.9065279960632324,-0.007451529027179493,-0.0074794187138294,-0.0074794187138294
10_repeated,repeated,bytedance_B_offline,TP,5,5,49,3.0970012439344456,3.2389974816125973,3.2389974816125973,3.0849802494049072,3.2311136722564697,-0.01202099452953842,-0.007883809356127536,-0.007883809356127536
10_repeated,repeated,bytedance_B_offline,TP,6,6,49,3.390005947447126,3.5120063039033167,3.5120063039033167,3.378047227859497,3.4852144718170166,-0.011958719587628952,-0.026791832086300094,-0.026791832086300094
10_repeated,repeated,bytedance_B_offline,TP,7,7,49,3.6419996484267703,3.74299829462569,3.74299829462569,3.6259467601776123,3.6931722164154053,-0.01605288824915796,-0.04982607821028484,-0.04982607821028484
10_repeated,repeated,bytedance_B_offline,TP,8,9,49,3.847993434858241,3.9359967699209566,3.9359967699209566,3.8370063304901123,3.887878894805908,-0.010987104368128886,-0.04811787511504839,-0.04811787511504839
10_repeated,repeated,bytedance_B_offline,TP,9,11,49,4.027004181035798,4.103997040925321,4.103997040925321,4.00422477722168,4.064219951629639,-0.022779403814118027,-0.03977708929568191,-0.03977708929568191
10_repeated,repeated,bytedance_B_offline,TP,10,13,49,4.1739893307290865,4.2369944615009,4.2369944615009,4.154596328735352,4.207353591918945,-0.01939300199373495,-0.029640869581954554,-0.029640869581954554
10_repeated,repeated,bytedance_B_offline,TP,11,15,49,4.303996086306344,4.3530000769066435,4.3530000769066435,4.2855448722839355,4.336797972619533,-0.018451214022408458,-0.01620210428711033,-0.01620210428711033
10_repeated,repeated,bytedance_B_offline,TP,12,16,49,4.406000561540574,4.454012134159367,4.454012134159367,4.39278507232666,4.458659681677818,-0.013215489213913578,0.0046475475184513115,0.0046475475184513115
10_repeated,repeated,bytedance_B_offline,TP,13,17,49,4.492005649586473,4.534009070101015,4.534009070101015,4.479801654815674,4.550000190734863,-0.012203994770799476,0.015991120633848332,0.015991120633848332
10_repeated,repeated,bytedance_B_offline,TP,14,18,49,4.570004338511306,4.598006618854334,4.598006618854334,4.562192440032959,4.604488849639893,-0.007811898478347068,0.006482230785558762,0.006482230785558762
10_repeated,repeated,bytedance_B_offline,FP,,8,61,,,,3.6275062561035156,3.640000104904175,,,
10_repeated,repeated,bytedance_B_offline,FP,,10,61,,,,3.8391475677490234,3.9200000762939453,,,
10_repeated,repeated,bytedance_B_offline,FP,,12,61,,,,4.005894660949707,4.090000152587891,,,
10_repeated,repeated,bytedance_B_offline,FP,,14,61,,,,4.155442237854004,4.230000019073486,,,
10_repeated,repeated,basic_pitch,TP,0,0,49,0.5169961241492965,0.8699884713278603,0.8699884713278603,0.5108390022675737,1.2190476190476192,-0.0061571218817227935,0.3490591477197589,0.3490591477197589
10_repeated,repeated,basic_pitch,TP,1,1,49,1.2229942295602283,1.5209878450880459,1.5209878450880459,1.2190476190476192,1.822766439909297,-0.003946610512609139,0.30177859482125124,0.30177859482125124
10_repeated,repeated,basic_pitch,TP,2,2,49,1.815977384563738,2.066978667561876,2.066978667561876,1.822766439909297,2.311669387755102,0.006789055345559181,0.2446907201932258,0.2446907201932258
10_repeated,repeated,basic_pitch,TP,3,3,49,2.3159817035431987,2.5289894711142304,2.5289894711142304,2.311669387755102,2.7412385487528343,-0.0043123157880966545,0.2122490776386039,0.2122490776386039
10_repeated,repeated,basic_pitch,TP,4,4,49,2.7389931626331365,2.914007414777062,2.914007414777062,2.7412385487528343,3.0895378684807255,0.002245386119697823,0.1755304537036637,0.1755304537036637
10_repeated,repeated,basic_pitch,TP,5,5,49,3.0970012439344456,3.2389974816125973,3.2389974816125973,3.0895378684807255,3.3913972789115645,-0.007463375453720111,0.15239979729896724,0.15239979729896724
10_repeated,repeated,basic_pitch,TP,6,6,49,3.390005947447126,3.5120063039033167,3.5120063039033167,3.3913972789115645,3.6352068027210884,0.0013913314644384833,0.12320049881777173,0.12320049881777173
10_repeated,repeated,basic_pitch,TP,7,7,49,3.6419996484267703,3.74299829462569,3.74299829462569,3.6352068027210884,3.844186394557823,-0.006792845705681838,0.10118809993213285,0.10118809993213285
10_repeated,repeated,basic_pitch,TP,8,8,49,3.847993434858241,3.9359967699209566,3.9359967699209566,3.844186394557823,4.019619954648526,-0.0038070403004182296,0.08362318472756947,0.08362318472756947
10_repeated,repeated,basic_pitch,TP,9,9,49,4.027004181035798,4.103997040925321,4.103997040925321,4.019619954648526,4.158939682539683,-0.007384226387271653,0.05494264161436213,0.05494264161436213
10_repeated,repeated,basic_pitch,TP,10,10,49,4.1739893307290865,4.2369944615009,4.2369944615009,4.158939682539683,4.402749206349206,-0.015049648189403797,0.16575474484830632,0.16575474484830632
10_repeated,repeated,basic_pitch,FN,11,,49,4.303996086306344,4.3530000769066435,4.3530000769066435,,,,,
10_repeated,repeated,basic_pitch,TP,12,11,49,4.406000561540574,4.454012134159367,4.454012134159367,4.402749206349206,4.925198185941043,-0.0032513551913675443,0.47118605178167616,0.47118605178167616
10_repeated,repeated,basic_pitch,FN,13,,49,4.492005649586473,4.534009070101015,4.534009070101015,,,,,
10_repeated,repeated,basic_pitch,FN,14,,49,4.570004338511306,4.598006618854334,4.598006618854334,,,,,
10_repeated,repeated,basic_pitch,FP,,12,49,,,,4.925198185941043,5.94687619047619,,,
10_repeated,repeated,basic_pitch,FP,,13,68,,,,4.925198185941043,5.285107482993197,,,
11_repeated,repeated,bytedance,TP,0,1,66,0.5139920480971709,0.8679902243110447,0.8679902243110447,0.5131301283836365,0.8733826279640198,-0.0008619197135344425,0.0053924036529751085,0.0053924036529751085
11_repeated,repeated,bytedance,TP,1,3,66,1.224992476577044,1.5189895980712302,1.5189895980712302,1.2204687595367432,1.5244778394699097,-0.004523717040300745,0.005488241398679428,0.005488241398679428
11_repeated,repeated,bytedance,TP,2,5,66,1.8199738785973694,2.0719809906308178,2.0719809906308178,1.8169349431991577,2.0771377086639404,-0.0030389353982116507,0.005156718033122676,0.005156718033122676
11_repeated,repeated,bytedance,TP,3,7,66,2.32098402661214,2.5299953001495408,2.5299953001495408,2.31535267829895,2.5299999713897705,-0.00563134831319001,4.6712402297366395e-06,4.6712402297366395e-06
11_repeated,repeated,bytedance,TP,4,9,66,2.736981504562517,2.9189829157383955,2.9189829157383955,2.7322869300842285,2.9200000762939453,-0.004694574478288693,0.0010171605555497898,0.0010171605555497898
11_repeated,repeated,bytedance,TP,5,11,66,3.093997167882321,3.244992222663045,3.244992222663045,3.08540678024292,3.2316112518310547,-0.008590387639400898,-0.013380970831990524,-0.013380970831990524
11_repeated,repeated,bytedance,TP,6,13,66,3.388007700430311,3.5170086269722587,3.5170086269722587,3.381368398666382,3.470982789993286,-0.0066393017639292395,-0.046025836978972556,-0.046025836978972556
11_repeated,repeated,bytedance,TP,7,15,66,3.6400014014099553,3.7489930356761376,3.7489930356761376,3.6276769638061523,3.670008897781372,-0.012324437603802973,-0.07898413789476555,-0.07898413789476555
11_repeated,repeated,bytedance,TP,8,17,66,3.8529957579271827,3.940999092989898,3.940999092989898,3.849499225616455,3.882751941680908,-0.0034965323107276625,-0.05824715130898994,-0.05824715130898994
11_repeated,repeated,bytedance,TP,9,19,66,4.025005934018982,4.101998793908505,4.101998793908505,4.019036769866943,4.0538763999938965,-0.005969164152038964,-0.04812239391460871,-0.04812239391460871
11_repeated,repeated,bytedance,TP,10,21,66,4.178991653798028,4.238992708517715,4.238992708517715,4.170976638793945,4.204733371734619,-0.008015015004082748,-0.03425933678309612,-0.03425933678309612
11_repeated,repeated,bytedance,TP,11,23,66,4.301997839289529,4.3530000769066435,4.3530000769066435,4.295836448669434,4.331690311431885,-0.00616139062009502,-0.021309765474758713,-0.021309765474758713
11_repeated,repeated,bytedance,TP,12,25,66,4.403009896542253,4.452013887142552,4.452013887142552,4.394587993621826,4.431241989135742,-0.00842190292042666,-0.02077189800681012,-0.02077189800681012
11_repeated,repeated,bytedance,TP,13,27,66,4.497007972655416,4.533003241065707,4.533003241065707,4.488086223602295,4.559999942779541,-0.00892174905312082,0.02699670171383417,0.02699670171383417
11_repeated,repeated,bytedance,TP,14,28,66,4.5680060914944915,4.603008941923276,4.603008941923276,4.572404861450195,4.610114097595215,0.004398769955703763,0.00710515567193859,0.00710515567193859
11_repeated,repeated,bytedance,FP,,0,78,,,,0.5126231908798218,0.6000000238418579,,,
11_repeated,repeated,bytedance,FP,,2,78,,,,1.2191517353057861,1.440000057220459,,,
11_repeated,repeated,bytedance,FP,,4,78,,,,1.8161506652832031,2.0299999713897705,,,
11_repeated,repeated,bytedance,FP,,6,78,,,,2.314962863922119,2.369999885559082,,,
11_repeated,repeated,bytedance,FP,,8,78,,,,2.73116135597229,2.7799999713897705,,,
11_repeated,repeated,bytedance,FP,,10,78,,,,3.084998369216919,3.140000104904175,,,
11_repeated,repeated,bytedance,FP,,12,78,,,,3.37953519821167,3.430000066757202,,,
11_repeated,repeated,bytedance,FP,,14,78,,,,3.6265153884887695,3.6700000762939453,,,
11_repeated,repeated,bytedance,FP,,16,78,,,,3.8474318981170654,3.890000104904175,,,
11_repeated,repeated,bytedance,FP,,18,78,,,,4.017162322998047,4.059999942779541,,,
11_repeated,repeated,bytedance,FP,,20,78,,,,4.168540954589844,4.21999979019165,,,
11_repeated,repeated,bytedance,FP,,22,78,,,,4.29525089263916,4.349999904632568,,,
11_repeated,repeated,bytedance,FP,,24,78,,,,4.393461227416992,4.480000019073486,,,
11_repeated,repeated,bytedance,FP,,26,78,,,,4.486342906951904,4.630000114440918,,,
11_repeated,repeated,bytedance_B_offline,TP,0,1,66,0.5139920480971709,0.8679902243110447,0.8679902243110447,0.5131301283836365,0.5543402102589607,-0.0008619197135344425,-0.3136500140520839,-0.3136500140520839
11_repeated,repeated,bytedance_B_offline,TP,1,3,66,1.224992476577044,1.5189895980712302,1.5189895980712302,1.2204687595367432,1.2611052843928336,-0.004523717040300745,-0.2578843136783966,-0.2578843136783966
11_repeated,repeated,bytedance_B_offline,TP,2,5,66,1.8199738785973694,2.0719809906308178,2.0719809906308178,1.8169349431991577,1.8546302700042725,-0.0030389353982116507,-0.21735072062654526,-0.21735072062654526
11_repeated,repeated,bytedance_B_offline,TP,3,7,66,2.32098402661214,2.5299953001495408,2.5299953001495408,2.31535267829895,2.351392919123173,-0.00563134831319001,-0.17860238102636794,-0.17860238102636794
11_repeated,repeated,bytedance_B_offline,TP,4,9,66,2.736981504562517,2.9189829157383955,2.9189829157383955,2.7322869300842285,2.765010817348957,-0.004694574478288693,-0.15397209838943837,-0.15397209838943837
11_repeated,repeated,bytedance_B_offline,TP,5,11,66,3.093997167882321,3.244992222663045,3.244992222663045,3.08540678024292,3.2316112518310547,-0.008590387639400898,-0.013380970831990524,-0.013380970831990524
11_repeated,repeated,bytedance_B_offline,TP,6,13,66,3.388007700430311,3.5170086269722587,3.5170086269722587,3.381368398666382,3.470982789993286,-0.0066393017639292395,-0.046025836978972556,-0.046025836978972556
11_repeated,repeated,bytedance_B_offline,TP,7,15,66,3.6400014014099553,3.7489930356761376,3.7489930356761376,3.6276769638061523,3.670008897781372,-0.012324437603802973,-0.07898413789476555,-0.07898413789476555
11_repeated,repeated,bytedance_B_offline,TP,8,17,66,3.8529957579271827,3.940999092989898,3.940999092989898,3.849499225616455,3.882751941680908,-0.0034965323107276625,-0.05824715130898994,-0.05824715130898994
11_repeated,repeated,bytedance_B_offline,TP,9,19,66,4.025005934018982,4.101998793908505,4.101998793908505,4.019036769866943,4.0538763999938965,-0.005969164152038964,-0.04812239391460871,-0.04812239391460871
11_repeated,repeated,bytedance_B_offline,TP,10,21,66,4.178991653798028,4.238992708517715,4.238992708517715,4.170976638793945,4.204733371734619,-0.008015015004082748,-0.03425933678309612,-0.03425933678309612
11_repeated,repeated,bytedance_B_offline,TP,11,23,66,4.301997839289529,4.3530000769066435,4.3530000769066435,4.295836448669434,4.331690311431885,-0.00616139062009502,-0.021309765474758713,-0.021309765474758713
11_repeated,repeated,bytedance_B_offline,TP,12,25,66,4.403009896542253,4.452013887142552,4.452013887142552,4.394587993621826,4.431241989135742,-0.00842190292042666,-0.02077189800681012,-0.02077189800681012
11_repeated,repeated,bytedance_B_offline,TP,13,27,66,4.497007972655416,4.533003241065707,4.533003241065707,4.488086223602295,4.559999942779541,-0.00892174905312082,0.02699670171383417,0.02699670171383417
11_repeated,repeated,bytedance_B_offline,TP,14,28,66,4.5680060914944915,4.603008941923276,4.603008941923276,4.572404861450195,4.610114097595215,0.004398769955703763,0.00710515567193859,0.00710515567193859
11_repeated,repeated,bytedance_B_offline,FP,,0,78,,,,0.5126231908798218,0.6000000238418579,,,
11_repeated,repeated,bytedance_B_offline,FP,,2,78,,,,1.2191517353057861,1.440000057220459,,,
11_repeated,repeated,bytedance_B_offline,FP,,4,78,,,,1.8161506652832031,2.0299999713897705,,,
11_repeated,repeated,bytedance_B_offline,FP,,6,78,,,,2.314962863922119,2.369999885559082,,,
11_repeated,repeated,bytedance_B_offline,FP,,8,78,,,,2.73116135597229,2.7799999713897705,,,
11_repeated,repeated,bytedance_B_offline,FP,,10,78,,,,3.084998369216919,3.140000104904175,,,
11_repeated,repeated,bytedance_B_offline,FP,,12,78,,,,3.37953519821167,3.430000066757202,,,
11_repeated,repeated,bytedance_B_offline,FP,,14,78,,,,3.6265153884887695,3.6700000762939453,,,
11_repeated,repeated,bytedance_B_offline,FP,,16,78,,,,3.8474318981170654,3.890000104904175,,,
11_repeated,repeated,bytedance_B_offline,FP,,18,78,,,,4.017162322998047,4.059999942779541,,,
11_repeated,repeated,bytedance_B_offline,FP,,20,78,,,,4.168540954589844,4.21999979019165,,,
11_repeated,repeated,bytedance_B_offline,FP,,22,78,,,,4.29525089263916,4.349999904632568,,,
11_repeated,repeated,bytedance_B_offline,FP,,24,78,,,,4.393461227416992,4.480000019073486,,,
11_repeated,repeated,bytedance_B_offline,FP,,26,78,,,,4.486342906951904,4.630000114440918,,,
11_repeated,repeated,basic_pitch,TP,0,0,66,0.5139920480971709,0.8679902243110447,0.8679902243110447,0.4992290249433107,1.0681179138321995,-0.014763023153860244,0.20012768952115478,0.20012768952115478
11_repeated,repeated,basic_pitch,TP,1,1,66,1.224992476577044,1.5189895980712302,1.5189895980712302,1.2190476190476192,1.8343764172335602,-0.005944857529424752,0.3153868191623299,0.3153868191623299
11_repeated,repeated,basic_pitch,TP,2,2,66,1.8199738785973694,2.0719809906308178,2.0719809906308178,1.8343764172335602,2.311669387755102,0.014402538636190787,0.23968839712428425,0.23968839712428425
11_repeated,repeated,basic_pitch,TP,3,3,66,2.32098402661214,2.5299953001495408,2.5299953001495408,2.311669387755102,2.7296285714285715,-0.009314638857038204,0.19963327127903074,0.19963327127903074
11_repeated,repeated,basic_pitch,TP,4,4,66,2.736981504562517,2.9189829157383955,2.9189829157383955,2.7296285714285715,3.0895378684807255,-0.007352933133945694,0.17055495274233,0.17055495274233
11_repeated,repeated,basic_pitch,TP,5,5,66,3.093997167882321,3.244992222663045,3.244992222663045,3.0895378684807255,3.3913972789115645,-0.004459299401595285,0.1464050562485193,0.1464050562485193
11_repeated,repeated,basic_pitch,TP,6,6,66,3.388007700430311,3.5170086269722587,3.5170086269722587,3.3913972789115645,3.6352068027210884,0.00338957848125343,0.11819817574882974,0.11819817574882974
11_repeated,repeated,basic_pitch,TP,7,7,66,3.6400014014099553,3.7489930356761376,3.7489930356761376,3.6352068027210884,3.8557963718820862,-0.004794598688866891,0.10680333620594862,0.10680333620594862
11_repeated,repeated,basic_pitch,TP,8,8,66,3.8529957579271827,3.940999092989898,3.940999092989898,3.8557963718820862,4.019619954648526,0.002800613954903497,0.07862086165862792,0.07862086165862792
11_repeated,repeated,basic_pitch,TP,9,9,66,4.025005934018982,4.101998793908505,4.101998793908505,4.019619954648526,4.2982594104308385,-0.005385979370456262,0.1962606165223333,0.1962606165223333
11_repeated,repeated,basic_pitch,FN,10,,66,4.178991653798028,4.238992708517715,4.238992708517715,,,,,
11_repeated,repeated,basic_pitch,TP,11,10,66,4.301997839289529,4.3530000769066435,4.3530000769066435,4.2982594104308385,4.484019047619047,-0.003738428858690135,0.13101897071240387,0.13101897071240387
11_repeated,repeated,basic_pitch,FN,12,,66,4.403009896542253,4.452013887142552,4.452013887142552,,,,,
11_repeated,repeated,basic_pitch,TP,13,11,66,4.497007972655416,4.533003241065707,4.533003241065707,4.484019047619047,4.925198185941043,-0.012988925036368393,0.3921949448753361,0.3921949448753361
11_repeated,repeated,basic_pitch,FN,14,,66,4.5680060914944915,4.603008941923276,4.603008941923276,,,,,
11_repeated,repeated,basic_pitch,FP,,12,66,,,,4.925198185941043,5.4012072562358275,,,
12_repeated,repeated,bytedance,TP,0,0,89,0.5239832831812494,0.8689960533463545,0.8689960533463545,0.5111894607543945,1.2000000476837158,-0.012793822426854895,0.3310039943373613,0.3310039943373613
12_repeated,repeated,bytedance,TP,1,2,89,1.2229942295602283,1.5239785100863674,1.5239785100863674,1.2123931646347046,1.5199999809265137,-0.010601064925523707,-0.00397852915985375,-0.00397852915985375
12_repeated,repeated,bytedance,TP,2,5,89,1.8209797076326792,2.069982743614002,2.069982743614002,1.811651349067688,2.059999942779541,-0.009328358564991257,-0.009982800834460903,-0.009982800834460903
12_repeated,repeated,bytedance,TP,3,8,89,2.318985779595325,2.527970231025117,2.527970231025117,2.3169572353363037,2.5199999809265137,-0.0020285442590211034,-0.007970250098603415,-0.007970250098603415
12_repeated,repeated,bytedance,TP,4,11,89,2.738979751579333,2.9199887447737054,2.9199887447737054,2.723280668258667,2.9100000858306885,-0.015699083320666052,-0.009988658943016926,-0.009988658943016926
12_repeated,repeated,bytedance,TP,5,14,89,3.0929779277932066,3.2419881466109195,3.2419881466109195,3.0766994953155518,3.359999895095825,-0.016278432477654814,0.1180117484849057,0.1180117484849057
12_repeated,repeated,bytedance,TP,6,16,89,3.3899925363933225,3.51899346293527,3.51899346293527,3.367882490158081,3.609999895095825,-0.022110046235241487,0.09100643216055504,0.09100643216055504
12_repeated,repeated,bytedance,TP,7,18,89,3.637989743339335,3.742984883571886,3.742984883571886,3.6222622394561768,3.8299999237060547,-0.015727503883158356,0.0870150401341685,0.0870150401341685
12_repeated,repeated,bytedance,TP,8,19,89,3.8549940049439986,3.9390008459730828,3.9390008459730828,3.835463047027588,4.0,-0.019530957916410685,0.060999154026917246,0.060999154026917246
12_repeated,repeated,bytedance,TP,9,20,89,4.027004181035799,4.103004622943816,4.103004622943816,4.0112409591674805,4.150000095367432,-0.015763221868318134,0.04699547242361568,0.04699547242361568
12_repeated,repeated,bytedance,TP,10,21,89,4.179997482833339,4.243995031586658,4.243995031586658,4.164132595062256,4.28000020980835,-0.01586488777108297,0.036005178221691914,0.036005178221691914
12_repeated,repeated,bytedance,TP,11,22,89,4.299999592272714,4.3519942478713345,4.3519942478713345,4.2853240966796875,4.389999866485596,-0.01467549559302661,0.038005618614261216,0.038005618614261216
12_repeated,repeated,bytedance,TP,12,23,89,4.405008143559069,4.4500022290719325,4.4500022290719325,4.39577054977417,4.53000020980835,-0.00923759378489919,0.07999798073641706,0.07999798073641706
12_repeated,repeated,bytedance,TP,13,24,89,4.499006219672232,4.534009070101017,4.534009070101017,4.538790225982666,6.203,0.039784006310433995,1.6689909298989836,1.6689909298989836
12_repeated,repeated,bytedance,FN,14,,89,4.568998509475998,4.600997283852657,4.600997283852657,,,,,
12_repeated,repeated,bytedance,FP,,1,77,,,,0.5149377584457397,0.5199999809265137,,,
12_repeated,repeated,bytedance,FP,,3,77,,,,1.2191253900527954,1.2999999523162842,,,
12_repeated,repeated,bytedance,FP,,4,89,,,,1.5281689167022705,1.7999999523162842,,,
12_repeated,repeated,bytedance,FP,,6,77,,,,1.8166601657867432,1.8899999856948853,,,
12_repeated,repeated,bytedance,FP,,7,89,,,,2.0703916549682617,2.309999942779541,,,
12_repeated,repeated,bytedance,FP,,9,77,,,,2.3241257667541504,2.7200000286102295,,,
12_repeated,repeated,bytedance,FP,,10,89,,,,2.5308213233947754,2.7100000381469727,,,
12_repeated,repeated,bytedance,FP,,12,77,,,,2.730057954788208,3.069999933242798,,,
12_repeated,repeated,bytedance,FP,,13,89,,,,2.915651321411133,3.069999933242798,,,
12_repeated,repeated,bytedance,FP,,15,77,,,,3.0834829807281494,3.359999895095825,,,
12_repeated,repeated,bytedance,FP,,17,77,,,,3.374277114868164,6.203,,,
12_repeated,repeated,bytedance_B_offline,TP,0,0,89,0.5239832831812494,0.8689960533463545,0.8689960533463545,0.5111894607543945,0.877828224003315,-0.012793822426854895,0.008832170656960403,0.008832170656960403
12_repeated,repeated,bytedance_B_offline,TP,1,2,89,1.2229942295602283,1.5239785100863674,1.5239785100863674,1.2123931646347046,1.2616470344364643,-0.010601064925523707,-0.2623314756499031,-0.2623314756499031
12_repeated,repeated,bytedance_B_offline,TP,2,5,89,1.8209797076326792,2.069982743614002,2.069982743614002,1.811651349067688,1.8570007225871086,-0.009328358564991257,-0.21298202102689334,-0.21298202102689334
12_repeated,repeated,bytedance_B_offline,TP,3,8,89,2.318985779595325,2.527970231025117,2.527970231025117,2.3169572353363037,2.3653527036309243,-0.0020285442590211034,-0.16261752739419277,-0.16261752739419277
12_repeated,repeated,bytedance_B_offline,TP,4,11,89,2.738979751579333,2.9199887447737054,2.9199887447737054,2.723280668258667,2.7666085574030874,-0.015699083320666052,-0.15338018737061798,-0.15338018737061798
12_repeated,repeated,bytedance_B_offline,TP,5,14,89,3.0929779277932066,3.2419881466109195,3.2419881466109195,3.0766994953155518,3.1227338027954104,-0.016278432477654814,-0.11925434381550915,-0.11925434381550915
12_repeated,repeated,bytedance_B_offline,TP,6,16,89,3.3899925363933225,3.51899346293527,3.51899346293527,3.367882490158081,3.413218792974949,-0.022110046235241487,-0.10577466996032125,-0.10577466996032125
12_repeated,repeated,bytedance_B_offline,TP,7,18,89,3.637989743339335,3.742984883571886,3.742984883571886,3.6222622394561768,3.6604679379984737,-0.015727503883158356,-0.08251694557341249,-0.08251694557341249
12_repeated,repeated,bytedance_B_offline,TP,8,19,89,3.8549940049439986,3.9390008459730828,3.9390008459730828,3.835463047027588,3.868196651786566,-0.019530957916410685,-0.07080419418651696,-0.07080419418651696
12_repeated,repeated,bytedance_B_offline,TP,9,20,89,4.027004181035799,4.103004622943816,4.103004622943816,4.0112409591674805,4.043541807830334,-0.015763221868318134,-0.05946281511348239,-0.05946281511348239
12_repeated,repeated,bytedance_B_offline,TP,10,21,89,4.179997482833339,4.243995031586658,4.243995031586658,4.164132595062256,4.28000020980835,-0.01586488777108297,0.036005178221691914,0.036005178221691914
12_repeated,repeated,bytedance_B_offline,TP,11,22,89,4.299999592272714,4.3519942478713345,4.3519942478713345,4.2853240966796875,4.389999866485596,-0.01467549559302661,0.038005618614261216,0.038005618614261216
12_repeated,repeated,bytedance_B_offline,TP,12,23,89,4.405008143559069,4.4500022290719325,4.4500022290719325,4.39577054977417,4.53000020980835,-0.00923759378489919,0.07999798073641706,0.07999798073641706
12_repeated,repeated,bytedance_B_offline,TP,13,24,89,4.499006219672232,4.534009070101017,4.534009070101017,4.538790225982666,6.194382120966911,0.039784006310433995,1.6603730508658945,1.6603730508658945
12_repeated,repeated,bytedance_B_offline,FN,14,,89,4.568998509475998,4.600997283852657,4.600997283852657,,,,,
12_repeated,repeated,bytedance_B_offline,FP,,1,77,,,,0.5149377584457397,0.5199999809265137,,,
12_repeated,repeated,bytedance_B_offline,FP,,3,77,,,,1.2191253900527954,1.2999999523162842,,,
12_repeated,repeated,bytedance_B_offline,FP,,4,89,,,,1.5281689167022705,1.7999999523162842,,,
12_repeated,repeated,bytedance_B_offline,FP,,6,77,,,,1.8166601657867432,1.8899999856948853,,,
12_repeated,repeated,bytedance_B_offline,FP,,7,89,,,,2.0703916549682617,2.309999942779541,,,
12_repeated,repeated,bytedance_B_offline,FP,,9,77,,,,2.3241257667541504,2.7200000286102295,,,
12_repeated,repeated,bytedance_B_offline,FP,,10,89,,,,2.5308213233947754,2.7100000381469727,,,
12_repeated,repeated,bytedance_B_offline,FP,,12,77,,,,2.730057954788208,3.069999933242798,,,
12_repeated,repeated,bytedance_B_offline,FP,,13,89,,,,2.915651321411133,3.069999933242798,,,
12_repeated,repeated,bytedance_B_offline,FP,,15,77,,,,3.0834829807281494,3.359999895095825,,,
12_repeated,repeated,bytedance_B_offline,FP,,17,77,,,,3.374277114868164,6.203,,,
12_repeated,repeated,basic_pitch,TP,0,0,89,0.5239832831812494,0.8689960533463545,0.8689960533463545,0.5108390022675737,1.2190476190476192,-0.013144280913675699,0.3500515657012646,0.3500515657012646
12_repeated,repeated,basic_pitch,TP,1,1,89,1.2229942295602283,1.5239785100863674,1.5239785100863674,1.2190476190476192,1.822766439909297,-0.003946610512609139,0.2987879298229297,0.2987879298229297
12_repeated,repeated,basic_pitch,TP,2,2,89,1.8209797076326792,2.069982743614002,2.069982743614002,1.822766439909297,2.323279365079365,0.0017867322766178528,0.2532966214653629,0.2532966214653629
12_repeated,repeated,basic_pitch,TP,3,3,89,2.318985779595325,2.527970231025117,2.527970231025117,2.323279365079365,2.7180185941043082,0.004293585484040019,0.19004836307919115,0.19004836307919115
12_repeated,repeated,basic_pitch,TP,4,4,89,2.738979751579333,2.9199887447737054,2.9199887447737054,2.7180185941043082,3.0779278911564627,-0.020961157475024805,0.1579391463827573,0.1579391463827573
12_repeated,repeated,basic_pitch,TP,5,5,89,3.0929779277932066,3.2419881466109195,3.2419881466109195,3.0779278911564627,3.3797873015873017,-0.015050036636743869,0.13779915497638218,0.13779915497638218
12_repeated,repeated,basic_pitch,TP,6,6,89,3.3899925363933225,3.51899346293527,3.51899346293527,3.3797873015873017,3.6352068027210884,-0.010205234806020869,0.11621333978581827,0.11621333978581827
12_repeated,repeated,basic_pitch,TP,7,7,89,3.637989743339335,3.742984883571886,3.742984883571886,3.6352068027210884,3.844186394557823,-0.0027829406182466876,0.10120151098593677,0.10120151098593677
12_repeated,repeated,basic_pitch,TP,8,8,89,3.8549940049439986,3.9390008459730828,3.9390008459730828,3.844186394557823,4.008009977324263,-0.010807610386175615,0.06900913135118003,0.06900913135118003
12_repeated,repeated,basic_pitch,TP,9,9,89,4.027004181035799,4.103004622943816,4.103004622943816,4.008009977324263,4.158939682539683,-0.018994203711535818,0.055935059595866754,0.055935059595866754
12_repeated,repeated,basic_pitch,TP,10,10,89,4.179997482833339,4.243995031586658,4.243995031586658,4.158939682539683,4.391139229024943,-0.021057800293656115,0.14714419743828522,0.14714419743828522
12_repeated,repeated,basic_pitch,FN,11,,89,4.299999592272714,4.3519942478713345,4.3519942478713345,,,,,
12_repeated,repeated,basic_pitch,TP,12,11,89,4.405008143559069,4.4500022290719325,4.4500022290719325,4.391139229024943,4.925198185941043,-0.013868914534126198,0.4751959568691104,0.4751959568691104
12_repeated,repeated,basic_pitch,FN,13,,89,4.499006219672232,4.534009070101017,4.534009070101017,,,,,
12_repeated,repeated,basic_pitch,FN,14,,89,4.568998509475998,4.600997283852657,4.600997283852657,,,,,
12_repeated,repeated,basic_pitch,FP,,12,89,,,,4.925198185941043,5.726286621315192,,,
13_sustain,sustain,bytedance,TP,0,0,48,0.7209916635639516,2.7159932053590503,2.9229794097720267,0.7402752041816711,2.8440260887145996,0.01928354061771953,0.1280328833555493,-0.07895332105742714
13_sustain,sustain,bytedance_B_offline,TP,0,0,48,0.7209916635639516,2.7159932053590503,2.9229794097720267,0.7402752041816711,2.8440260887145996,0.01928354061771953,0.1280328833555493,-0.07895332105742714
13_sustain,sustain,basic_pitch,TP,0,1,48,0.7209916635639516,2.7159932053590503,2.9229794097720267,0.7546485260770975,2.8108984126984127,0.033656862513145924,0.09490520733936236,-0.11208099707361407
13_sustain,sustain,basic_pitch,FP,,0,60,,,,0.7430385487528345,1.509297052154195,,,
13_sustain,sustain,basic_pitch,FP,,2,60,,,,1.7414965986394557,2.1839596371882086,,,
13_sustain,sustain,basic_pitch,FP,,3,60,,,,2.4161591836734693,2.880558276643991,,,
13_sustain,sustain,basic_pitch,FP,,4,48,,,,3.2869074829931972,3.5539369614512473,,,
13_sustain,sustain,basic_pitch,FP,,5,60,,,,3.2869074829931972,3.7048666666666668,,,
14_sustain,sustain,bytedance,TP,0,0,67,0.7179875875118259,2.7219879464094974,2.9189829157383955,0.7153058052062988,2.8464508056640625,-0.0026817823055270695,0.12446285925456513,-0.07253211007433302
14_sustain,sustain,bytedance_B_offline,TP,0,0,67,0.7179875875118259,2.7219879464094974,2.9189829157383955,0.7153058052062988,2.8464508056640625,-0.0026817823055270695,0.12446285925456513,-0.07253211007433302
14_sustain,sustain,basic_pitch,TP,0,0,67,0.7179875875118259,2.7219879464094974,2.9189829157383955,0.7198185941043084,3.1243678004535145,0.0018310065924824759,0.4023798540440171,0.20538488471511895
14_sustain,sustain,basic_pitch,FP,,1,43,,,,3.2869074829931972,3.623596825396825,,,
14_sustain,sustain,basic_pitch,FP,,2,67,,,,3.2869074829931972,3.461057142857143,,,
15_sustain,sustain,bytedance,TP,0,0,90,0.7179875875118259,2.7169856233405563,2.9199887447737054,0.7124173641204834,4.57,-0.005570223391342499,1.853014376659444,1.6500112552262949
15_sustain,sustain,bytedance_B_offline,TP,0,0,90,0.7179875875118259,2.7169856233405563,2.9199887447737054,0.7124173641204834,2.8432388055324553,-0.005570223391342499,0.12625318219189907,-0.07674993924125006
15_sustain,sustain,basic_pitch,TP,0,0,90,0.7179875875118259,2.7169856233405563,2.9199887447737054,0.7082086167800453,1.509297052154195,-0.009778970731780579,-1.2076885711863612,-1.4106916926195103
15_sustain,sustain,basic_pitch,FP,,1,90,,,,1.6486167800453515,2.334889342403628,,,
15_sustain,sustain,basic_pitch,FP,,2,31,,,,3.8790163265306123,4.309869387755102,,,
16_chords,chords,bytedance,TP,0,0,43,0.5179885421308024,1.514993104037599,1.514993104037599,0.5085691809654236,1.5190662145614624,-0.009419361165378781,0.004073110523863388,0.004073110523863388
16_chords,chords,bytedance,TP,1,2,67,0.5179885421308024,1.5189895980712305,1.5189895980712305,0.5134027600288391,1.515573263168335,-0.004585782101963254,-0.0034163349028955015,-0.0034163349028955015
16_chords,chords,bytedance,FP,,1,79,,,,0.5122467875480652,1.2100000381469727,,,
16_chords,chords,bytedance_B_offline,TP,0,0,43,0.5179885421308024,1.514993104037599,1.514993104037599,0.5085691809654236,1.5190662145614624,-0.009419361165378781,0.004073110523863388,0.004073110523863388
16_chords,chords,bytedance_B_offline,TP,1,2,67,0.5179885421308024,1.5189895980712305,1.5189895980712305,0.5134027600288391,1.515573263168335,-0.004585782101963254,-0.0034163349028955015,-0.0034163349028955015
16_chords,chords,bytedance_B_offline,FP,,1,79,,,,0.5122467875480652,1.2100000381469727,,,
16_chords,chords,basic_pitch,TP,0,0,43,0.5179885421308024,1.514993104037599,1.514993104037599,0.5108390022675737,1.6486167800453515,-0.007149539863228638,0.1336236760077525,0.1336236760077525
16_chords,chords,basic_pitch,TP,1,2,67,0.5179885421308024,1.5189895980712305,1.5189895980712305,0.5224489795918368,0.9868480725623583,0.004460437461034417,-0.5321415255088722,-0.5321415255088722
16_chords,chords,basic_pitch,FP,,1,55,,,,0.5224489795918368,0.7430385487528345,,,
16_chords,chords,basic_pitch,FP,,3,67,,,,1.2654875283446712,1.4396371882086167,,,
16_chords,chords,basic_pitch,FP,,4,55,,,,1.3235374149659864,1.474467120181406,,,
16_chords,chords,basic_pitch,FP,,5,43,,,,1.6486167800453515,2.392939229024943,,,
17_chords,chords,bytedance,TP,0,0,62,0.5159902951139866,1.519982016052736,1.519982016052736,0.5177741646766663,1.5499999523162842,0.0017838695626796186,0.030017936263548206,0.030017936263548206
17_chords,chords,bytedance,TP,1,1,67,0.5169961241492965,1.519982016052736,1.519982016052736,0.5178908705711365,1.5338162183761597,0.0008947464218399537,0.013834202323423694,0.013834202323423694
17_chords,chords,bytedance,TP,2,2,71,0.5189943711661122,1.5209878450880459,1.5209878450880459,0.5190001130104065,1.553910732269287,5.7418442942491765e-06,0.032922887181241256,0.032922887181241256
17_chords,chords,bytedance,FP,,3,79,,,,0.519662618637085,0.8299999833106995,,,
17_chords,chords,bytedance,FP,,4,43,,,,1.559188961982727,1.5700000524520874,,,
17_chords,chords,bytedance_B_offline,TP,0,0,62,0.5159902951139866,1.519982016052736,1.519982016052736,0.5177741646766663,0.5735403028130531,0.0017838695626796186,-0.9464417132396828,-0.9464417132396828
17_chords,chords,bytedance_B_offline,TP,1,1,67,0.5169961241492965,1.519982016052736,1.519982016052736,0.5178908705711365,1.5338162183761597,0.0008947464218399537,0.013834202323423694,0.013834202323423694
17_chords,chords,bytedance_B_offline,TP,2,2,71,0.5189943711661122,1.5209878450880459,1.5209878450880459,0.5190001130104065,1.553910732269287,5.7418442942491765e-06,0.032922887181241256,0.032922887181241256
17_chords,chords,bytedance_B_offline,FP,,3,79,,,,0.519662618637085,0.8299999833106995,,,
17_chords,chords,bytedance_B_offline,FP,,4,43,,,,1.559188961982727,1.5700000524520874,,,
17_chords,chords,basic_pitch,TP,0,0,62,0.5159902951139866,1.519982016052736,1.519982016052736,0.5224489795918368,1.5209070294784581,0.006458684477850141,0.0009250134257221543,0.0009250134257221543
17_chords,chords,basic_pitch,TP,1,1,67,0.5169961241492965,1.519982016052736,1.519982016052736,0.5224489795918368,1.7531065759637188,0.005452855442540261,0.2331245599109828,0.2331245599109828
17_chords,chords,basic_pitch,TP,2,2,71,0.5189943711661122,1.5209878450880459,1.5209878450880459,0.5224489795918368,1.787936507936508,0.003454608425724537,0.2669486628484621,0.2669486628484621
17_chords,chords,basic_pitch,FP,,3,43,,,,0.5804988662131519,0.7430385487528345,,,
17_chords,chords,basic_pitch,FP,,4,43,,,,1.6486167800453515,1.8459863945578232,,,
18_chords,chords,bytedance,TP,0,0,38,0.5169961241492965,1.160981516769921,1.160981516769921,0.5096779465675354,1.159999966621399,-0.0073181775817611205,-0.0009815501485219702,-0.0009815501485219702
18_chords,chords,bytedance,TP,1,1,72,0.5179885421308023,1.160981516769921,1.160981516769921,0.5141837000846863,1.1579653024673462,-0.003804842046115975,-0.0030162143025747046,-0.0030162143025747046
18_chords,chords,bytedance_B_offline,TP,0,0,38,0.5169961241492965,1.160981516769921,1.160981516769921,0.5096779465675354,0.552992947101593,-0.0073181775817611205,-0.6079885696683279,-0.6079885696683279
18_chords,chords,bytedance_B_offline,TP,1,1,72,0.5179885421308023,1.160981516769921,1.160981516769921,0.5141837000846863,1.1579653024673462,-0.003804842046115975,-0.0030162143025747046,-0.0030162143025747046
18_chords,chords,basic_pitch,TP,0,1,38,0.5169961241492965,1.160981516769921,1.160981516769921,0.5224489795918368,1.3467573696145125,0.005452855442540261,0.18577585284459164,0.18577585284459164
18_chords,chords,basic_pitch,TP,1,2,72,0.5179885421308023,1.160981516769921,1.160981516769921,0.5224489795918368,1.0797278911564625,0.004460437461034528,-0.08125362561345839,-0.08125362561345839
18_chords,chords,basic_pitch,FP,,0,50,,,,0.5108390022675737,1.1493877551020408,,,
18_chords,chords,basic_pitch,FP,,3,38,,,,1.486077097505669,2.7180185941043082,,,
19_chords,chords,bytedance,TP,0,2,61,0.5169961241492965,1.1499978637043367,1.1499978637043367,0.5157619714736938,1.1584484577178955,-0.0012341526756026733,0.008450594013558854,0.008450594013558854
19_chords,chords,bytedance,TP,1,0,66,0.5179885421308023,1.1509902816858424,1.1509902816858424,0.5108168721199036,1.1576851606369019,-0.00717167001089869,0.006694878951059469,0.006694878951059469
19_chords,chords,bytedance,TP,2,4,83,0.519986789147618,1.153994357737968,1.153994357737968,0.5171985030174255,0.75,-0.002788286130192441,-0.4039943577379681,-0.4039943577379681
19_chords,chords,bytedance,FP,,1,78,,,,0.5126567482948303,1.1699999570846558,,,
19_chords,chords,bytedance,FP,,3,73,,,,0.5160502195358276,1.1604443788528442,,,
19_chords,chords,bytedance_B_offline,TP,0,2,61,0.5169961241492965,1.1499978637043367,1.1499978637043367,0.5157619714736938,1.1584484577178955,-0.0012341526756026733,0.008450594013558854,0.008450594013558854
19_chords,chords,bytedance_B_offline,TP,1,0,66,0.5179885421308023,1.1509902816858424,1.1509902816858424,0.5108168721199036,1.1576851606369019,-0.00717167001089869,0.006694878951059469,0.006694878951059469
19_chords,chords,bytedance_B_offline,TP,2,4,83,0.519986789147618,1.153994357737968,1.153994357737968,0.5171985030174255,0.75,-0.002788286130192441,-0.4039943577379681,-0.4039943577379681
19_chords,chords,bytedance_B_offline,FP,,1,78,,,,0.5126567482948303,1.1699999570846558,,,
19_chords,chords,bytedance_B_offline,FP,,3,73,,,,0.5160502195358276,1.1604443788528442,,,
19_chords,chords,basic_pitch,TP,0,1,61,0.5169961241492965,1.1499978637043367,1.1499978637043367,0.5224489795918368,1.253877551020408,0.005452855442540261,0.10387968731607145,0.10387968731607145
19_chords,chords,basic_pitch,TP,1,0,66,0.5179885421308023,1.1509902816858424,1.1509902816858424,0.5108390022675737,1.3003174603174603,-0.007149539863228527,0.14932717863161793,0.14932717863161793
19_chords,chords,basic_pitch,FN,2,,83,0.519986789147618,1.153994357737968,1.153994357737968,,,,,
19_chords,chords,basic_pitch,FP,,2,31,,,,1.6486167800453515,2.009809977324263,,,
19_chords,chords,basic_pitch,FP,,3,43,,,,1.6486167800453515,2.26522947845805,,,
19_chords,chords,basic_pitch,FP,,4,61,,,,1.6486167800453515,1.9272562358276644,,,
19_chords,chords,basic_pitch,FP,,5,66,,,,1.6486167800453515,2.1142997732426303,,,
19_chords,chords,basic_pitch,FP,,6,31,,,,2.3813292517006803,2.7064086167800454,,,
20_music,music,bytedance,TP,0,1,53,0.5219850361644337,1.504975046845912,1.504975046845912,0.5253900289535522,1.4802656173706055,0.003404992789118544,-0.02470942947530652,-0.02470942947530652
20_music,music,bytedance,TP,1,0,56,0.5229908651997436,1.5059808758812219,1.5059808758812219,0.5252552032470703,1.480712652206421,0.0022643380473267305,-0.02526822367480097,-0.02526822367480097
20_music,music,bytedance,FN,2,,37,0.5249891122165593,1.7009775981933042,1.7009775981933042,,,,,
20_music,music,bytedance,TP,3,3,44,0.5249891122165593,1.70197001617481,1.70197001617481,0.5339913964271545,1.48198401927948,0.009002284210595235,-0.21998599689532994,-0.21998599689532994
20_music,music,bytedance,TP,4,2,49,0.525981530198065,1.70197001617481,1.70197001617481,0.5277674794197083,1.4801069498062134,0.0017859492216432127,-0.22186306636859654,-0.22186306636859654
20_music,music,bytedance,TP,5,5,54,1.4029839826654866,1.8019762443922238,1.8019762443922238,1.4174877405166626,1.804344892501831,0.014503757851175969,0.002368648109607241,0.002368648109607241
20_music,music,bytedance,TP,6,4,58,1.4039764006469924,1.8059727384258553,1.8059727384258553,1.415407657623291,1.8076250553131104,0.011431256976298654,0.0016523168872550897,0.0016523168872550897
20_music,music,bytedance,TP,7,8,56,1.7039682631916255,2.3339659266945403,2.3339659266945403,1.6821913719177246,2.1125071048736572,-0.021776891273900922,-0.22145882182088306,-0.22145882182088306
20_music,music,bytedance,TP,8,9,44,1.7049740922269354,2.3349583446760462,2.3349583446760462,1.6831185817718506,2.112938165664673,-0.021855510455084826,-0.2220201790113734,-0.2220201790113734
20_music,music,bytedance,TP,9,10,53,1.7049740922269354,2.327971185644093,2.327971185644093,1.6838409900665283,2.1158535480499268,-0.02113310216040709,-0.21211763759416646,-0.21211763759416646
20_music,music,bytedance,TP,10,6,37,1.7059799212622453,2.3349583446760462,2.3349583446760462,1.6755695343017578,2.1179463863372803,-0.03041038696048748,-0.21701195833876596,-0.21701195833876596
20_music,music,bytedance,TP,11,7,49,1.7089705862605669,2.3349583446760462,2.3349583446760462,1.6760164499282837,2.1156272888183594,-0.03295413633228317,-0.21933105585768686,-0.21933105585768686
20_music,music,bytedance,TP,12,12,37,2.338968249763482,3.464960327158422,4.031966270943328,2.3196444511413574,3.969414710998535,-0.01932379862212441,0.504454383840113,-0.06255155994479278
20_music,music,bytedance,TP,13,11,49,2.338968249763482,3.464960327158422,4.031966270943328,2.313692808151245,3.967499017715454,-0.025275441612236715,0.5025386905570319,-0.06446725322787383
20_music,music,bytedance,TP,14,14,53,2.338968249763482,2.477973822443312,4.031966270943328,2.3243398666381836,3.4277360439300537,-0.014628383125298239,0.9497622214867416,-0.6042302270132742
20_music,music,bytedance,TP,15,13,44,2.3409664967802977,3.4689568211920534,4.031966270943328,2.323498487472534,3.9683327674865723,-0.017468009307763488,0.49937594629451887,-0.06363350345675567
20_music,music,bytedance,TP,16,15,56,2.478966240424818,2.6249723831904053,3.472953315225685,2.455000877380371,3.4200000762939453,-0.023965363044446963,0.79502769310354,-0.052953238931739754
20_music,music,bytedance,TP,17,16,61,2.625978212225715,2.76097387981811,3.471960897244179,2.615381956100464,3.430000066757202,-0.01059625612525128,0.6690261869390923,-0.04196083048697696
20_music,music,bytedance,TP,18,17,65,2.7619662977996158,2.908978269600513,3.471960897244179,2.7537362575531006,3.4100000858306885,-0.008230040246515191,0.5010218162301756,-0.061960811413490635
20_music,music,bytedance,TP,19,18,68,2.908978269600513,3.0449797662282174,4.031966270943328,2.9006824493408203,3.9662442207336426,-0.008295820259692555,0.9212644545054252,-0.06572205020968536
20_music,music,bytedance,TP,20,19,73,3.0459721842097234,3.1849643458357497,4.031966270943328,3.042069911956787,3.9696993827819824,-0.0039022722529362674,0.7847350369462327,-0.06226688816134551
20_music,music,bytedance,TP,21,20,77,3.1849643458357497,3.324962336497086,4.031966270943328,3.1857492923736572,3.9671926498413086,0.0007849465379075049,0.6422303133442226,-0.06477362110201934
20_music,music,bytedance,TP,22,21,80,3.325968165532396,3.4689568211920534,4.031966270943328,3.3345839977264404,3.967963457107544,0.008615832194044604,0.49900663591549055,-0.06400281383578399
20_music,music,bytedance,TP,23,25,85,3.4699492391735594,4.066955710318309,4.066955710318309,3.4782636165618896,3.970210552215576,0.008314377388330296,-0.09674515810273299,-0.09674515810273299
20_music,music,bytedance,TP,24,24,61,3.471960897244179,4.067961539353619,4.067961539353619,3.4375507831573486,3.9698686599731445,-0.03441011408683048,-0.09809287938047451,-0.09809287938047451
20_music,music,bytedance,TP,25,22,65,3.471960897244179,4.069959786370434,4.069959786370434,3.4248223304748535,3.9698452949523926,-0.047138566769325596,-0.10011449141804185,-0.10011449141804185
20_music,music,bytedance,TP,26,23,56,3.472953315225685,4.073956280404066,4.073956280404066,3.433642625808716,3.9684152603149414,-0.03931068941696925,-0.10554102008912469,-0.10554102008912469
20_music,music,bytedance,TP,27,30,68,4.126956765037996,5.095959046601764,5.095959046601764,4.116151809692383,5.071220397949219,-0.010804955345613543,-0.02473864865254516,-0.02473864865254516
20_music,music,bytedance,TP,28,28,65,4.127962594073306,5.095959046601764,5.095959046601764,4.1069016456604,5.071306228637695,-0.021060948412905844,-0.024652817964068596,-0.024652817964068596
20_music,music,bytedance,TP,29,29,49,4.129960841090122,5.2949522629474775,5.2949522629474775,4.112992763519287,5.07376766204834,-0.016968077570834517,-0.2211846008991376,-0.2211846008991376
20_music,music,bytedance,TP,30,26,56,4.129960841090122,5.291948186895352,5.291948186895352,4.090097427368164,5.067664623260498,-0.039863413721957563,-0.22428356363485413,-0.22428356363485413
20_music,music,bytedance,TP,31,27,61,4.130953259071627,5.295958091982787,5.295958091982787,4.0938544273376465,5.070342540740967,-0.03709883173398065,-0.22561555124182053,-0.22561555124182053
20_music,music,bytedance,TP,32,31,66,4.997951065401166,5.396943327127903,5.396943327127903,4.996851444244385,5.389525413513184,-0.0010996211567810832,-0.007417913614719218,-0.007417913614719218
20_music,music,bytedance,TP,33,32,70,4.998956894436476,5.397949156163213,5.397949156163213,5.005128383636475,5.3935065269470215,0.006171489199998881,-0.004442629216191207,-0.004442629216191207
20_music,music,bytedance,TP,34,35,65,5.295958091982787,5.928959831537828,5.928959831537828,5.265615463256836,5.712420463562012,-0.030342628725951393,-0.21653936797581608,-0.21653936797581608
20_music,music,bytedance,TP,35,36,68,5.298948756981109,5.929952249519333,5.929952249519333,5.266669750213623,5.706854343414307,-0.032279006767486074,-0.22309790610502667,-0.22309790610502667
20_music,music,bytedance,TP,36,33,49,5.299954586016419,5.929952249519333,5.929952249519333,5.264950752258301,5.710273742675781,-0.03500383375811822,-0.21967850684355206,-0.21967850684355206
20_music,music,bytedance,TP,37,37,61,5.299954586016419,5.930958078554643,5.930958078554643,5.271230220794678,5.7057785987854,-0.028724365221741266,-0.2251794797692428,-0.2251794797692428
20_music,music,bytedance,TP,38,34,56,5.301952833033234,5.931950496536149,5.931950496536149,5.265334129333496,5.705870628356934,-0.0366187036997383,-0.2260798681792151,-0.2260798681792151
20_music,music,bytedance,TP,39,38,56,5.932956325571459,7.0559309158604675,7.667930945158237,5.898723125457764,7.02656888961792,-0.034233200113694906,-0.02936202624254758,-0.6413620555403172
20_music,music,bytedance,TP,40,41,65,5.932956325571459,6.0729409051789895,7.667930945158237,5.904444694519043,7.614892482757568,-0.02851163105241561,1.5419515775785788,-0.053038462400668784
20_music,music,bytedance,TP,41,40,49,5.933948743552964,7.059940820947903,7.667930945158237,5.904273986816406,7.615005016326904,-0.02967475673655784,0.5550641953790016,-0.05292592883133285
20_music,music,bytedance,TP,42,39,61,5.9359469905697795,7.062931485946224,7.667930945158237,5.903820514678955,6.199999809265137,-0.0321264758908244,-0.8629316766810877,-1.4679311358931004
20_music,music,bytedance,FN,43,,68,6.0729409051789895,6.215956382946255,7.066927979979856,,,,,
20_music,music,bytedance,TP,44,44,73,6.219952876979887,6.355954373607592,7.063937314981534,6.207979202270508,7.070000171661377,-0.011973674709379267,0.7140457980537853,0.006062856679842632
20_music,music,bytedance,TP,45,46,77,6.356946791589097,6.503958763389995,7.066927979979856,6.343606948852539,6.78000020980835,-0.013339842736558083,0.27604144641835493,-0.2869277701715065
20_music,music,bytedance,TP,46,47,80,6.503958763389995,6.642950925016021,7.667930945158237,6.497117519378662,7.614697456359863,-0.00684124401133257,0.9717465313438423,-0.05323348879837386
20_music,music,bytedance,TP,47,48,85,6.6439433429975265,6.779944839625231,7.667930945158237,6.6345720291137695,7.61531925201416,-0.009371313883757004,0.8353744123889291,-0.05261169314407699
20_music,music,bytedance,TP,48,49,89,6.779944839625231,6.918937001251257,7.667930945158237,6.788528919219971,7.6153788566589355,0.008584079594739613,0.6964418554076781,-0.0525520884993016
20_music,music,bytedance,TP,49,52,92,6.919942830286567,7.062931485946224,7.667930945158237,6.92781400680542,7.614919185638428,0.007871176518852607,0.5519876996922033,-0.05301175951980941
20_music,music,bytedance,TP,50,55,73,7.063937314981534,7.720944840845972,7.720944840845972,7.0764689445495605,7.6156005859375,0.012531629568026226,-0.10534425490847177,-0.10534425490847177
20_music,music,bytedance,TP,51,56,97,7.063937314981534,7.720944840845972,7.720944840845972,7.080502510070801,7.616371154785156,0.01656519508926646,-0.10457368606081552,-0.10457368606081552
20_music,music,bytedance,FN,52,,68,7.066927979979856,7.721937258827477,7.721937258827477,,,,,
20_music,music,bytedance,TP,53,54,77,7.066927979979856,7.7249413348796026,7.7249413348796026,7.0443220138549805,7.615522384643555,-0.022605966124875643,-0.10941895023604786,-0.10941895023604786
20_music,music,bytedance,TP,54,58,54,7.7249413348796026,8.882932186651201,8.885936262703328,7.730178356170654,8.850000381469727,0.005237021291051747,-0.03293180518147487,-0.03593588123360192
20_music,music,bytedance,TP,55,59,48,7.725933752861108,8.883938015686512,8.88993275673696,7.7435622215271,8.84000015258789,0.017628468665991548,-0.04393786309862158,-0.04993260414906864
20_music,music,bytedance,TP,56,57,63,7.725933752861108,8.883938015686512,8.886928680684834,7.725275039672852,8.859999656677246,-0.0006587131882564989,-0.023938359009266108,-0.0269290240075879
20_music,music,bytedance,TP,57,60,44,7.7279319998779235,8.884930433668018,8.886928680684834,7.743755340576172,8.65999984741211,0.015823340698248423,-0.22493058625590834,-0.22692883327272462
20_music,music,bytedance,TP,58,64,54,8.885936262703328,9.501932786034729,9.506921698049865,8.864583015441895,9.479999542236328,-0.02135324726143395,-0.02193324379840078,-0.026922155813537074
20_music,music,bytedance,TP,59,63,44,8.886928680684834,9.502925204016234,9.508919945066681,8.858261108398438,10.619999885559082,-0.028667572286396492,1.1170746815428476,1.1110799404924006
20_music,music,bytedance,TP,60,65,63,8.886928680684834,9.337929009063995,10.51790057802057,8.867501258850098,9.960000038146973,-0.019427421834736336,0.6220710290829778,-0.5579005398735966
20_music,music,bytedance,TP,61,62,48,8.88993275673696,9.341925503097626,10.667903214819788,8.854890823364258,11.21570110321045,-0.03504193337270145,1.8737756001128236,0.5477978883906616
20_music,music,bytedance,TP,62,67,60,9.342931332132936,9.50592928006836,9.506921698049865,9.3556489944458,9.550000190734863,0.01271766231286442,0.04407091066650359,0.04307849268499808
20_music,music,bytedance,TP,63,66,51,9.344929579149753,9.506921698049865,9.509925774101992,9.345464706420898,9.539999961853027,0.0005351272711457966,0.033078263803162145,0.030074187751035097
20_music,music,bytedance,TP,64,68,54,9.506921698049865,9.6709254750206,11.09591699697867,9.486531257629395,10.619999885559082,-0.020390440420470668,0.9490744105384827,-0.47591711141958726
20_music,music,bytedance,FN,65,,60,9.506921698049865,9.6709254750206,10.667903214819788,,,,,
20_music,music,bytedance,FN,66,,44,9.508919945066681,10.664912549821466,10.668909043855098,,,,,
20_music,music,bytedance,TP,67,69,51,9.509925774101992,10.664912549821466,11.276899168065432,9.554564476013184,11.239999771118164,0.04463870191119135,0.5750872212966982,-0.03689939694726796
20_music,music,bytedance,TP,68,71,80,9.673916140018921,9.809917636646626,11.276899168065432,9.676669120788574,11.21275806427002,0.002752980769653135,1.402840427623394,-0.06414110379541249
20_music,music,bytedance,TP,69,72,78,9.810923465681936,9.953912121341594,11.276899168065432,9.823933601379395,11.212417602539062,0.013010135697458125,1.258505481197469,-0.06448156552636952
20_music,music,bytedance,TP,70,74,75,9.957908615375224,10.094902529984434,11.276899168065432,9.970629692077637,11.212217330932617,0.012721076702412404,1.1173148009481828,-0.06468183713281483
20_music,music,bytedance,FP,,42,68,,,,5.904779434204102,5.989999771118164,,,
20_music,music,bytedance,FP,,43,68,,,,6.004843235015869,6.78000020980835,,,
20_music,music,bytedance,FP,,45,61,,,,6.208373546600342,7.0267157554626465,,,
20_music,music,bytedance,FP,,50,68,,,,6.790527820587158,7.0,,,
20_music,music,bytedance,FP,,51,77,,,,6.794075012207031,7.03000020980835,,,
20_music,music,bytedance,FP,,53,68,,,,7.012974739074707,7.615298271179199,,,
20_music,music,bytedance,FP,,61,44,,,,8.667470932006836,8.850000381469727,,,
20_music,music,bytedance,FP,,70,60,,,,9.561322212219238,10.670000076293945,,,
20_music,music,bytedance,FP,,73,63,,,,9.96741771697998,10.5,,,
20_music,music,bytedance_B_offline,TP,0,1,53,0.5219850361644337,1.504975046845912,1.504975046845912,0.5253900289535522,1.4802656173706055,0.003404992789118544,-0.02470942947530652,-0.02470942947530652
20_music,music,bytedance_B_offline,TP,1,0,56,0.5229908651997436,1.5059808758812219,1.5059808758812219,0.5252552032470703,1.480712652206421,0.0022643380473267305,-0.02526822367480097,-0.02526822367480097
20_music,music,bytedance_B_offline,FN,2,,37,0.5249891122165593,1.7009775981933042,1.7009775981933042,,,,,
20_music,music,bytedance_B_offline,TP,3,3,44,0.5249891122165593,1.70197001617481,1.70197001617481,0.5339913964271545,1.48198401927948,0.009002284210595235,-0.21998599689532994,-0.21998599689532994
20_music,music,bytedance_B_offline,TP,4,2,49,0.525981530198065,1.70197001617481,1.70197001617481,0.5277674794197083,1.4801069498062134,0.0017859492216432127,-0.22186306636859654,-0.22186306636859654
20_music,music,bytedance_B_offline,TP,5,5,54,1.4029839826654866,1.8019762443922238,1.8019762443922238,1.4174877405166626,1.804344892501831,0.014503757851175969,0.002368648109607241,0.002368648109607241
20_music,music,bytedance_B_offline,TP,6,4,58,1.4039764006469924,1.8059727384258553,1.8059727384258553,1.415407657623291,1.8076250553131104,0.011431256976298654,0.0016523168872550897,0.0016523168872550897
20_music,music,bytedance_B_offline,TP,7,8,56,1.7039682631916255,2.3339659266945403,2.3339659266945403,1.6821913719177246,2.1125071048736572,-0.021776891273900922,-0.22145882182088306,-0.22145882182088306
20_music,music,bytedance_B_offline,TP,8,9,44,1.7049740922269354,2.3349583446760462,2.3349583446760462,1.6831185817718506,2.112938165664673,-0.021855510455084826,-0.2220201790113734,-0.2220201790113734
20_music,music,bytedance_B_offline,TP,9,10,53,1.7049740922269354,2.327971185644093,2.327971185644093,1.6838409900665283,2.1158535480499268,-0.02113310216040709,-0.21211763759416646,-0.21211763759416646
20_music,music,bytedance_B_offline,TP,10,6,37,1.7059799212622453,2.3349583446760462,2.3349583446760462,1.6755695343017578,2.1179463863372803,-0.03041038696048748,-0.21701195833876596,-0.21701195833876596
20_music,music,bytedance_B_offline,TP,11,7,49,1.7089705862605669,2.3349583446760462,2.3349583446760462,1.6760164499282837,2.1156272888183594,-0.03295413633228317,-0.21933105585768686,-0.21933105585768686
20_music,music,bytedance_B_offline,TP,12,12,37,2.338968249763482,3.464960327158422,4.031966270943328,2.3196444511413574,3.969414710998535,-0.01932379862212441,0.504454383840113,-0.06255155994479278
20_music,music,bytedance_B_offline,TP,13,11,49,2.338968249763482,3.464960327158422,4.031966270943328,2.313692808151245,3.967499017715454,-0.025275441612236715,0.5025386905570319,-0.06446725322787383
20_music,music,bytedance_B_offline,TP,14,14,53,2.338968249763482,2.477973822443312,4.031966270943328,2.3243398666381836,3.4277360439300537,-0.014628383125298239,0.9497622214867416,-0.6042302270132742
20_music,music,bytedance_B_offline,TP,15,13,44,2.3409664967802977,3.4689568211920534,4.031966270943328,2.323498487472534,3.9683327674865723,-0.017468009307763488,0.49937594629451887,-0.06363350345675567
20_music,music,bytedance_B_offline,TP,16,15,56,2.478966240424818,2.6249723831904053,3.472953315225685,2.455000877380371,3.4200000762939453,-0.023965363044446963,0.79502769310354,-0.052953238931739754
20_music,music,bytedance_B_offline,TP,17,16,61,2.625978212225715,2.76097387981811,3.471960897244179,2.615381956100464,3.430000066757202,-0.01059625612525128,0.6690261869390923,-0.04196083048697696
20_music,music,bytedance_B_offline,TP,18,17,65,2.7619662977996158,2.908978269600513,3.471960897244179,2.7537362575531006,3.4100000858306885,-0.008230040246515191,0.5010218162301756,-0.061960811413490635
20_music,music,bytedance_B_offline,TP,19,18,68,2.908978269600513,3.0449797662282174,4.031966270943328,2.9006824493408203,3.9662442207336426,-0.008295820259692555,0.9212644545054252,-0.06572205020968536
20_music,music,bytedance_B_offline,TP,20,19,73,3.0459721842097234,3.1849643458357497,4.031966270943328,3.042069911956787,3.9696993827819824,-0.0039022722529362674,0.7847350369462327,-0.06226688816134551
20_music,music,bytedance_B_offline,TP,21,20,77,3.1849643458357497,3.324962336497086,4.031966270943328,3.1857492923736572,3.9671926498413086,0.0007849465379075049,0.6422303133442226,-0.06477362110201934
20_music,music,bytedance_B_offline,TP,22,21,80,3.325968165532396,3.4689568211920534,4.031966270943328,3.3345839977264404,3.967963457107544,0.008615832194044604,0.49900663591549055,-0.06400281383578399
20_music,music,bytedance_B_offline,TP,23,25,85,3.4699492391735594,4.066955710318309,4.066955710318309,3.4782636165618896,3.970210552215576,0.008314377388330296,-0.09674515810273299,-0.09674515810273299
20_music,music,bytedance_B_offline,TP,24,24,61,3.471960897244179,4.067961539353619,4.067961539353619,3.4375507831573486,3.9698686599731445,-0.03441011408683048,-0.09809287938047451,-0.09809287938047451
20_music,music,bytedance_B_offline,TP,25,22,65,3.471960897244179,4.069959786370434,4.069959786370434,3.4248223304748535,3.9698452949523926,-0.047138566769325596,-0.10011449141804185,-0.10011449141804185
20_music,music,bytedance_B_offline,TP,26,23,56,3.472953315225685,4.073956280404066,4.073956280404066,3.433642625808716,3.9684152603149414,-0.03931068941696925,-0.10554102008912469,-0.10554102008912469
20_music,music,bytedance_B_offline,TP,27,30,68,4.126956765037996,5.095959046601764,5.095959046601764,4.116151809692383,5.071220397949219,-0.010804955345613543,-0.02473864865254516,-0.02473864865254516
20_music,music,bytedance_B_offline,TP,28,28,65,4.127962594073306,5.095959046601764,5.095959046601764,4.1069016456604,5.071306228637695,-0.021060948412905844,-0.024652817964068596,-0.024652817964068596
20_music,music,bytedance_B_offline,TP,29,29,49,4.129960841090122,5.2949522629474775,5.2949522629474775,4.112992763519287,5.07376766204834,-0.016968077570834517,-0.2211846008991376,-0.2211846008991376
20_music,music,bytedance_B_offline,TP,30,26,56,4.129960841090122,5.291948186895352,5.291948186895352,4.090097427368164,5.067664623260498,-0.039863413721957563,-0.22428356363485413,-0.22428356363485413
20_music,music,bytedance_B_offline,TP,31,27,61,4.130953259071627,5.295958091982787,5.295958091982787,4.0938544273376465,5.070342540740967,-0.03709883173398065,-0.22561555124182053,-0.22561555124182053
20_music,music,bytedance_B_offline,TP,32,31,66,4.997951065401166,5.396943327127903,5.396943327127903,4.996851444244385,5.389525413513184,-0.0010996211567810832,-0.007417913614719218,-0.007417913614719218
20_music,music,bytedance_B_offline,TP,33,32,70,4.998956894436476,5.397949156163213,5.397949156163213,5.005128383636475,5.3935065269470215,0.006171489199998881,-0.004442629216191207,-0.004442629216191207
20_music,music,bytedance_B_offline,TP,34,35,65,5.295958091982787,5.928959831537828,5.928959831537828,5.265615463256836,5.712420463562012,-0.030342628725951393,-0.21653936797581608,-0.21653936797581608
20_music,music,bytedance_B_offline,TP,35,36,68,5.298948756981109,5.929952249519333,5.929952249519333,5.266669750213623,5.706854343414307,-0.032279006767486074,-0.22309790610502667,-0.22309790610502667
20_music,music,bytedance_B_offline,TP,36,33,49,5.299954586016419,5.929952249519333,5.929952249519333,5.264950752258301,5.710273742675781,-0.03500383375811822,-0.21967850684355206,-0.21967850684355206
20_music,music,bytedance_B_offline,TP,37,37,61,5.299954586016419,5.930958078554643,5.930958078554643,5.271230220794678,5.7057785987854,-0.028724365221741266,-0.2251794797692428,-0.2251794797692428
20_music,music,bytedance_B_offline,TP,38,34,56,5.301952833033234,5.931950496536149,5.931950496536149,5.265334129333496,5.705870628356934,-0.0366187036997383,-0.2260798681792151,-0.2260798681792151
20_music,music,bytedance_B_offline,TP,39,38,56,5.932956325571459,7.0559309158604675,7.667930945158237,5.898723125457764,7.02656888961792,-0.034233200113694906,-0.02936202624254758,-0.6413620555403172
20_music,music,bytedance_B_offline,TP,40,41,65,5.932956325571459,6.0729409051789895,7.667930945158237,5.904444694519043,7.614892482757568,-0.02851163105241561,1.5419515775785788,-0.053038462400668784
20_music,music,bytedance_B_offline,TP,41,40,49,5.933948743552964,7.059940820947903,7.667930945158237,5.904273986816406,7.615005016326904,-0.02967475673655784,0.5550641953790016,-0.05292592883133285
20_music,music,bytedance_B_offline,TP,42,39,61,5.9359469905697795,7.062931485946224,7.667930945158237,5.903820514678955,6.199999809265137,-0.0321264758908244,-0.8629316766810877,-1.4679311358931004
20_music,music,bytedance_B_offline,FN,43,,68,6.0729409051789895,6.215956382946255,7.066927979979856,,,,,
20_music,music,bytedance_B_offline,TP,44,44,73,6.219952876979887,6.355954373607592,7.063937314981534,6.207979202270508,7.070000171661377,-0.011973674709379267,0.7140457980537853,0.006062856679842632
20_music,music,bytedance_B_offline,TP,45,46,77,6.356946791589097,6.503958763389995,7.066927979979856,6.343606948852539,6.78000020980835,-0.013339842736558083,0.27604144641835493,-0.2869277701715065
20_music,music,bytedance_B_offline,TP,46,47,80,6.503958763389995,6.642950925016021,7.667930945158237,6.497117519378662,7.614697456359863,-0.00684124401133257,0.9717465313438423,-0.05323348879837386
20_music,music,bytedance_B_offline,TP,47,48,85,6.6439433429975265,6.779944839625231,7.667930945158237,6.6345720291137695,7.61531925201416,-0.009371313883757004,0.8353744123889291,-0.05261169314407699
20_music,music,bytedance_B_offline,TP,48,49,89,6.779944839625231,6.918937001251257,7.667930945158237,6.788528919219971,7.6153788566589355,0.008584079594739613,0.6964418554076781,-0.0525520884993016
20_music,music,bytedance_B_offline,TP,49,52,92,6.919942830286567,7.062931485946224,7.667930945158237,6.92781400680542,7.614919185638428,0.007871176518852607,0.5519876996922033,-0.05301175951980941
20_music,music,bytedance_B_offline,TP,50,55,73,7.063937314981534,7.720944840845972,7.720944840845972,7.0764689445495605,7.6156005859375,0.012531629568026226,-0.10534425490847177,-0.10534425490847177
20_music,music,bytedance_B_offline,TP,51,56,97,7.063937314981534,7.720944840845972,7.720944840845972,7.080502510070801,7.616371154785156,0.01656519508926646,-0.10457368606081552,-0.10457368606081552
20_music,music,bytedance_B_offline,FN,52,,68,7.066927979979856,7.721937258827477,7.721937258827477,,,,,
20_music,music,bytedance_B_offline,TP,53,54,77,7.066927979979856,7.7249413348796026,7.7249413348796026,7.0443220138549805,7.615522384643555,-0.022605966124875643,-0.10941895023604786,-0.10941895023604786
20_music,music,bytedance_B_offline,TP,54,58,54,7.7249413348796026,8.882932186651201,8.885936262703328,7.730178356170654,8.850000381469727,0.005237021291051747,-0.03293180518147487,-0.03593588123360192
20_music,music,bytedance_B_offline,TP,55,59,48,7.725933752861108,8.883938015686512,8.88993275673696,7.7435622215271,8.84000015258789,0.017628468665991548,-0.04393786309862158,-0.04993260414906864
20_music,music,bytedance_B_offline,TP,56,57,63,7.725933752861108,8.883938015686512,8.886928680684834,7.725275039672852,8.859999656677246,-0.0006587131882564989,-0.023938359009266108,-0.0269290240075879
20_music,music,bytedance_B_offline,TP,57,60,44,7.7279319998779235,8.884930433668018,8.886928680684834,7.743755340576172,8.65999984741211,0.015823340698248423,-0.22493058625590834,-0.22692883327272462
20_music,music,bytedance_B_offline,TP,58,64,54,8.885936262703328,9.501932786034729,9.506921698049865,8.864583015441895,9.479999542236328,-0.02135324726143395,-0.02193324379840078,-0.026922155813537074
20_music,music,bytedance_B_offline,TP,59,63,44,8.886928680684834,9.502925204016234,9.508919945066681,8.858261108398438,10.619999885559082,-0.028667572286396492,1.1170746815428476,1.1110799404924006
20_music,music,bytedance_B_offline,TP,60,65,63,8.886928680684834,9.337929009063995,10.51790057802057,8.867501258850098,9.960000038146973,-0.019427421834736336,0.6220710290829778,-0.5579005398735966
20_music,music,bytedance_B_offline,TP,61,62,48,8.88993275673696,9.341925503097626,10.667903214819788,8.854890823364258,11.21570110321045,-0.03504193337270145,1.8737756001128236,0.5477978883906616
20_music,music,bytedance_B_offline,TP,62,67,60,9.342931332132936,9.50592928006836,9.506921698049865,9.3556489944458,9.550000190734863,0.01271766231286442,0.04407091066650359,0.04307849268499808
20_music,music,bytedance_B_offline,TP,63,66,51,9.344929579149753,9.506921698049865,9.509925774101992,9.345464706420898,9.539999961853027,0.0005351272711457966,0.033078263803162145,0.030074187751035097
20_music,music,bytedance_B_offline,TP,64,68,54,9.506921698049865,9.6709254750206,11.09591699697867,9.486531257629395,10.619999885559082,-0.020390440420470668,0.9490744105384827,-0.47591711141958726
20_music,music,bytedance_B_offline,FN,65,,60,9.506921698049865,9.6709254750206,10.667903214819788,,,,,
20_music,music,bytedance_B_offline,FN,66,,44,9.508919945066681,10.664912549821466,10.668909043855098,,,,,
20_music,music,bytedance_B_offline,TP,67,69,51,9.509925774101992,10.664912549821466,11.276899168065432,9.554564476013184,11.239999771118164,0.04463870191119135,0.5750872212966982,-0.03689939694726796
20_music,music,bytedance_B_offline,TP,68,71,80,9.673916140018921,9.809917636646626,11.276899168065432,9.676669120788574,11.21275806427002,0.002752980769653135,1.402840427623394,-0.06414110379541249
20_music,music,bytedance_B_offline,TP,69,72,78,9.810923465681936,9.953912121341594,11.276899168065432,9.823933601379395,11.212417602539062,0.013010135697458125,1.258505481197469,-0.06448156552636952
20_music,music,bytedance_B_offline,TP,70,74,75,9.957908615375224,10.094902529984434,11.276899168065432,9.970629692077637,11.212217330932617,0.012721076702412404,1.1173148009481828,-0.06468183713281483
20_music,music,bytedance_B_offline,FP,,42,68,,,,5.904779434204102,5.989999771118164,,,
20_music,music,bytedance_B_offline,FP,,43,68,,,,6.004843235015869,6.78000020980835,,,
20_music,music,bytedance_B_offline,FP,,45,61,,,,6.208373546600342,7.0267157554626465,,,
20_music,music,bytedance_B_offline,FP,,50,68,,,,6.790527820587158,7.0,,,
20_music,music,bytedance_B_offline,FP,,51,77,,,,6.794075012207031,7.03000020980835,,,
20_music,music,bytedance_B_offline,FP,,53,68,,,,7.012974739074707,7.615298271179199,,,
20_music,music,bytedance_B_offline,FP,,61,44,,,,8.667470932006836,8.850000381469727,,,
20_music,music,bytedance_B_offline,FP,,70,60,,,,9.561322212219238,10.670000076293945,,,
20_music,music,bytedance_B_offline,FP,,73,63,,,,9.96741771697998,10.5,,,
20_music,music,basic_pitch,TP,0,0,53,0.5219850361644337,1.504975046845912,1.504975046845912,0.5224489795918368,1.3351473922902495,0.0004639434274030796,-0.1698276545556625,-0.1698276545556625
20_music,music,basic_pitch,TP,1,1,56,0.5229908651997436,1.5059808758812219,1.5059808758812219,0.5340589569160997,0.7546485260770975,0.011068091716356143,-0.7513323498041243,-0.7513323498041243
20_music,music,basic_pitch,FN,2,,37,0.5249891122165593,1.7009775981933042,1.7009775981933042,,,,,
20_music,music,basic_pitch,TP,3,2,44,0.5249891122165593,1.70197001617481,1.70197001617481,0.5456689342403628,1.3931972789115645,0.020679822023803474,-0.3087727372632454,-0.3087727372632454
20_music,music,basic_pitch,FN,4,,49,0.525981530198065,1.70197001617481,1.70197001617481,,,,,
20_music,music,basic_pitch,TP,5,4,54,1.4029839826654866,1.8019762443922238,1.8019762443922238,1.4280272108843537,1.6950566893424037,0.025043228218867064,-0.10691955504982009,-0.10691955504982009
20_music,music,basic_pitch,TP,6,3,58,1.4039764006469924,1.8059727384258553,1.8059727384258553,1.4164172335600906,1.799546485260771,0.012440832913098276,-0.0064262531650842725,-0.0064262531650842725
20_music,music,basic_pitch,TP,7,8,56,1.7039682631916255,2.3339659266945403,2.3339659266945403,1.6950566893424037,2.253619501133787,-0.00891157384922181,-0.08034642556075333,-0.08034642556075333
20_music,music,basic_pitch,TP,8,6,44,1.7049740922269354,2.3349583446760462,2.3349583446760462,1.6950566893424037,2.1723496598639453,-0.00991740288453169,-0.1626086848121009,-0.1626086848121009
20_music,music,basic_pitch,TP,9,7,53,1.7049740922269354,2.327971185644093,2.327971185644093,1.6950566893424037,2.1375197278911564,-0.00991740288453169,-0.19045145775293681,-0.19045145775293681
20_music,music,basic_pitch,FN,10,,37,1.7059799212622453,2.3349583446760462,2.3349583446760462,,,,,
20_music,music,basic_pitch,TP,11,5,49,1.7089705862605669,2.3349583446760462,2.3349583446760462,1.6834467120181407,1.9040362811791383,-0.025523874242426192,-0.430922063496908,-0.430922063496908
20_music,music,basic_pitch,FN,12,,37,2.338968249763482,3.464960327158422,4.031966270943328,,,,,
20_music,music,basic_pitch,FN,13,,49,2.338968249763482,3.464960327158422,4.031966270943328,,,,,
20_music,music,basic_pitch,TP,14,10,53,2.338968249763482,2.477973822443312,4.031966270943328,2.323279365079365,2.636748752834467,-0.015688884684117,0.15877493039115498,-1.3952175181088609
20_music,music,basic_pitch,TP,15,9,44,2.3409664967802977,3.4689568211920534,4.031966270943328,2.323279365079365,3.3681773242630384,-0.017687131700932834,-0.100779496929015,-0.6637889466802895
20_music,music,basic_pitch,TP,16,11,56,2.478966240424818,2.6249723831904053,3.472953315225685,2.450989115646258,2.636748752834467,-0.027977124778559848,0.011776369644061813,-0.836204562391218
20_music,music,basic_pitch,TP,17,12,61,2.625978212225715,2.76097387981811,3.471960897244179,2.613528798185941,2.938608163265306,-0.012449414039774176,0.17763428344719623,-0.5333527339788731
20_music,music,basic_pitch,TP,18,13,65,2.7619662977996158,2.908978269600513,3.471960897244179,2.7528485260770976,2.973438095238095,-0.009117771722518153,0.06445982563758212,-0.4985228020060841
20_music,music,basic_pitch,TP,19,16,68,2.908978269600513,3.0449797662282174,4.031966270943328,2.903778231292517,3.1359777777777778,-0.005200038307995758,0.09099801154956033,-0.8959884931655502
20_music,music,basic_pitch,FN,20,,73,3.0459721842097234,3.1849643458357497,4.031966270943328,,,,,
20_music,music,basic_pitch,FN,21,,77,3.1849643458357497,3.324962336497086,4.031966270943328,,,,,
20_music,music,basic_pitch,FN,22,,80,3.325968165532396,3.4689568211920534,4.031966270943328,,,,,
20_music,music,basic_pitch,TP,23,22,85,3.4699492391735594,4.066955710318309,4.066955710318309,3.484277097505669,3.786136507936508,0.014327858332109589,-0.28081920238180125,-0.28081920238180125
20_music,music,basic_pitch,TP,24,21,61,3.471960897244179,4.067961539353619,4.067961539353619,3.4494471655328796,4.089279818594104,-0.022513731711299556,0.021318279240484905,0.021318279240484905
20_music,music,basic_pitch,TP,25,19,65,3.471960897244179,4.069959786370434,4.069959786370434,3.4262272108843534,3.820966439909297,-0.045733686359825665,-0.24899334646113758,-0.24899334646113758
20_music,music,basic_pitch,TP,26,20,56,3.472953315225685,4.073956280404066,4.073956280404066,3.4494471655328796,3.809356462585034,-0.02350614969280551,-0.2645998178190321,-0.2645998178190321
20_music,music,basic_pitch,FN,27,,68,4.126956765037996,5.095959046601764,5.095959046601764,,,,,
20_music,music,basic_pitch,TP,28,26,65,4.127962594073306,5.095959046601764,5.095959046601764,4.100889795918367,4.890368253968254,-0.027072798154939015,-0.20559079263350988,-0.20559079263350988
20_music,music,basic_pitch,TP,29,27,49,4.129960841090122,5.2949522629474775,5.2949522629474775,4.124109750566893,4.971638095238095,-0.005851090523228741,-0.32331416770938226,-0.32331416770938226
20_music,music,basic_pitch,TP,30,24,56,4.129960841090122,5.291948186895352,5.291948186895352,4.089279818594104,4.9832480725623585,-0.04068102249601768,-0.3087001143329937,-0.3087001143329937
20_music,music,basic_pitch,TP,31,25,61,4.130953259071627,5.295958091982787,5.295958091982787,4.089279818594104,4.936808163265306,-0.041673440477523194,-0.3591499287174811,-0.3591499287174811
20_music,music,basic_pitch,TP,32,29,66,4.997951065401166,5.396943327127903,5.396943327127903,5.006468027210884,5.273497505668934,0.008516961809718282,-0.12344582145896865,-0.12344582145896865
20_music,music,basic_pitch,TP,33,30,70,4.998956894436476,5.397949156163213,5.397949156163213,5.018078004535147,5.285107482993197,0.01912111009867168,-0.11284167317001526,-0.11284167317001526
20_music,music,basic_pitch,TP,34,33,65,5.295958091982787,5.928959831537828,5.928959831537828,5.273497505668934,5.761116553287982,-0.02246058631385317,-0.1678432782498458,-0.1678432782498458
20_music,music,basic_pitch,TP,35,34,68,5.298948756981109,5.929952249519333,5.929952249519333,5.273497505668934,5.528917006802721,-0.02545125131217496,-0.4010352427166124,-0.4010352427166124
20_music,music,basic_pitch,TP,36,31,49,5.299954586016419,5.929952249519333,5.929952249519333,5.273497505668934,5.7030666666666665,-0.02645708034748484,-0.2268855828526668,-0.2268855828526668
20_music,music,basic_pitch,FN,37,,61,5.299954586016419,5.930958078554643,5.930958078554643,,,,,
20_music,music,basic_pitch,TP,38,32,56,5.301952833033234,5.931950496536149,5.931950496536149,5.273497505668934,5.912046258503401,-0.02845532736430023,-0.019904238032747656,-0.019904238032747656
20_music,music,basic_pitch,TP,39,37,56,5.932956325571459,7.0559309158604675,7.667930945158237,5.912046258503401,6.91178820861678,-0.020910067068057536,-0.14414270724368716,-0.7561427365414568
20_music,music,basic_pitch,TP,40,39,65,5.932956325571459,6.0729409051789895,7.667930945158237,5.912046258503401,6.505439002267574,-0.020910067068057536,0.4324980970885841,-1.1624919428906635
20_music,music,basic_pitch,TP,41,36,49,5.933948743552964,7.059940820947903,7.667930945158237,5.912046258503401,6.2732394557823135,-0.021902485049563047,-0.7867013651655892,-1.3946914893759237
20_music,music,basic_pitch,TP,42,38,61,5.9359469905697795,7.062931485946224,7.667930945158237,5.912046258503401,6.226799546485261,-0.02390073206637844,-0.8361319394609632,-1.441131398672976
20_music,music,basic_pitch,FN,43,,68,6.0729409051789895,6.215956382946255,7.066927979979856,,,,,
20_music,music,basic_pitch,FN,44,,73,6.219952876979887,6.355954373607592,7.063937314981534,,,,,
20_music,music,basic_pitch,FN,45,,77,6.356946791589097,6.503958763389995,7.066927979979856,,,,,
20_music,music,basic_pitch,FN,46,,80,6.503958763389995,6.642950925016021,7.667930945158237,,,,,
20_music,music,basic_pitch,FN,47,,85,6.6439433429975265,6.779944839625231,7.667930945158237,,,,,
20_music,music,basic_pitch,FN,48,,89,6.779944839625231,6.918937001251257,7.667930945158237,,,,,
20_music,music,basic_pitch,FN,49,,92,6.919942830286567,7.062931485946224,7.667930945158237,,,,,
20_music,music,basic_pitch,FN,50,,73,7.063937314981534,7.720944840845972,7.720944840845972,,,,,
20_music,music,basic_pitch,FN,51,,97,7.063937314981534,7.720944840845972,7.720944840845972,,,,,
20_music,music,basic_pitch,FN,52,,68,7.066927979979856,7.721937258827477,7.721937258827477,,,,,
20_music,music,basic_pitch,FN,53,,77,7.066927979979856,7.7249413348796026,7.7249413348796026,,,,,
20_music,music,basic_pitch,TP,54,48,54,7.7249413348796026,8.882932186651201,8.885936262703328,7.736096598639456,8.677788662131519,0.01115526375985354,-0.20514352451968243,-0.20814760057180948
20_music,music,basic_pitch,FN,55,,48,7.725933752861108,8.883938015686512,8.88993275673696,,,,,
20_music,music,basic_pitch,TP,56,49,63,7.725933752861108,8.883938015686512,8.886928680684834,7.736096598639456,8.863548299319728,0.010162845778348029,-0.020389716366784327,-0.023380381365106118
20_music,music,basic_pitch,TP,57,50,44,7.7279319998779235,8.884930433668018,8.886928680684834,7.747706575963719,8.805498412698412,0.019774576085795914,-0.07943202096960533,-0.08143026798642161
20_music,music,basic_pitch,TP,58,56,54,8.885936262703328,9.501932786034729,9.506921698049865,8.87515827664399,9.490487074829932,-0.010777986059338218,-0.011445711204796538,-0.01643462321993283
20_music,music,basic_pitch,TP,59,55,44,8.886928680684834,9.502925204016234,9.508919945066681,8.87515827664399,9.304727437641723,-0.01177040404084373,-0.19819776637451092,-0.20419250742495798
20_music,music,basic_pitch,TP,60,54,63,8.886928680684834,9.337929009063995,10.51790057802057,8.863548299319728,9.351167346938775,-0.023380381365106118,0.013238337874780015,-1.1667332310817944
20_music,music,basic_pitch,FN,61,,48,8.88993275673696,9.341925503097626,10.667903214819788,,,,,
20_music,music,basic_pitch,FN,62,,60,9.342931332132936,9.50592928006836,9.506921698049865,,,,,
20_music,music,basic_pitch,TP,63,57,51,9.344929579149753,9.506921698049865,9.509925774101992,9.339557369614512,9.548536961451246,-0.005372209535240202,0.041615263401380886,0.03861118734925384
20_music,music,basic_pitch,TP,64,58,54,9.506921698049865,9.6709254750206,11.09591699697867,9.490487074829932,10.14192970521542,-0.01643462321993283,0.4710042301948203,-0.9539872917632497
20_music,music,basic_pitch,FN,65,,60,9.506921698049865,9.6709254750206,10.667903214819788,,,,,
20_music,music,basic_pitch,FN,66,,44,9.508919945066681,10.664912549821466,10.668909043855098,,,,,
20_music,music,basic_pitch,TP,67,59,51,9.509925774101992,10.664912549821466,11.276899168065432,9.548536961451246,11.151997732426304,0.03861118734925384,0.48708518260483835,-0.12490143563912781
20_music,music,basic_pitch,TP,68,61,80,9.673916140018921,9.809917636646626,11.276899168065432,9.67624671201814,9.862006349206348,0.002330571999218378,0.052088712559722694,-1.4148928188590837
20_music,music,basic_pitch,FN,69,,78,9.810923465681936,9.953912121341594,11.276899168065432,,,,,
20_music,music,basic_pitch,FN,70,,75,9.957908615375224,10.094902529984434,11.276899168065432,,,,,
20_music,music,basic_pitch,FP,,14,56,,,,2.7644585034013605,2.961828117913832,,,
20_music,music,basic_pitch,FP,,15,53,,,,2.7992884353741494,3.1127578231292516,,,
20_music,music,basic_pitch,FP,,17,61,,,,3.2869074829931972,3.4378371882086167,,,
20_music,music,basic_pitch,FP,,18,68,,,,3.2869074829931972,3.530717006802721,,,
20_music,music,basic_pitch,FP,,23,44,,,,3.530717006802721,3.984790022675737,,,
20_music,music,basic_pitch,FP,,28,68,,,,4.460799092970522,4.64655873015873,,,
20_music,music,basic_pitch,FP,,35,68,,,,5.656626757369614,5.865606349206349,,,
20_music,music,basic_pitch,FP,,40,68,,,,6.1571396825396825,6.540268934240363,,,
20_music,music,basic_pitch,FP,,41,61,,,,6.366119274376417,6.79568843537415,,,
20_music,music,basic_pitch,FP,,42,49,,,,6.412559183673469,6.586708843537415,,,
20_music,music,basic_pitch,FP,,43,68,,,,7.016278004535147,7.515507029478458,,,
20_music,music,basic_pitch,FP,,44,49,,,,7.120767800453515,7.387797278911565,,,
20_music,music,basic_pitch,FP,,45,56,,,,7.132377777777778,7.411017233560091,,,
20_music,music,basic_pitch,FP,,46,61,,,,7.283307482993197,7.619996825396825,,,
20_music,music,basic_pitch,FP,,47,65,,,,7.283307482993197,7.434237188208617,,,
20_music,music,basic_pitch,FP,,51,60,,,,7.759316553287982,8.654568707482992,,,
20_music,music,basic_pitch,FP,,52,48,,,,7.782536507936508,7.933466213151927,,,
20_music,music,basic_pitch,FP,,53,60,,,,8.851938321995464,10.281249433106577,,,
20_music,music,basic_pitch,FP,,60,44,,,,9.5949768707483,12.360719274376418,,,
21_music,music,bytedance,TP,0,1,67,0.5199867891476181,0.7859816302987763,0.7859816302987763,0.5174018144607544,0.5993766188621521,-0.0025849746868636947,-0.18660501143662422,-0.18660501143662422
21_music,music,bytedance,TP,1,4,67,0.7869874593340862,1.2489714407788324,1.2519755168309579,0.784111738204956,1.2300000190734863,-0.0028757211291301488,-0.018971421705346048,-0.02197549775747154
21_music,music,bytedance,TP,2,6,72,0.7899781243324077,1.2489714407788324,1.2519755168309579,0.7943416237831116,1.2300000190734863,0.0043634994507039115,-0.018971421705346048,-0.02197549775747154
21_music,music,bytedance,TP,3,2,64,0.7909839533677175,1.2489714407788324,1.2529813458662677,0.7838059663772583,0.8334914445877075,-0.00717798699045924,-0.41547999619112486,-0.41948990127856023
21_music,music,bytedance,TP,4,7,60,0.7929822003845333,1.2499772698141423,1.2519755168309579,0.7962877154350281,1.2400000095367432,0.0033055150504948116,-0.009977260277399091,-0.011975507294214705
21_music,music,bytedance,TP,5,13,60,1.2519755168309579,1.398974077578051,1.404968818628498,1.2502778768539429,1.4600000381469727,-0.0016976399770149975,0.06102596056892162,0.05503121951847456
21_music,music,bytedance,TP,6,9,67,1.2519755168309579,1.3979682485427412,1.4029705716116825,1.2385915517807007,1.3799999952316284,-0.013383965050257185,-0.017968253311112736,-0.022970576380054064
21_music,music,bytedance,TP,7,12,72,1.2519755168309579,1.398974077578051,1.4029705716116825,1.2444278001785278,1.3799999952316284,-0.0075477166524300365,-0.018974082346422616,-0.022970576380054064
21_music,music,bytedance,TP,8,10,64,1.2529813458662677,1.4019647425763726,1.4029705716116825,1.2396304607391357,1.3799999952316284,-0.013350885127132006,-0.021964747344744184,-0.022970576380054064
21_music,music,bytedance,TP,9,15,64,1.4029705716116825,2.0149706009094515,2.0189670949430827,1.3858665227890015,2.0399999618530273,-0.017104048822681017,0.025029360943575885,0.02103286690994466
21_music,music,bytedance,TP,10,16,67,1.4029705716116825,2.0139647718741416,2.0189670949430827,1.3887382745742798,2.049999952316284,-0.014232297037402697,0.0360351804421426,0.031032857373201495
21_music,music,bytedance,TP,11,14,72,1.4029705716116825,2.0149706009094515,2.0189670949430827,1.3857377767562866,2.0399999618530273,-0.01723279485539586,0.025029360943575885,0.02103286690994466
21_music,music,bytedance,FN,12,,60,1.404968818628498,2.017961265907773,2.0189670949430827,,,,,
21_music,music,bytedance,TP,13,19,67,2.3499519028290656,2.622960725119785,2.622960725119785,2.3446853160858154,2.4305920600891113,-0.005266586743250201,-0.19236866503067374,-0.19236866503067374
21_music,music,bytedance,TP,14,20,67,2.623966554155095,3.0819540415662097,3.085950535599841,2.616212844848633,3.069999933242798,-0.007753709306462131,-0.011954108323411816,-0.015950602357043042
21_music,music,bytedance,TP,15,22,74,2.623966554155095,3.0829598706015195,3.0869563646351508,2.6226260662078857,3.069999933242798,-0.0013404879472092013,-0.012959937358721696,-0.016956431392352922
21_music,music,bytedance,TP,16,23,65,2.6269572191534163,3.0829598706015195,3.0889546116519666,2.6306569576263428,3.069999933242798,0.0036997384729264837,-0.012959937358721696,-0.018954678409168757
21_music,music,bytedance,TP,17,21,59,2.627963048188726,3.085950535599841,3.0869563646351508,2.6222259998321533,3.069999933242798,-0.005737048356572849,-0.015950602357043042,-0.016956431392352922
21_music,music,bytedance,TP,18,27,67,3.085950535599841,3.228952602313303,3.2369455903805657,3.0761165618896484,3.2200000286102295,-0.009833973710192456,-0.008952573703073341,-0.016945561770336237
21_music,music,bytedance,TP,19,25,59,3.0869563646351508,3.232949096346934,3.2399496664326914,3.075127124786377,3.2100000381469727,-0.01182923984877382,-0.022949058199961403,-0.029949628285718788
21_music,music,bytedance,TP,20,26,74,3.0869563646351508,3.232949096346934,3.2369455903805657,3.0754127502441406,3.2100000381469727,-0.011543614391010149,-0.022949058199961403,-0.026945552233593073
21_music,music,bytedance,TP,21,29,65,3.0889546116519666,3.2359531723990598,3.2389438373973816,3.081009864807129,3.2200000286102295,-0.007944746844837702,-0.015953143788830282,-0.018943808787152072
21_music,music,bytedance,TP,22,33,67,3.2369455903805657,3.841945049592578,3.845941543626209,3.23260235786438,3.859628438949585,-0.0043432325161858465,0.017683389357006973,0.013686895323375747
21_music,music,bytedance,TP,23,31,74,3.2369455903805657,3.841945049592578,3.845941543626209,3.2239389419555664,3.890000104904175,-0.013006648424999323,0.04805505531159682,0.04405856127796559
21_music,music,bytedance,TP,24,34,65,3.2389438373973816,3.841945049592578,3.845941543626209,3.2348921298980713,3.880000114440918,-0.004051707499310275,0.03805506484833998,0.034058570814708755
21_music,music,bytedance,TP,25,32,59,3.2399496664326914,3.845941543626209,3.845941543626209,3.22464656829834,3.7828879356384277,-0.0153030981343516,-0.06305360798778148,-0.06305360798778148
21_music,music,bytedance,TP,26,36,67,4.194950807824946,4.4749467891476185,4.4749467891476185,4.189685821533203,4.285404682159424,-0.005264986291742879,-0.18954210698819463,-0.18954210698819463
21_music,music,bytedance,TP,27,38,67,4.4749467891476185,4.765953245643484,4.768943910641805,4.466878414154053,4.739999771118164,-0.008068374993565719,-0.02595347452531982,-0.02894413952364072
21_music,music,bytedance,TP,28,40,76,4.475952618182928,4.765953245643484,5.059950367137669,4.474834442138672,5.010000228881836,-0.0011181760442564581,0.24404698323835206,-0.04995013825583339
21_music,music,bytedance,TP,29,42,60,4.47894328318125,4.766945663624989,5.060942785119175,4.484915256500244,5.010000228881836,0.005971973318994017,0.24305456525684654,-0.0509425562373389
21_music,music,bytedance,TP,30,39,64,4.47894328318125,4.766945663624989,5.06294103213599,4.471982479095459,5.010000228881836,-0.006960804085791139,0.24305456525684654,-0.05294080325415429
21_music,music,bytedance,TP,31,44,67,4.768943910641805,5.055940462050234,5.059950367137669,4.754300117492676,5.039999961853027,-0.014643793149129003,-0.01594050019720683,-0.01995040528464198
21_music,music,bytedance,TP,32,46,74,4.768943910641805,5.055940462050234,5.066937526169622,4.7708868980407715,4.996476650238037,0.0019429873989667001,-0.059463811812197065,-0.07046087593158479
21_music,music,bytedance,TP,33,48,62,4.769949739677115,5.056946291085544,5.066937526169622,4.775030612945557,4.997682094573975,0.005080873268441977,-0.059264196511569445,-0.06925543159564729
21_music,music,bytedance,TP,34,47,59,4.7729404046754365,5.056946291085544,5.066937526169622,4.774128437042236,4.9979400634765625,0.0011880323667998738,-0.059006227608981554,-0.0689974626930594
21_music,music,bytedance,TP,35,49,67,5.059950367137669,5.356938153630177,5.356938153630177,5.0530619621276855,5.174931049346924,-0.006888405009983778,-0.18200710428325273,-0.18200710428325273
21_music,music,bytedance,TP,36,51,76,5.059950367137669,5.357943982665486,5.357943982665486,5.058329105377197,5.377990245819092,-0.0016212617604720592,0.02004626315360536,0.02004626315360536
21_music,music,bytedance,TP,37,52,60,5.060942785119175,5.357943982665486,5.357943982665486,5.0863447189331055,5.380000114440918,0.025401933813930633,0.02205613177543153,0.02205613177543153
21_music,music,bytedance,TP,38,50,64,5.06294103213599,5.360934647663808,5.360934647663808,5.056565284729004,5.389999866485596,-0.006375747406986321,0.029065218821787475,0.029065218821787475
21_music,music,bytedance,TP,39,53,67,5.360934647663808,5.6619323392437515,5.6619323392437515,5.3432488441467285,5.486880779266357,-0.017685803517079712,-0.17505155997739408,-0.17505155997739408
21_music,music,bytedance,TP,40,58,65,5.361940476699118,5.665928833277382,5.665928833277382,5.37416934967041,5.673429012298584,0.012228872971292049,0.007500179021201703,0.007500179021201703
21_music,music,bytedance,TP,41,54,77,5.361940476699118,5.664936415295877,5.664936415295877,5.355518341064453,5.675541877746582,-0.006422135634664983,0.01060546245070526,0.01060546245070526
21_music,music,bytedance,TP,42,56,62,5.3639387237159335,5.6689329093295076,5.6689329093295076,5.369736671447754,5.674784183502197,0.005797947731820408,0.005851274172689713,0.005851274172689713
21_music,music,bytedance,TP,43,59,67,5.669925327311013,5.948928890652179,5.948928890652179,5.662860870361328,5.757951736450195,-0.0070644569496849385,-0.1909771542019838,-0.1909771542019838
21_music,music,bytedance,TP,44,62,76,5.669925327311013,5.949934719687489,5.949934719687489,5.667229652404785,5.962579727172852,-0.0026956749062279073,0.01264500748536257,0.01264500748536257
21_music,music,bytedance,TP,45,63,60,5.6719235743278285,5.951932966704304,5.951932966704304,5.667391300201416,5.957864761352539,-0.004532274126412439,0.005931794648234678,0.005931794648234678
21_music,music,bytedance,TP,46,60,64,5.6719235743278285,5.951932966704304,5.951932966704304,5.663219928741455,5.961872577667236,-0.008703645586373376,0.009939610962931944,0.009939610962931944
21_music,music,bytedance,TP,47,65,67,5.95292538468581,6.266931798455761,6.266931798455761,5.943863868713379,6.0951128005981445,-0.009061515972430989,-0.17181899785761612,-0.17181899785761612
21_music,music,bytedance,TP,48,66,74,5.955929460737935,6.2679376274910705,6.2679376274910705,5.951327323913574,6.290830135345459,-0.004602136824360947,0.022892507854388455,0.022892507854388455
21_music,music,bytedance,TP,49,67,59,5.956935289773245,6.270928292489392,6.270928292489392,5.951796054840088,6.294352054595947,-0.005139234933157155,0.023423762106554946,0.023423762106554946
21_music,music,bytedance,TP,50,68,62,5.956935289773245,6.270928292489392,6.270928292489392,5.9658918380737305,6.293999195098877,0.008956548300485423,0.023070902609484634,0.023070902609484634
21_music,music,bytedance,TP,51,70,67,6.271934121524702,7.436938954435862,7.436938954435862,6.26599645614624,7.444993495941162,-0.005937665378461965,0.008054541505299717,0.008054541505299717
21_music,music,bytedance,TP,52,73,76,6.273932368541518,7.436938954435862,7.436938954435862,6.268771648406982,7.449281215667725,-0.005160720134535168,0.012342261231862217,0.012342261231862217
21_music,music,bytedance,TP,53,74,60,6.274924786523023,7.438937201452678,7.438937201452678,6.285771369934082,7.448088645935059,0.01084658341105893,0.00915144448238081,0.00915144448238081
21_music,music,bytedance,TP,54,72,64,6.274924786523023,7.437931372417368,7.437931372417368,6.267243385314941,7.444586753845215,-0.007681401208081695,0.00665538142784694,0.00665538142784694
21_music,music,bytedance,TP,55,75,67,8.080937758110291,8.366915069429607,8.374921468550676,8.073272705078125,8.3100004196167,-0.007665053032166469,-0.05691464981290828,-0.06492104893397688
21_music,music,bytedance,TP,56,77,75,8.080937758110291,8.370924974517044,8.65891394390698,8.085809707641602,8.387207984924316,0.0048719495313100936,0.01628301040727287,-0.2717059589826629
21_music,music,bytedance,TP,57,76,63,8.081930176091797,8.370924974517044,8.660912190923796,8.075437545776367,8.640000343322754,-0.006492630315429793,0.26907536880571037,-0.0209118476010417
21_music,music,bytedance,TP,58,78,60,8.083928423108613,8.373915639515365,8.660912190923796,8.103989601135254,8.640000343322754,0.020061178026640647,0.2660847038073886,-0.0209118476010417
21_music,music,bytedance,FN,59,,67,8.374921468550676,8.653925031891843,8.657921525925474,,,,,
21_music,music,bytedance,TP,60,82,74,8.374921468550676,8.653925031891843,8.671909255043184,8.383468627929688,8.683032989501953,0.008547159379011404,0.02910795761011009,0.011123734458768908
21_music,music,bytedance,TP,61,83,62,8.375913886532182,8.654917449873349,8.671909255043184,8.385682106018066,8.682635307312012,0.0097682194858848,0.027717857438663174,0.010726052268827502
21_music,music,bytedance,TP,62,81,59,8.377912133548998,8.657921525925474,8.671909255043184,8.35373306274414,8.685365676879883,-0.02417907080485726,0.027444150954408997,0.013456421836698595
21_music,music,bytedance,TP,63,84,67,8.657921525925474,8.954909312417982,8.954909312417982,8.638534545898438,8.74616527557373,-0.019386980027036316,-0.20874403684425147,-0.20874403684425147
21_music,music,bytedance,TP,64,88,75,8.65891394390698,8.954909312417982,8.954909312417982,8.675884246826172,8.965807914733887,0.016970302919192548,0.010898602315904782,0.010898602315904782
21_music,music,bytedance,TP,65,86,60,8.660912190923796,8.958919217505418,8.958919217505418,8.653939247131348,8.96660327911377,-0.00697294379244795,0.007684061608351556,0.007684061608351556
21_music,music,bytedance,TP,66,85,63,8.660912190923796,8.958919217505418,8.958919217505418,8.647607803344727,9.0,-0.013304387579069044,0.041080782494582024,0.041080782494582024
21_music,music,bytedance,TP,67,89,67,8.959911635486923,9.24890643391217,9.24890643391217,8.93601131439209,9.038837432861328,-0.023900321094833643,-0.21006900105084192,-0.21006900105084192
21_music,music,bytedance,TP,68,93,65,8.96190988250374,9.253908756981112,9.253908756981112,8.97708797454834,9.253011703491211,0.015178092044600078,-0.0008970534899006566,-0.0008970534899006566
21_music,music,bytedance,TP,69,92,77,8.96190988250374,9.252916338999606,9.252916338999606,8.970752716064453,9.289999961853027,0.008842833560713359,0.03708362285342126,0.03708362285342126
21_music,music,bytedance,TP,70,90,62,8.96291571153905,9.255907003997928,9.255907003997928,8.937736511230469,9.26304817199707,-0.025179200308581784,0.007141167999142439,0.007141167999142439
21_music,music,bytedance,TP,71,94,67,9.255907003997928,9.553900619525747,9.553900619525747,9.225500106811523,9.34138298034668,-0.030406897186404436,-0.21251763917906707,-0.21251763917906707
21_music,music,bytedance,TP,72,95,63,9.256912833033239,9.554906448561058,9.554906448561058,9.264692306518555,9.557428359985352,0.007779473485316046,0.002521911424294032,0.002521911424294032
21_music,music,bytedance,TP,73,97,75,9.256912833033239,9.554906448561058,9.554906448561058,9.277576446533203,9.556007385253906,0.020663613499964484,0.0011009366928487196,0.0011009366928487196
21_music,music,bytedance,TP,74,96,60,9.25990349803156,9.556904695577874,9.556904695577874,9.274425506591797,9.5560884475708,0.014522008560236443,-0.0008162480070730282,-0.0008162480070730282
21_music,music,bytedance,TP,75,98,67,9.556904695577874,9.871903527329332,9.871903527329332,9.533601760864258,9.666336059570312,-0.023302934713615997,-0.20556746775901935,-0.20556746775901935
21_music,music,bytedance,TP,76,100,62,9.560901189611505,9.875900021362964,9.875900021362964,9.562378883361816,9.891570091247559,0.0014776937503118148,0.015670069884594184,0.015670069884594184
21_music,music,bytedance,TP,77,102,74,9.560901189611505,9.872909356364643,9.872909356364643,9.565787315368652,9.889154434204102,0.004886125757147752,0.016245077839458943,0.016245077839458943
21_music,music,bytedance,TP,78,101,59,9.561907018646815,9.876905850398275,9.876905850398275,9.563076972961426,9.899910926818848,0.0011699543146104219,0.02300507642057248,0.02300507642057248
21_music,music,bytedance,TP,79,103,67,9.876905850398275,10.469889005401786,10.469889005401786,9.85482120513916,10.485413551330566,-0.02208464525911502,0.015524545928780498,0.015524545928780498
21_music,music,bytedance,TP,80,106,75,9.878904097415091,10.470894834437097,10.470894834437097,9.878405570983887,10.487316131591797,-0.0004985264312047377,0.0164212971547002,0.0164212971547002
21_music,music,bytedance,TP,81,107,60,9.879896515396597,10.473898910489222,10.473898910489222,9.921649932861328,10.486225128173828,0.04175341746473116,0.012326217684606178,0.012326217684606178
21_music,music,bytedance,TP,82,105,63,9.879896515396597,10.470894834437097,10.470894834437097,9.876264572143555,10.4862699508667,-0.00363194325304228,0.015375116429602542,0.015375116429602542
21_music,music,bytedance,FP,,0,79,,,,0.5169466137886047,0.5299999713897705,,,
21_music,music,bytedance,FP,,3,79,,,,0.7839574813842773,0.7900000214576721,,,
21_music,music,bytedance,FP,,5,76,,,,0.7917380332946777,0.800000011920929,,,
21_music,music,bytedance,FP,,8,79,,,,1.2369016408920288,1.25,,,
21_music,music,bytedance,FP,,11,76,,,,1.2443983554840088,1.25,,,
21_music,music,bytedance,FP,,17,60,,,,1.4705817699432373,2.0224080085754395,,,
21_music,music,bytedance,FP,,18,79,,,,2.3444511890411377,2.3499999046325684,,,
21_music,music,bytedance,FP,,24,79,,,,3.0673537254333496,3.0799999237060547,,,
21_music,music,bytedance,FP,,28,62,,,,3.077655792236328,3.0899999141693115,,,
21_music,music,bytedance,FP,,30,77,,,,3.0843088626861572,3.0899999141693115,,,
21_music,music,bytedance,FP,,35,79,,,,4.188583850860596,4.239999771118164,,,
21_music,music,bytedance,FP,,37,79,,,,4.465888500213623,4.619999885559082,,,
21_music,music,bytedance,FP,,41,55,,,,4.476137161254883,4.559999942779541,,,
21_music,music,bytedance,FP,,43,79,,,,4.747035026550293,5.010000228881836,,,
21_music,music,bytedance,FP,,45,55,,,,4.76463508605957,5.010000228881836,,,
21_music,music,bytedance,FP,,55,55,,,,5.358640193939209,5.420000076293945,,,
21_music,music,bytedance,FP,,57,74,,,,5.370937824249268,5.429999828338623,,,
21_music,music,bytedance,FP,,61,79,,,,5.663794040679932,5.789999961853027,,,
21_music,music,bytedance,FP,,64,79,,,,5.936708450317383,6.059999942779541,,,
21_music,music,bytedance,FP,,69,79,,,,6.263970375061035,6.699999809265137,,,
21_music,music,bytedance,FP,,71,55,,,,6.26680326461792,6.28000020980835,,,
21_music,music,bytedance,FP,,79,67,,,,8.322490692138672,8.630000114440918,,,
21_music,music,bytedance,FP,,80,55,,,,8.352463722229004,8.649999618530273,,,
21_music,music,bytedance,FP,,87,55,,,,8.658439636230469,8.779999732971191,,,
21_music,music,bytedance,FP,,91,55,,,,8.939391136169434,9.09000015258789,,,
21_music,music,bytedance,FP,,99,55,,,,9.556504249572754,9.710000038146973,,,
21_music,music,bytedance,FP,,104,55,,,,9.875596046447754,10.529999732971191,,,
21_music,music,bytedance,FP,,108,72,,,,9.922576904296875,10.229999542236328,,,
21_music,music,bytedance_B_offline,TP,0,1,67,0.5199867891476181,0.7859816302987763,0.7859816302987763,0.5174018144607544,0.5993766188621521,-0.0025849746868636947,-0.18660501143662422,-0.18660501143662422
21_music,music,bytedance_B_offline,TP,1,4,67,0.7869874593340862,1.2489714407788324,1.2519755168309579,0.784111738204956,1.2300000190734863,-0.0028757211291301488,-0.018971421705346048,-0.02197549775747154
21_music,music,bytedance_B_offline,TP,2,6,72,0.7899781243324077,1.2489714407788324,1.2519755168309579,0.7943416237831116,1.2300000190734863,0.0043634994507039115,-0.018971421705346048,-0.02197549775747154
21_music,music,bytedance_B_offline,TP,3,2,64,0.7909839533677175,1.2489714407788324,1.2529813458662677,0.7838059663772583,0.8334914445877075,-0.00717798699045924,-0.41547999619112486,-0.41948990127856023
21_music,music,bytedance_B_offline,TP,4,7,60,0.7929822003845333,1.2499772698141423,1.2519755168309579,0.7962877154350281,1.2400000095367432,0.0033055150504948116,-0.009977260277399091,-0.011975507294214705
21_music,music,bytedance_B_offline,TP,5,13,60,1.2519755168309579,1.398974077578051,1.404968818628498,1.2502778768539429,1.4600000381469727,-0.0016976399770149975,0.06102596056892162,0.05503121951847456
21_music,music,bytedance_B_offline,TP,6,9,67,1.2519755168309579,1.3979682485427412,1.4029705716116825,1.2385915517807007,1.3799999952316284,-0.013383965050257185,-0.017968253311112736,-0.022970576380054064
21_music,music,bytedance_B_offline,TP,7,12,72,1.2519755168309579,1.398974077578051,1.4029705716116825,1.2444278001785278,1.3799999952316284,-0.0075477166524300365,-0.018974082346422616,-0.022970576380054064
21_music,music,bytedance_B_offline,TP,8,10,64,1.2529813458662677,1.4019647425763726,1.4029705716116825,1.2396304607391357,1.3799999952316284,-0.013350885127132006,-0.021964747344744184,-0.022970576380054064
21_music,music,bytedance_B_offline,TP,9,15,64,1.4029705716116825,2.0149706009094515,2.0189670949430827,1.3858665227890015,2.025479845702648,-0.017104048822681017,0.010509244793196704,0.006512750759565478
21_music,music,bytedance_B_offline,TP,10,16,67,1.4029705716116825,2.0139647718741416,2.0189670949430827,1.3887382745742798,2.0277297465503215,-0.014232297037402697,0.013764974676179875,0.00876265160723877
21_music,music,bytedance_B_offline,TP,11,14,72,1.4029705716116825,2.0149706009094515,2.0189670949430827,1.3857377767562866,2.0299912726099136,-0.01723279485539586,0.015020671700462174,0.011024177666830948
21_music,music,bytedance_B_offline,FN,12,,60,1.404968818628498,2.017961265907773,2.0189670949430827,,,,,
21_music,music,bytedance_B_offline,TP,13,19,67,2.3499519028290656,2.622960725119785,2.622960725119785,2.3446853160858154,2.4305920600891113,-0.005266586743250201,-0.19236866503067374,-0.19236866503067374
21_music,music,bytedance_B_offline,TP,14,20,67,2.623966554155095,3.0819540415662097,3.085950535599841,2.616212844848633,3.069999933242798,-0.007753709306462131,-0.011954108323411816,-0.015950602357043042
21_music,music,bytedance_B_offline,TP,15,22,74,2.623966554155095,3.0829598706015195,3.0869563646351508,2.6226260662078857,3.069999933242798,-0.0013404879472092013,-0.012959937358721696,-0.016956431392352922
21_music,music,bytedance_B_offline,TP,16,23,65,2.6269572191534163,3.0829598706015195,3.0889546116519666,2.6306569576263428,3.069999933242798,0.0036997384729264837,-0.012959937358721696,-0.018954678409168757
21_music,music,bytedance_B_offline,TP,17,21,59,2.627963048188726,3.085950535599841,3.0869563646351508,2.6222259998321533,3.069999933242798,-0.005737048356572849,-0.015950602357043042,-0.016956431392352922
21_music,music,bytedance_B_offline,TP,18,27,67,3.085950535599841,3.228952602313303,3.2369455903805657,3.0761165618896484,3.2200000286102295,-0.009833973710192456,-0.008952573703073341,-0.016945561770336237
21_music,music,bytedance_B_offline,TP,19,25,59,3.0869563646351508,3.232949096346934,3.2399496664326914,3.075127124786377,3.2100000381469727,-0.01182923984877382,-0.022949058199961403,-0.029949628285718788
21_music,music,bytedance_B_offline,TP,20,26,74,3.0869563646351508,3.232949096346934,3.2369455903805657,3.0754127502441406,3.2100000381469727,-0.011543614391010149,-0.022949058199961403,-0.026945552233593073
21_music,music,bytedance_B_offline,TP,21,29,65,3.0889546116519666,3.2359531723990598,3.2389438373973816,3.081009864807129,3.2200000286102295,-0.007944746844837702,-0.015953143788830282,-0.018943808787152072
21_music,music,bytedance_B_offline,TP,22,33,67,3.2369455903805657,3.841945049592578,3.845941543626209,3.23260235786438,3.859628438949585,-0.0043432325161858465,0.017683389357006973,0.013686895323375747
21_music,music,bytedance_B_offline,TP,23,31,74,3.2369455903805657,3.841945049592578,3.845941543626209,3.2239389419555664,3.8642569935321807,-0.013006648424999323,0.022311943939602674,0.018315449905971448
21_music,music,bytedance_B_offline,TP,24,34,65,3.2389438373973816,3.841945049592578,3.845941543626209,3.2348921298980713,3.262761953473091,-0.004051707499310275,-0.579183096119487,-0.5831795901531183
21_music,music,bytedance_B_offline,TP,25,32,59,3.2399496664326914,3.845941543626209,3.845941543626209,3.22464656829834,3.7828879356384277,-0.0153030981343516,-0.06305360798778148,-0.06305360798778148
21_music,music,bytedance_B_offline,TP,26,36,67,4.194950807824946,4.4749467891476185,4.4749467891476185,4.189685821533203,4.285404682159424,-0.005264986291742879,-0.18954210698819463,-0.18954210698819463
21_music,music,bytedance_B_offline,TP,27,38,67,4.4749467891476185,4.765953245643484,4.768943910641805,4.466878414154053,4.504007206261158,-0.008068374993565719,-0.26194603938232586,-0.26493670438064676
21_music,music,bytedance_B_offline,TP,28,40,76,4.475952618182928,4.765953245643484,5.059950367137669,4.474834442138672,4.509110592156649,-0.0011181760442564581,-0.2568426534868351,-0.5508397749810205
21_music,music,bytedance_B_offline,TP,29,42,60,4.47894328318125,4.766945663624989,5.060942785119175,4.484915256500244,4.514875963926316,0.005971973318994017,-0.25206969969867377,-0.5460668211928592
21_music,music,bytedance_B_offline,TP,30,39,64,4.47894328318125,4.766945663624989,5.06294103213599,4.471982479095459,4.505843228697777,-0.006960804085791139,-0.26110243492721263,-0.5570978034382135
21_music,music,bytedance_B_offline,TP,31,44,67,4.768943910641805,5.055940462050234,5.059950367137669,4.754300117492676,4.996437362134457,-0.014643793149129003,-0.05950309991577729,-0.06351300500321244
21_music,music,bytedance_B_offline,TP,32,46,74,4.768943910641805,5.055940462050234,5.066937526169622,4.7708868980407715,4.996476650238037,0.0019429873989667001,-0.059463811812197065,-0.07046087593158479
21_music,music,bytedance_B_offline,TP,33,48,62,4.769949739677115,5.056946291085544,5.066937526169622,4.775030612945557,4.997682094573975,0.005080873268441977,-0.059264196511569445,-0.06925543159564729
21_music,music,bytedance_B_offline,TP,34,47,59,4.7729404046754365,5.056946291085544,5.066937526169622,4.774128437042236,4.9979400634765625,0.0011880323667998738,-0.059006227608981554,-0.0689974626930594
21_music,music,bytedance_B_offline,TP,35,49,67,5.059950367137669,5.356938153630177,5.356938153630177,5.0530619621276855,5.174931049346924,-0.006888405009983778,-0.18200710428325273,-0.18200710428325273
21_music,music,bytedance_B_offline,TP,36,51,76,5.059950367137669,5.357943982665486,5.357943982665486,5.058329105377197,5.377990245819092,-0.0016212617604720592,0.02004626315360536,0.02004626315360536
21_music,music,bytedance_B_offline,TP,37,52,60,5.060942785119175,5.357943982665486,5.357943982665486,5.0863447189331055,5.108800812363625,0.025401933813930633,-0.24914317030186162,-0.24914317030186162
21_music,music,bytedance_B_offline,TP,38,50,64,5.06294103213599,5.360934647663808,5.360934647663808,5.056565284729004,5.091628545224666,-0.006375747406986321,-0.2693061024391419,-0.2693061024391419
21_music,music,bytedance_B_offline,TP,39,53,67,5.360934647663808,5.6619323392437515,5.6619323392437515,5.3432488441467285,5.486880779266357,-0.017685803517079712,-0.17505155997739408,-0.17505155997739408
21_music,music,bytedance_B_offline,TP,40,58,65,5.361940476699118,5.665928833277382,5.665928833277382,5.37416934967041,5.673429012298584,0.012228872971292049,0.007500179021201703,0.007500179021201703
21_music,music,bytedance_B_offline,TP,41,54,77,5.361940476699118,5.664936415295877,5.664936415295877,5.355518341064453,5.675541877746582,-0.006422135634664983,0.01060546245070526,0.01060546245070526
21_music,music,bytedance_B_offline,TP,42,56,62,5.3639387237159335,5.6689329093295076,5.6689329093295076,5.369736671447754,5.674784183502197,0.005797947731820408,0.005851274172689713,0.005851274172689713
21_music,music,bytedance_B_offline,TP,43,59,67,5.669925327311013,5.948928890652179,5.948928890652179,5.662860870361328,5.757951736450195,-0.0070644569496849385,-0.1909771542019838,-0.1909771542019838
21_music,music,bytedance_B_offline,TP,44,62,76,5.669925327311013,5.949934719687489,5.949934719687489,5.667229652404785,5.962579727172852,-0.0026956749062279073,0.01264500748536257,0.01264500748536257
21_music,music,bytedance_B_offline,TP,45,63,60,5.6719235743278285,5.951932966704304,5.951932966704304,5.667391300201416,5.957864761352539,-0.004532274126412439,0.005931794648234678,0.005931794648234678
21_music,music,bytedance_B_offline,TP,46,60,64,5.6719235743278285,5.951932966704304,5.951932966704304,5.663219928741455,5.961872577667236,-0.008703645586373376,0.009939610962931944,0.009939610962931944
21_music,music,bytedance_B_offline,TP,47,65,67,5.95292538468581,6.266931798455761,6.266931798455761,5.943863868713379,6.0951128005981445,-0.009061515972430989,-0.17181899785761612,-0.17181899785761612
21_music,music,bytedance_B_offline,TP,48,66,74,5.955929460737935,6.2679376274910705,6.2679376274910705,5.951327323913574,6.290830135345459,-0.004602136824360947,0.022892507854388455,0.022892507854388455
21_music,music,bytedance_B_offline,TP,49,67,59,5.956935289773245,6.270928292489392,6.270928292489392,5.951796054840088,6.294352054595947,-0.005139234933157155,0.023423762106554946,0.023423762106554946
21_music,music,bytedance_B_offline,TP,50,68,62,5.956935289773245,6.270928292489392,6.270928292489392,5.9658918380737305,6.293999195098877,0.008956548300485423,0.023070902609484634,0.023070902609484634
21_music,music,bytedance_B_offline,TP,51,70,67,6.271934121524702,7.436938954435862,7.436938954435862,6.26599645614624,7.444993495941162,-0.005937665378461965,0.008054541505299717,0.008054541505299717
21_music,music,bytedance_B_offline,TP,52,73,76,6.273932368541518,7.436938954435862,7.436938954435862,6.268771648406982,7.449281215667725,-0.005160720134535168,0.012342261231862217,0.012342261231862217
21_music,music,bytedance_B_offline,TP,53,74,60,6.274924786523023,7.438937201452678,7.438937201452678,6.285771369934082,7.448088645935059,0.01084658341105893,0.00915144448238081,0.00915144448238081
21_music,music,bytedance_B_offline,TP,54,72,64,6.274924786523023,7.437931372417368,7.437931372417368,6.267243385314941,7.444586753845215,-0.007681401208081695,0.00665538142784694,0.00665538142784694
21_music,music,bytedance_B_offline,TP,55,75,67,8.080937758110291,8.366915069429607,8.374921468550676,8.073272705078125,8.12671179562807,-0.007665053032166469,-0.24020327380153716,-0.24820967292260576
21_music,music,bytedance_B_offline,TP,56,77,75,8.080937758110291,8.370924974517044,8.65891394390698,8.085809707641602,8.387207984924316,0.0048719495313100936,0.01628301040727287,-0.2717059589826629
21_music,music,bytedance_B_offline,TP,57,76,63,8.081930176091797,8.370924974517044,8.660912190923796,8.075437545776367,8.128254952430725,-0.006492630315429793,-0.24267002208631894,-0.532657238493071
21_music,music,bytedance_B_offline,TP,58,78,60,8.083928423108613,8.373915639515365,8.660912190923796,8.103989601135254,8.135832152962685,0.020061178026640647,-0.2380834865526804,-0.5250800379611107
21_music,music,bytedance_B_offline,FN,59,,67,8.374921468550676,8.653925031891843,8.657921525925474,,,,,
21_music,music,bytedance_B_offline,TP,60,82,74,8.374921468550676,8.653925031891843,8.671909255043184,8.383468627929688,8.683032989501953,0.008547159379011404,0.02910795761011009,0.011123734458768908
21_music,music,bytedance_B_offline,TP,61,83,62,8.375913886532182,8.654917449873349,8.671909255043184,8.385682106018066,8.682635307312012,0.0097682194858848,0.027717857438663174,0.010726052268827502
21_music,music,bytedance_B_offline,TP,62,81,59,8.377912133548998,8.657921525925474,8.671909255043184,8.35373306274414,8.685365676879883,-0.02417907080485726,0.027444150954408997,0.013456421836698595
21_music,music,bytedance_B_offline,TP,63,84,67,8.657921525925474,8.954909312417982,8.954909312417982,8.638534545898438,8.74616527557373,-0.019386980027036316,-0.20874403684425147,-0.20874403684425147
21_music,music,bytedance_B_offline,TP,64,88,75,8.65891394390698,8.954909312417982,8.954909312417982,8.675884246826172,8.965807914733887,0.016970302919192548,0.010898602315904782,0.010898602315904782
21_music,music,bytedance_B_offline,TP,65,86,60,8.660912190923796,8.958919217505418,8.958919217505418,8.653939247131348,8.96660327911377,-0.00697294379244795,0.007684061608351556,0.007684061608351556
21_music,music,bytedance_B_offline,TP,66,85,63,8.660912190923796,8.958919217505418,8.958919217505418,8.647607803344727,8.683920673131944,-0.013304387579069044,-0.2749985443734744,-0.2749985443734744
21_music,music,bytedance_B_offline,TP,67,89,67,8.959911635486923,9.24890643391217,9.24890643391217,8.93601131439209,9.038837432861328,-0.023900321094833643,-0.21006900105084192,-0.21006900105084192
21_music,music,bytedance_B_offline,TP,68,93,65,8.96190988250374,9.253908756981112,9.253908756981112,8.97708797454834,9.253011703491211,0.015178092044600078,-0.0008970534899006566,-0.0008970534899006566
21_music,music,bytedance_B_offline,TP,69,92,77,8.96190988250374,9.252916338999606,9.252916338999606,8.970752716064453,9.008143561780452,0.008842833560713359,-0.24477277721915414,-0.24477277721915414
21_music,music,bytedance_B_offline,TP,70,90,62,8.96291571153905,9.255907003997928,9.255907003997928,8.937736511230469,9.26304817199707,-0.025179200308581784,0.007141167999142439,0.007141167999142439
21_music,music,bytedance_B_offline,TP,71,94,67,9.255907003997928,9.553900619525747,9.553900619525747,9.225500106811523,9.34138298034668,-0.030406897186404436,-0.21251763917906707,-0.21251763917906707
21_music,music,bytedance_B_offline,TP,72,95,63,9.256912833033239,9.554906448561058,9.554906448561058,9.264692306518555,9.557428359985352,0.007779473485316046,0.002521911424294032,0.002521911424294032
21_music,music,bytedance_B_offline,TP,73,97,75,9.256912833033239,9.554906448561058,9.554906448561058,9.277576446533203,9.556007385253906,0.020663613499964484,0.0011009366928487196,0.0011009366928487196
21_music,music,bytedance_B_offline,TP,74,96,60,9.25990349803156,9.556904695577874,9.556904695577874,9.274425506591797,9.5560884475708,0.014522008560236443,-0.0008162480070730282,-0.0008162480070730282
21_music,music,bytedance_B_offline,TP,75,98,67,9.556904695577874,9.871903527329332,9.871903527329332,9.533601760864258,9.666336059570312,-0.023302934713615997,-0.20556746775901935,-0.20556746775901935
21_music,music,bytedance_B_offline,TP,76,100,62,9.560901189611505,9.875900021362964,9.875900021362964,9.562378883361816,9.891570091247559,0.0014776937503118148,0.015670069884594184,0.015670069884594184
21_music,music,bytedance_B_offline,TP,77,102,74,9.560901189611505,9.872909356364643,9.872909356364643,9.565787315368652,9.889154434204102,0.004886125757147752,0.016245077839458943,0.016245077839458943
21_music,music,bytedance_B_offline,TP,78,101,59,9.561907018646815,9.876905850398275,9.876905850398275,9.563076972961426,9.899910926818848,0.0011699543146104219,0.02300507642057248,0.02300507642057248
21_music,music,bytedance_B_offline,TP,79,103,67,9.876905850398275,10.469889005401786,10.469889005401786,9.85482120513916,10.485413551330566,-0.02208464525911502,0.015524545928780498,0.015524545928780498
21_music,music,bytedance_B_offline,TP,80,106,75,9.878904097415091,10.470894834437097,10.470894834437097,9.878405570983887,10.487316131591797,-0.0004985264312047377,0.0164212971547002,0.0164212971547002
21_music,music,bytedance_B_offline,TP,81,107,60,9.879896515396597,10.473898910489222,10.473898910489222,9.921649932861328,10.486225128173828,0.04175341746473116,0.012326217684606178,0.012326217684606178
21_music,music,bytedance_B_offline,TP,82,105,63,9.879896515396597,10.470894834437097,10.470894834437097,9.876264572143555,10.4862699508667,-0.00363194325304228,0.015375116429602542,0.015375116429602542
21_music,music,bytedance_B_offline,FP,,0,79,,,,0.5169466137886047,0.5299999713897705,,,
21_music,music,bytedance_B_offline,FP,,3,79,,,,0.7839574813842773,0.7900000214576721,,,
21_music,music,bytedance_B_offline,FP,,5,76,,,,0.7917380332946777,0.800000011920929,,,
21_music,music,bytedance_B_offline,FP,,8,79,,,,1.2369016408920288,1.25,,,
21_music,music,bytedance_B_offline,FP,,11,76,,,,1.2443983554840088,1.25,,,
21_music,music,bytedance_B_offline,FP,,17,60,,,,1.4705817699432373,2.0224080085754395,,,
21_music,music,bytedance_B_offline,FP,,18,79,,,,2.3444511890411377,2.3499999046325684,,,
21_music,music,bytedance_B_offline,FP,,24,79,,,,3.0673537254333496,3.0799999237060547,,,
21_music,music,bytedance_B_offline,FP,,28,62,,,,3.077655792236328,3.0899999141693115,,,
21_music,music,bytedance_B_offline,FP,,30,77,,,,3.0843088626861572,3.0899999141693115,,,
21_music,music,bytedance_B_offline,FP,,35,79,,,,4.188583850860596,4.239999771118164,,,
21_music,music,bytedance_B_offline,FP,,37,79,,,,4.465888500213623,4.619999885559082,,,
21_music,music,bytedance_B_offline,FP,,41,55,,,,4.476137161254883,4.559999942779541,,,
21_music,music,bytedance_B_offline,FP,,43,79,,,,4.747035026550293,5.010000228881836,,,
21_music,music,bytedance_B_offline,FP,,45,55,,,,4.76463508605957,5.010000228881836,,,
21_music,music,bytedance_B_offline,FP,,55,55,,,,5.358640193939209,5.420000076293945,,,
21_music,music,bytedance_B_offline,FP,,57,74,,,,5.370937824249268,5.429999828338623,,,
21_music,music,bytedance_B_offline,FP,,61,79,,,,5.663794040679932,5.789999961853027,,,
21_music,music,bytedance_B_offline,FP,,64,79,,,,5.936708450317383,6.059999942779541,,,
21_music,music,bytedance_B_offline,FP,,69,79,,,,6.263970375061035,6.699999809265137,,,
21_music,music,bytedance_B_offline,FP,,71,55,,,,6.26680326461792,6.28000020980835,,,
21_music,music,bytedance_B_offline,FP,,79,67,,,,8.322490692138672,8.630000114440918,,,
21_music,music,bytedance_B_offline,FP,,80,55,,,,8.352463722229004,8.649999618530273,,,
21_music,music,bytedance_B_offline,FP,,87,55,,,,8.658439636230469,8.779999732971191,,,
21_music,music,bytedance_B_offline,FP,,91,55,,,,8.939391136169434,9.09000015258789,,,
21_music,music,bytedance_B_offline,FP,,99,55,,,,9.556504249572754,9.710000038146973,,,
21_music,music,bytedance_B_offline,FP,,104,55,,,,9.875596046447754,10.529999732971191,,,
21_music,music,bytedance_B_offline,FP,,108,72,,,,9.922576904296875,10.229999542236328,,,
21_music,music,basic_pitch,TP,0,0,67,0.5199867891476181,0.7859816302987763,0.7859816302987763,0.5108390022675737,0.7894784580498866,-0.009147786880044362,0.0034968277511102652,0.0034968277511102652
21_music,music,basic_pitch,TP,1,2,67,0.7869874593340862,1.2489714407788324,1.2519755168309579,0.7894784580498866,1.242267573696145,0.0024909987158003855,-0.0067038670826873314,-0.009707943134812824
21_music,music,basic_pitch,TP,2,3,72,0.7899781243324077,1.2489714407788324,1.2519755168309579,0.8010884353741496,1.230657596371882,0.011110311041741983,-0.018313844406950386,-0.02131792045907588
21_music,music,basic_pitch,TP,3,1,64,0.7909839533677175,1.2489714407788324,1.2529813458662677,0.7894784580498866,1.242267573696145,-0.0015054953178309516,-0.0067038670826873314,-0.010713772170122704
21_music,music,basic_pitch,TP,4,4,60,0.7929822003845333,1.2499772698141423,1.2519755168309579,0.8126984126984127,1.230657596371882,0.019716212313879433,-0.019319673442260266,-0.02131792045907588
21_music,music,basic_pitch,TP,5,5,60,1.2519755168309579,1.398974077578051,1.404968818628498,1.242267573696145,2.2420095238095237,-0.009707943134812824,0.8430354462314726,0.8370407051810256
21_music,music,basic_pitch,TP,6,7,67,1.2519755168309579,1.3979682485427412,1.4029705716116825,1.242267573696145,1.3931972789115645,-0.009707943134812824,-0.004770969631176625,-0.009773292700117953
21_music,music,basic_pitch,TP,7,8,72,1.2519755168309579,1.398974077578051,1.4029705716116825,1.242267573696145,1.3931972789115645,-0.009707943134812824,-0.0057767986664865045,-0.009773292700117953
21_music,music,basic_pitch,TP,8,6,64,1.2529813458662677,1.4019647425763726,1.4029705716116825,1.242267573696145,1.4048072562358276,-0.010713772170122704,0.0028425136594549816,0.0018366846241451018
21_music,music,basic_pitch,TP,9,11,64,1.4029705716116825,2.0149706009094515,2.0189670949430827,1.4048072562358276,2.2071795918367347,0.0018366846241451018,0.19220899092728327,0.18821249689365205
21_music,music,basic_pitch,TP,10,9,67,1.4029705716116825,2.0139647718741416,2.0189670949430827,1.3931972789115645,2.346499319727891,-0.009773292700117953,0.33253454785374936,0.32753222478480826
21_music,music,basic_pitch,TP,11,10,72,1.4029705716116825,2.0149706009094515,2.0189670949430827,1.3931972789115645,1.8575963718820863,-0.009773292700117953,-0.1573742290273652,-0.16137072306099642
21_music,music,basic_pitch,FN,12,,60,1.404968818628498,2.017961265907773,2.0189670949430827,,,,,
21_music,music,basic_pitch,TP,13,12,67,2.3499519028290656,2.622960725119785,2.622960725119785,2.346499319727891,2.613528798185941,-0.003452583101174689,-0.009431926933844093,-0.009431926933844093
21_music,music,basic_pitch,TP,14,13,67,2.623966554155095,3.0819540415662097,3.085950535599841,2.613528798185941,3.0779278911564627,-0.010437755969153972,-0.004026150409746965,-0.00802264444337819
21_music,music,basic_pitch,TP,15,14,74,2.623966554155095,3.0829598706015195,3.0869563646351508,2.625138775510204,3.0779278911564627,0.00117222135510886,-0.0050319794450568445,-0.00902847347868807
21_music,music,basic_pitch,TP,16,15,65,2.6269572191534163,3.0829598706015195,3.0889546116519666,2.636748752834467,3.019878004535147,0.00979153368105079,-0.06308186606637234,-0.0690766071168194
21_music,music,basic_pitch,TP,17,16,59,2.627963048188726,3.085950535599841,3.0869563646351508,2.64835873015873,4.031229931972789,0.020395681970003743,0.9452793963729484,0.9442735673376386
21_music,music,basic_pitch,TP,18,18,67,3.085950535599841,3.228952602313303,3.2369455903805657,3.0779278911564627,3.228857596371882,-0.00802264444337819,-9.5005941420645e-05,-0.008087994008683541
21_music,music,basic_pitch,FN,19,,59,3.0869563646351508,3.232949096346934,3.2399496664326914,,,,,
21_music,music,basic_pitch,TP,20,19,74,3.0869563646351508,3.232949096346934,3.2369455903805657,3.0779278911564627,3.228857596371882,-0.00902847347868807,-0.004091499975051871,-0.008087994008683541
21_music,music,basic_pitch,TP,21,17,65,3.0889546116519666,3.2359531723990598,3.2389438373973816,3.0779278911564627,3.240467573696145,-0.011026720495503906,0.0045144012970852465,0.0015237362987634562
21_music,music,basic_pitch,TP,22,20,67,3.2369455903805657,3.841945049592578,3.845941543626209,3.228857596371882,3.9602861678004535,-0.008087994008683541,0.11834111820787552,0.11434462417424429
21_music,music,basic_pitch,TP,23,21,74,3.2369455903805657,3.841945049592578,3.845941543626209,3.228857596371882,3.6119868480725623,-0.008087994008683541,-0.22995820152001567,-0.2339546955536469
21_music,music,basic_pitch,TP,24,22,65,3.2389438373973816,3.841945049592578,3.845941543626209,3.240467573696145,3.786136507936508,0.0015237362987634562,-0.055808541656070076,-0.0598050356897013
21_music,music,basic_pitch,FN,25,,59,3.2399496664326914,3.845941543626209,3.845941543626209,,,,,
21_music,music,basic_pitch,TP,26,23,67,4.194950807824946,4.4749467891476185,4.4749467891476185,4.193769614512472,4.472409070294784,-0.001181193312474349,-0.002537718852834381,-0.002537718852834381
21_music,music,basic_pitch,TP,27,25,67,4.4749467891476185,4.765953245643484,4.768943910641805,4.472409070294784,4.751048526077097,-0.002537718852834381,-0.014904719566386504,-0.017895384564707406
21_music,music,basic_pitch,TP,28,26,76,4.475952618182928,4.765953245643484,5.059950367137669,4.472409070294784,4.611728798185941,-0.0035435478881442606,-0.15422444745754316,-0.4482215689517286
21_music,music,basic_pitch,TP,29,27,60,4.47894328318125,4.766945663624989,5.060942785119175,4.507239002267574,4.727828571428571,0.02829571908632378,-0.03911709219641857,-0.333114213690604
21_music,music,basic_pitch,TP,30,24,64,4.47894328318125,4.766945663624989,5.06294103213599,4.472409070294784,5.0645179138322,-0.006534212886466051,0.29757225020721023,0.0015768816962093979
21_music,music,basic_pitch,TP,31,28,67,4.768943910641805,5.055940462050234,5.059950367137669,4.751048526077097,5.0645179138322,-0.017895384564707406,0.00857745178196545,0.0045675466945303
21_music,music,basic_pitch,FN,32,,74,4.768943910641805,5.055940462050234,5.066937526169622,,,,,
21_music,music,basic_pitch,TP,33,29,62,4.769949739677115,5.056946291085544,5.066937526169622,4.762658503401361,5.0645179138322,-0.0072912362757540095,0.007571622746655571,-0.0024196123374222722
21_music,music,basic_pitch,FN,34,,59,4.7729404046754365,5.056946291085544,5.066937526169622,,,,,
21_music,music,basic_pitch,TP,35,31,67,5.059950367137669,5.356938153630177,5.356938153630177,5.0645179138322,5.354767346938775,0.0045675466945303,-0.002170806691401239,-0.002170806691401239
21_music,music,basic_pitch,TP,36,32,76,5.059950367137669,5.357943982665486,5.357943982665486,5.0645179138322,5.29671746031746,0.0045675466945303,-0.06122652234802661,-0.06122652234802661
21_music,music,basic_pitch,FN,37,,60,5.060942785119175,5.357943982665486,5.357943982665486,,,,,
21_music,music,basic_pitch,TP,38,30,64,5.06294103213599,5.360934647663808,5.360934647663808,5.0645179138322,5.319937414965986,0.0015768816962093979,-0.04099723269782185,-0.04099723269782185
21_music,music,basic_pitch,TP,39,34,67,5.360934647663808,5.6619323392437515,5.6619323392437515,5.354767346938775,5.668236734693878,-0.006167300725032909,0.006304395450126066,0.006304395450126066
21_music,music,basic_pitch,TP,40,37,65,5.361940476699118,5.665928833277382,5.665928833277382,5.377987301587301,5.656626757369614,0.016046824888182876,-0.009302075907767993,-0.009302075907767993
21_music,music,basic_pitch,TP,41,36,77,5.361940476699118,5.664936415295877,5.664936415295877,5.366377324263039,5.505697052154195,0.004436847563920487,-0.15923936314168152,-0.15923936314168152
21_music,music,basic_pitch,TP,42,35,62,5.3639387237159335,5.6689329093295076,5.6689329093295076,5.366377324263039,5.656626757369614,0.0024386005471050964,-0.012306151959893263,-0.012306151959893263
21_music,music,basic_pitch,TP,43,39,67,5.669925327311013,5.948928890652179,5.948928890652179,5.668236734693878,5.94687619047619,-0.0016885926171354981,-0.0020527001759891306,-0.0020527001759891306
21_music,music,basic_pitch,TP,44,41,76,5.669925327311013,5.949934719687489,5.949934719687489,5.67984671201814,5.888826303854875,0.00992138470712689,-0.061108415832613616,-0.061108415832613616
21_music,music,basic_pitch,TP,45,38,60,5.6719235743278285,5.951932966704304,5.951932966704304,5.668236734693878,5.912046258503401,-0.003686839633950889,-0.03988670820090334,-0.03988670820090334
21_music,music,basic_pitch,TP,46,40,64,5.6719235743278285,5.951932966704304,5.951932966704304,5.67984671201814,5.912046258503401,0.0079231376903115,-0.03988670820090334,-0.03988670820090334
21_music,music,basic_pitch,TP,47,42,67,5.95292538468581,6.266931798455761,6.266931798455761,5.94687619047619,6.26162947845805,-0.0060491942096199125,-0.00530231999771047,-0.00530231999771047
21_music,music,basic_pitch,FN,48,,74,5.955929460737935,6.2679376274910705,6.2679376274910705,,,,,
21_music,music,basic_pitch,FN,49,,59,5.956935289773245,6.270928292489392,6.270928292489392,,,,,
21_music,music,basic_pitch,TP,50,43,62,5.956935289773245,6.270928292489392,6.270928292489392,5.958486167800453,6.284849433106576,0.0015508780272082134,0.013921140617183525,0.013921140617183525
21_music,music,basic_pitch,TP,51,45,67,6.271934121524702,7.436938954435862,7.436938954435862,6.26162947845805,7.5619469387755105,-0.01030464306665202,0.1250079843396481,0.1250079843396481
21_music,music,basic_pitch,FN,52,,76,6.273932368541518,7.436938954435862,7.436938954435862,,,,,
21_music,music,basic_pitch,TP,53,47,60,6.274924786523023,7.438937201452678,7.438937201452678,6.319679365079365,7.422627210884354,0.044754578556341684,-0.01630999056832394,-0.01630999056832394
21_music,music,basic_pitch,TP,54,46,64,6.274924786523023,7.437931372417368,7.437931372417368,6.2732394557823135,7.434237188208617,-0.0016853307407096452,-0.0036941842087507837,-0.0036941842087507837
21_music,music,basic_pitch,TP,55,49,67,8.080937758110291,8.366915069429607,8.374921468550676,8.074069841269841,8.317879365079365,-0.006867916840450405,-0.04903570435024207,-0.05704210347131067
21_music,music,basic_pitch,TP,56,50,75,8.080937758110291,8.370924974517044,8.65891394390698,8.074069841269841,8.329489342403628,-0.006867916840450405,-0.04143563211341572,-0.3294246015033515
21_music,music,basic_pitch,TP,57,48,63,8.081930176091797,8.370924974517044,8.660912190923796,8.074069841269841,8.387539229024943,-0.007860334821955917,0.016614254507899773,-0.2733729618988523
21_music,music,basic_pitch,TP,58,51,60,8.083928423108613,8.373915639515365,8.660912190923796,8.085679818594103,8.329489342403628,0.0017513954854901925,-0.04442629711173751,-0.3314228485201678
21_music,music,basic_pitch,FN,59,,67,8.374921468550676,8.653925031891843,8.657921525925474,,,,,
21_music,music,basic_pitch,FN,60,,74,8.374921468550676,8.653925031891843,8.671909255043184,,,,,
21_music,music,basic_pitch,TP,61,53,62,8.375913886532182,8.654917449873349,8.671909255043184,8.387539229024943,8.64295873015873,0.011625342492761703,-0.011958719714618482,-0.028950524884454154
21_music,music,basic_pitch,FN,62,,59,8.377912133548998,8.657921525925474,8.671909255043184,,,,,
21_music,music,basic_pitch,TP,63,54,67,8.657921525925474,8.954909312417982,8.954909312417982,8.64295873015873,8.944818140589568,-0.014962795766743753,-0.010091171828413792,-0.010091171828413792
21_music,music,basic_pitch,TP,64,56,75,8.65891394390698,8.954909312417982,8.954909312417982,8.677788662131519,8.898378231292517,0.018874718224539677,-0.05653108112546512,-0.05653108112546512
21_music,music,basic_pitch,TP,65,57,60,8.660912190923796,8.958919217505418,8.958919217505418,8.701008616780046,8.898378231292517,0.04009642585624995,-0.06054098621290116,-0.06054098621290116
21_music,music,basic_pitch,TP,66,55,63,8.660912190923796,8.958919217505418,8.958919217505418,8.666178684807257,8.944818140589568,0.00526649388346101,-0.01410107691584983,-0.01410107691584983
21_music,music,basic_pitch,TP,67,59,67,8.959911635486923,9.24890643391217,9.24890643391217,8.944818140589568,9.223457596371881,-0.015093494897355342,-0.025448837540288594,-0.025448837540288594
21_music,music,basic_pitch,TP,68,60,65,8.96190988250374,9.253908756981112,9.253908756981112,8.968038095238095,9.211847619047619,0.006128212734354932,-0.04206113793349253,-0.04206113793349253
21_music,music,basic_pitch,FN,69,,77,8.96190988250374,9.252916338999606,9.252916338999606,,,,,
21_music,music,basic_pitch,TP,70,58,62,8.96291571153905,9.255907003997928,9.255907003997928,8.944818140589568,9.246677551020408,-0.01809757094948239,-0.00922945297751987,-0.00922945297751987
21_music,music,basic_pitch,TP,71,61,67,9.255907003997928,9.553900619525747,9.553900619525747,9.223457596371881,9.536926984126984,-0.03244940762604642,-0.016973635398763065,-0.016973635398763065
21_music,music,basic_pitch,TP,72,62,63,9.256912833033239,9.554906448561058,9.554906448561058,9.269897505668935,9.56014693877551,0.012984672635695915,0.00524049021445272,0.00524049021445272
21_music,music,basic_pitch,TP,73,63,75,9.256912833033239,9.554906448561058,9.554906448561058,9.269897505668935,9.536926984126984,0.012984672635695915,-0.017979464434073833,-0.017979464434073833
21_music,music,basic_pitch,TP,74,64,60,9.25990349803156,9.556904695577874,9.556904695577874,9.281507482993197,9.513707029478457,0.021603984961636513,-0.043197666099416665,-0.043197666099416665
21_music,music,basic_pitch,TP,75,65,67,9.556904695577874,9.871903527329332,9.871903527329332,9.536926984126984,9.862006349206348,-0.019977711450890112,-0.009897178122983519,-0.009897178122983519
21_music,music,basic_pitch,TP,76,66,62,9.560901189611505,9.875900021362964,9.875900021362964,9.56014693877551,9.885226303854875,-0.0007542508359943412,0.009326282491910476,0.009326282491910476
21_music,music,basic_pitch,FN,77,,74,9.560901189611505,9.872909356364643,9.872909356364643,,,,,
21_music,music,basic_pitch,FN,78,,59,9.561907018646815,9.876905850398275,9.876905850398275,,,,,
21_music,music,basic_pitch,TP,79,68,67,9.876905850398275,10.469889005401786,10.469889005401786,9.862006349206348,10.5250589569161,-0.014899501191926845,0.05516995151431381,0.05516995151431381
21_music,music,basic_pitch,TP,80,70,75,9.878904097415091,10.470894834437097,10.470894834437097,9.885226303854875,10.269639455782313,0.006322206439783429,-0.2012553786547837,-0.2012553786547837
21_music,music,basic_pitch,FN,81,,60,9.879896515396597,10.473898910489222,10.473898910489222,,,,,
21_music,music,basic_pitch,TP,82,69,63,9.879896515396597,10.470894834437097,10.470894834437097,9.885226303854875,10.780478458049888,0.005329788458277918,0.30958362361279157,0.30958362361279157
21_music,music,basic_pitch,FP,,33,60,,,,5.1341777777777775,5.308327437641723,,,
21_music,music,basic_pitch,FP,,44,59,,,,6.017819954648526,6.180359637188209,,,
21_music,music,basic_pitch,FP,,52,67,,,,8.317879365079365,8.64295873015873,,,
21_music,music,basic_pitch,FP,,67,59,,,,9.629806802721088,9.815566439909297,,,
21_music,music,basic_pitch,FP,,71,60,,,,9.931666213151926,10.467009070294786,,,
22_music,music,bytedance,TP,0,1,44,0.5199867891476181,0.950991236304819,1.3679945432905058,0.5568907260894775,1.350000023841858,0.03690393694185945,0.39900878753703894,-0.01799451944864794
22_music,music,bytedance,TP,1,0,49,0.5239832831812495,0.9549877303384504,0.957991806390576,0.5178998112678528,0.8899999856948853,-0.006083471913396754,-0.06498774464356516,-0.06799182069569076
22_music,music,bytedance,TP,2,3,54,0.9549877303384504,1.3639980492568744,1.5789906527909179,0.9111367464065552,1.4900000095367432,-0.04385098393189524,0.12600196027986876,-0.08899064325417472
22_music,music,bytedance,TP,3,4,58,0.9559935593737603,1.3639980492568744,1.5789906527909179,0.9873978495597839,1.5499999523162842,0.03140429018602364,0.18600190305940978,-0.0289907004746337
22_music,music,bytedance,FN,4,,49,0.957991806390576,1.3649904672383801,1.3679945432905058,,,,,
22_music,music,bytedance,TP,5,6,44,1.3679945432905058,1.5709842536698508,1.7919850093081455,1.3637607097625732,1.8300000429153442,-0.004233833527932607,0.2590157892454934,0.03801503360719871
22_music,music,bytedance,TP,6,5,49,1.3679945432905058,1.5739883297219766,1.577984823755608,1.3424046039581299,1.5399999618530273,-0.025589939332375966,-0.03398836786894921,-0.03798486190258066
22_music,music,bytedance,TP,7,9,49,1.577984823755608,1.7869960972930083,1.7939832563249611,1.553269624710083,1.7300000190734863,-0.024715199045524994,-0.05699607821952202,-0.06398323725147481
22_music,music,bytedance,FN,8,,54,1.5789906527909179,1.787988515274514,1.794989085360271,,,,,
22_music,music,bytedance,TP,9,11,58,1.5789906527909179,1.7909925913266398,1.794989085360271,1.564231514930725,1.7851694822311401,-0.014759137860192784,-0.005823109095499657,-0.009819603129130883
22_music,music,bytedance,TP,10,13,44,1.7919850093081455,2.2079958983123262,2.6239933762627032,1.8351235389709473,2.619999885559082,0.04313852966280174,0.4120039872467558,-0.003993490703621205
22_music,music,bytedance,FN,11,,49,1.7939832563249611,2.208988316293832,2.210986563310648,,,,,
22_music,music,bytedance,FN,12,,54,2.208988316293832,2.6169928061769463,2.83097958067568,,,,,
22_music,music,bytedance,TP,13,16,61,2.209994145329142,2.6209893002105775,2.829987162694174,2.2147557735443115,2.5899999141693115,0.0047616282151694556,-0.030989386041266,-0.23998724852486264
22_music,music,bytedance,FN,14,,49,2.210986563310648,2.6219951292458874,2.6239933762627032,,,,,
22_music,music,bytedance,TP,15,17,58,2.210986563310648,2.6209893002105775,2.83097958067568,2.23641300201416,2.7799999713897705,0.025426438703512133,0.15901067117919299,-0.05097960928590961
22_music,music,bytedance,TP,16,21,44,2.6239933762627032,2.8269830866420484,2.8619859370708336,2.625939130783081,2.873044729232788,0.0019457545203778182,0.04606164259073964,0.01105879216195449
22_music,music,bytedance,TP,17,18,49,2.6239933762627032,2.8279889156773583,2.83097958067568,2.5930685997009277,2.7899999618530273,-0.030924776561775502,-0.037988953824330984,-0.040979618822652775
22_music,music,bytedance,TP,18,23,61,2.829987162694174,3.040983272194586,3.040983272194586,2.783116340637207,3.069999933242798,-0.04687082205696713,0.029016661048211656,0.029016661048211656
22_music,music,bytedance,TP,19,25,49,2.83097958067568,3.044993177282022,3.044993177282022,2.795055627822876,2.875612735748291,-0.03592395285280414,-0.16938044153373077,-0.16938044153373077
22_music,music,bytedance,FN,20,,54,2.83097958067568,3.044993177282022,3.044993177282022,,,,,
22_music,music,bytedance,TP,21,24,58,2.83097958067568,3.044993177282022,3.044993177282022,2.786203384399414,3.059999942779541,-0.044776196276266056,0.015006765497519226,0.015006765497519226
22_music,music,bytedance,TP,22,28,44,3.0469914242988376,3.4709818903164775,3.891981691335796,3.0643959045410156,3.859999895095825,0.017404480242178,0.38901800477934767,-0.03198179623997088
22_music,music,bytedance,TP,23,26,49,3.0479838422803436,3.4719877193517874,3.474978384350109,3.034008741378784,3.4100000858306885,-0.0139751009015594,-0.06198763352109893,-0.06497829851942072
22_music,music,bytedance,TP,24,30,53,3.4739859663686032,3.890975862300486,4.096969648731957,3.4738571643829346,4.050000190734863,-0.00012880198566866952,0.15902432843437708,-0.0469694579970934
22_music,music,bytedance,FN,25,,49,3.474978384350109,3.891981691335796,3.8949723563341174,,,,,
22_music,music,bytedance,TP,26,31,56,3.474978384350109,3.890975862300486,4.096969648731957,3.4764904975891113,4.019999980926514,0.001512113239002133,0.12902411862602747,-0.07696966780544301
22_music,music,bytedance,TP,27,33,44,3.891981691335796,4.089982489700004,4.282980964995271,3.8686506748199463,4.050000190734863,-0.02333101651584979,-0.03998229896514083,-0.2329807742604073
22_music,music,bytedance,TP,28,32,49,3.8949723563341174,4.094971401715141,4.094971401715141,3.8684117794036865,4.050000190734863,-0.0265605769304309,-0.04497121098027801,-0.04497121098027801
22_music,music,bytedance,TP,29,37,49,4.094971401715141,4.31497973937193,4.31497973937193,4.063360214233398,4.260000228881836,-0.03161118748174285,-0.054979510490094086,-0.054979510490094086
22_music,music,bytedance,TP,30,36,53,4.096969648731957,4.31497973937193,4.31497973937193,4.062126159667969,4.225139141082764,-0.03484348906398793,-0.08984059828916635,-0.08984059828916635
22_music,music,bytedance,FN,31,,56,4.096969648731957,4.3159721573534355,4.3159721573534355,,,,,
22_music,music,bytedance,TP,32,39,44,4.3159721573534355,4.730977217322306,5.147980524307992,4.294841289520264,4.710000038146973,-0.021130867833171862,-0.020977179175333482,-0.4379804861610195
22_music,music,bytedance,TP,33,38,49,4.318976233405561,4.731969635303812,4.733967882320627,4.286348819732666,4.650000095367432,-0.03262741367289479,-0.08196953993638001,-0.0839677869531954
22_music,music,bytedance,FN,34,,49,4.733967882320627,5.143970619220557,5.148972942289498,,,,,
22_music,music,bytedance,TP,35,41,53,4.734973711355937,5.144976448255867,5.349964405652027,4.71337366104126,5.289999961853027,-0.021600050314677155,0.14502351359716048,-0.059964443798999234
22_music,music,bytedance,TP,36,44,61,4.734973711355937,5.144976448255867,5.347966158635211,4.728024482727051,5.119999885559082,-0.006949228628886139,-0.024976562696784832,-0.22796627307612916
22_music,music,bytedance,TP,37,45,44,5.147980524307992,5.346973740653706,5.384967256080811,5.122763156890869,5.309999942779541,-0.025217367417122993,-0.03697379787416466,-0.07496731330127027
22_music,music,bytedance,TP,38,46,49,5.148972942289498,5.347966158635211,5.3509702346873365,5.123116493225098,5.309999942779541,-0.02585644906439999,-0.03796621585567017,-0.04097029190779544
22_music,music,bytedance,FN,39,,61,5.347966158635211,5.560973926206242,5.560973926206242,,,,,
22_music,music,bytedance,TP,40,49,53,5.349964405652027,5.563978002258367,5.563978002258367,5.3023223876953125,5.570000171661377,-0.04764201795671408,0.006022169403009592,0.006022169403009592
22_music,music,bytedance,TP,41,50,49,5.3509702346873365,5.563978002258367,5.563978002258367,5.317527770996094,5.378605365753174,-0.03344246369124271,-0.18537263650519353,-0.18537263650519353
22_music,music,bytedance,TP,42,54,44,5.564970420239873,5.997973114413889,6.410979927365943,5.556825160980225,6.389999866485596,-0.008145259259648263,0.3920267520717067,-0.02098006088034765
22_music,music,bytedance,TP,43,53,49,5.564970420239873,5.998978943449199,5.998978943449199,5.544188022613525,5.920000076293945,-0.020782397626347482,-0.0789788671552536,-0.0789788671552536
22_music,music,bytedance,FN,44,,49,5.998978943449199,6.407975851313818,6.414976421399575,,,,,
22_music,music,bytedance,TP,45,57,51,6.001983019501324,6.410979927365943,6.620970207831046,6.051248073577881,6.579999923706055,0.04926505407655668,0.16901999634011133,-0.04097028412499171
22_music,music,bytedance,TP,46,56,54,6.001983019501324,6.408981680349128,6.621976036866356,5.985189437866211,6.539999961853027,-0.01679358163511324,0.13101828150389938,-0.08197607501332893
22_music,music,bytedance,TP,47,59,44,6.410979927365943,6.616973713797415,6.785966402783285,6.396113395690918,6.809999942779541,-0.014866531675025385,0.1930262289821263,0.024033539996255904
22_music,music,bytedance,TP,48,58,49,6.414976421399575,6.617979542832725,6.621976036866356,6.377187252044678,6.590000152587891,-0.03778916935489729,-0.02797939024483398,-0.03197588427846565
22_music,music,bytedance,TP,49,61,51,6.620970207831046,6.823973329264196,6.823973329264196,6.591672897338867,6.880000114440918,-0.029297310492179207,0.056026785176721994,0.056026785176721994
22_music,music,bytedance,TP,50,62,49,6.621976036866356,6.827969823297828,6.827969823297828,6.602557182312012,6.789999961853027,-0.019418854554344556,-0.0379698614448003,-0.0379698614448003
22_music,music,bytedance,FN,51,,54,6.621976036866356,6.828962241279333,6.828962241279333,,,,,
22_music,music,bytedance,TP,52,64,44,6.8309604882961485,7.251960289315466,7.667957767265842,6.821005821228027,7.619999885559082,-0.009954667068121203,0.3680395962436158,-0.0479578817067603
22_music,music,bytedance,TP,53,63,49,6.8309604882961485,7.251960289315466,7.2549643653675915,6.802611351013184,7.170000076293945,-0.028349137282964953,-0.0819602130215209,-0.08496428907364617
22_music,music,bytedance,TP,54,67,61,7.251960289315466,7.6639612732322115,7.870960888698991,7.255527973175049,7.800000190734863,0.0035676838595826155,0.13603891750265173,-0.07096069796412774
22_music,music,bytedance,TP,55,66,54,7.253958536332282,7.664967102267521,7.868962641682176,7.219377040863037,7.78000020980835,-0.034581495469244494,0.11503310754082818,-0.08896243187382602
22_music,music,bytedance,FN,56,,49,7.2549643653675915,7.666965349284337,7.667957767265842,,,,,
22_music,music,bytedance,TP,57,68,51,7.2549643653675915,7.664967102267521,7.870960888698991,7.275826454162598,7.820000171661377,0.020862088795006173,0.15503306939385553,-0.05096071703761407
22_music,music,bytedance,TP,58,70,44,7.667957767265842,7.867956812646866,7.937949102450632,7.628895282745361,8.069999694824219,-0.039062484520481,0.202042882177353,0.13205059237358707
22_music,music,bytedance,TP,59,69,49,7.667957767265842,7.867956812646866,7.870960888698991,7.628881454467773,7.829999923706055,-0.03907631279806889,-0.03795688894081106,-0.04096096499293633
22_music,music,bytedance,FN,60,,54,7.868962641682176,8.080964580217898,8.080964580217898,,,,,
22_music,music,bytedance,TP,61,74,49,7.870960888698991,8.08395524521622,8.08395524521622,7.840096473693848,7.918356418609619,-0.030864415005143364,-0.16559882660660108,-0.16559882660660108
22_music,music,bytedance,TP,62,73,51,7.870960888698991,8.081956998199404,8.081956998199404,7.833953380584717,8.109999656677246,-0.037007508114274223,0.028042658477842153,0.028042658477842153
22_music,music,bytedance,FN,63,,61,7.870960888698991,8.081956998199404,8.081956998199404,,,,,
22_music,music,bytedance,TP,64,76,44,8.08395524521622,8.528960832544936,8.977962913907284,8.075176239013672,8.960000038146973,-0.008779006202548345,0.4310392056020369,-0.017962875760311192
22_music,music,bytedance,TP,65,75,49,8.084961074251531,8.528960832544936,8.532957326578568,8.071564674377441,8.460000038146973,-0.013396399874089582,-0.0689607943979631,-0.07295728843159566
22_music,music,bytedance,TP,66,78,53,8.529966661580247,8.976957084871973,9.428963242286446,8.518518447875977,9.399999618530273,-0.01144821370426996,0.42304253365830036,-0.028963623756173007
22_music,music,bytedance,TP,67,80,61,8.529966661580247,8.975964666890468,9.431953907284768,8.526665687561035,9.430000305175781,-0.003300974019211367,0.4540356382853137,-0.001953602108986985
22_music,music,bytedance,FN,68,,49,8.532957326578568,8.976957084871973,8.9799611609241,,,,,
22_music,music,bytedance,TP,69,82,44,8.977962913907284,9.427957413251136,9.889954805749689,8.966732025146484,9.430000305175781,-0.011230888760799473,0.0020428919246455735,-0.4599545005739074
22_music,music,bytedance,FN,70,,49,8.9799611609241,9.428963242286446,9.432959736320079,,,,,
22_music,music,bytedance,TP,71,84,53,9.428963242286446,9.886950729697562,10.342953381145668,9.405740737915039,9.829999923706055,-0.023222504371407382,-0.056950805991506925,-0.5129534574396128
22_music,music,bytedance,TP,72,87,61,9.431953907284768,9.886950729697562,10.341947552110357,9.44438648223877,9.84000015258789,0.012432574954001296,-0.04695057710967099,-0.5019473995224661
22_music,music,bytedance,FN,73,,49,9.432959736320079,9.887956558732872,9.890947223731194,,,,,
22_music,music,bytedance,TP,74,91,44,9.889954805749689,10.337951058076724,10.807941438642539,9.864489555358887,10.789999961853027,-0.02546525039080194,0.45204890377630313,-0.017941476789511412
22_music,music,bytedance,FN,75,,49,9.890947223731194,10.338956887112035,10.342953381145668,,,,,
22_music,music,bytedance,FP,,2,49,,,,0.9002353549003601,1.3300000429153442,,,
22_music,music,bytedance,FP,,7,56,,,,1.3677126169204712,1.3799999952316284,,,
22_music,music,bytedance,FP,,8,54,,,,1.4994709491729736,1.7852932214736938,,,
22_music,music,bytedance,FP,,10,61,,,,1.5572959184646606,1.771166205406189,,,
22_music,music,bytedance,FP,,12,49,,,,1.7424943447113037,2.1500000953674316,,,
22_music,music,bytedance,FP,,14,49,,,,2.157114267349243,2.5799999237060547,,,
22_music,music,bytedance,FP,,15,54,,,,2.1577584743499756,2.75,,,
22_music,music,bytedance,FP,,19,61,,,,2.5971450805664062,2.7699999809265137,,,
22_music,music,bytedance,FP,,20,56,,,,2.6156389713287354,2.630000114440918,,,
22_music,music,bytedance,FP,,22,54,,,,2.7552216053009033,3.0367980003356934,,,
22_music,music,bytedance,FP,,27,56,,,,3.041050910949707,3.4700000286102295,,,
22_music,music,bytedance,FP,,29,49,,,,3.4173381328582764,3.859999895095825,,,
22_music,music,bytedance,FP,,34,56,,,,4.025010108947754,4.225496768951416,,,
22_music,music,bytedance,FP,,35,44,,,,4.06157922744751,4.224548816680908,,,
22_music,music,bytedance,FP,,40,49,,,,4.664820671081543,5.110000133514404,,,
22_music,music,bytedance,FP,,42,44,,,,4.715813159942627,5.110000133514404,,,
22_music,music,bytedance,FP,,43,73,,,,4.726606369018555,5.389999866485596,,,
22_music,music,bytedance,FP,,47,61,,,,5.1275858879089355,5.269999980926514,,,
22_music,music,bytedance,FP,,48,61,,,,5.284287929534912,5.3568315505981445,,,
22_music,music,bytedance,FP,,51,44,,,,5.322235584259033,5.367055892944336,,,
22_music,music,bytedance,FP,,52,56,,,,5.540246963500977,5.550000190734863,,,
22_music,music,bytedance,FP,,55,49,,,,5.933936595916748,6.369999885559082,,,
22_music,music,bytedance,FP,,60,54,,,,6.546087741851807,6.733420372009277,,,
22_music,music,bytedance,FP,,65,49,,,,7.1844072341918945,7.619999885559082,,,
22_music,music,bytedance,FP,,71,54,,,,7.7904133796691895,8.09000015258789,,,
22_music,music,bytedance,FP,,72,61,,,,7.813401699066162,7.912504196166992,,,
22_music,music,bytedance,FP,,77,49,,,,8.473104476928711,8.899999618530273,,,
22_music,music,bytedance,FP,,79,73,,,,8.52459716796875,9.430000305175781,,,
22_music,music,bytedance,FP,,81,49,,,,8.913331031799316,9.359999656677246,,,
22_music,music,bytedance,FP,,83,49,,,,9.365143775939941,9.819999694824219,,,
22_music,music,bytedance,FP,,85,44,,,,9.435338973999023,9.850000381469727,,,
22_music,music,bytedance,FP,,86,73,,,,9.438533782958984,10.84000015258789,,,
22_music,music,bytedance,FP,,88,49,,,,9.826654434204102,10.260000228881836,,,
22_music,music,bytedance,FP,,89,53,,,,9.838515281677246,10.3100004196167,,,
22_music,music,bytedance,FP,,90,61,,,,9.854881286621094,10.3100004196167,,,
22_music,music,bytedance_B_offline,TP,0,1,44,0.5199867891476181,0.950991236304819,1.3679945432905058,0.5568907260894775,1.350000023841858,0.03690393694185945,0.39900878753703894,-0.01799451944864794
22_music,music,bytedance_B_offline,TP,1,0,49,0.5239832831812495,0.9549877303384504,0.957991806390576,0.5178998112678528,0.8899999856948853,-0.006083471913396754,-0.06498774464356516,-0.06799182069569076
22_music,music,bytedance_B_offline,TP,2,3,54,0.9549877303384504,1.3639980492568744,1.5789906527909179,0.9111367464065552,1.4900000095367432,-0.04385098393189524,0.12600196027986876,-0.08899064325417472
22_music,music,bytedance_B_offline,TP,3,4,58,0.9559935593737603,1.3639980492568744,1.5789906527909179,0.9873978495597839,1.5499999523162842,0.03140429018602364,0.18600190305940978,-0.0289907004746337
22_music,music,bytedance_B_offline,FN,4,,49,0.957991806390576,1.3649904672383801,1.3679945432905058,,,,,
22_music,music,bytedance_B_offline,TP,5,6,44,1.3679945432905058,1.5709842536698508,1.7919850093081455,1.3637607097625732,1.7766983804106713,-0.004233833527932607,0.20571412674082046,-0.01528662889747423
22_music,music,bytedance_B_offline,TP,6,5,49,1.3679945432905058,1.5739883297219766,1.577984823755608,1.3424046039581299,1.5399999618530273,-0.025589939332375966,-0.03398836786894921,-0.03798486190258066
22_music,music,bytedance_B_offline,TP,7,9,49,1.577984823755608,1.7869960972930083,1.7939832563249611,1.553269624710083,1.7300000190734863,-0.024715199045524994,-0.05699607821952202,-0.06398323725147481
22_music,music,bytedance_B_offline,FN,8,,54,1.5789906527909179,1.787988515274514,1.794989085360271,,,,,
22_music,music,bytedance_B_offline,TP,9,11,58,1.5789906527909179,1.7909925913266398,1.794989085360271,1.564231514930725,1.7851694822311401,-0.014759137860192784,-0.005823109095499657,-0.009819603129130883
22_music,music,bytedance_B_offline,TP,10,13,44,1.7919850093081455,2.2079958983123262,2.6239933762627032,1.8351235389709473,2.619999885559082,0.04313852966280174,0.4120039872467558,-0.003993490703621205
22_music,music,bytedance_B_offline,FN,11,,49,1.7939832563249611,2.208988316293832,2.210986563310648,,,,,
22_music,music,bytedance_B_offline,FN,12,,54,2.208988316293832,2.6169928061769463,2.83097958067568,,,,,
22_music,music,bytedance_B_offline,TP,13,16,61,2.209994145329142,2.6209893002105775,2.829987162694174,2.2147557735443115,2.5899999141693115,0.0047616282151694556,-0.030989386041266,-0.23998724852486264
22_music,music,bytedance_B_offline,FN,14,,49,2.210986563310648,2.6219951292458874,2.6239933762627032,,,,,
22_music,music,bytedance_B_offline,TP,15,17,58,2.210986563310648,2.6209893002105775,2.83097958067568,2.23641300201416,2.7799999713897705,0.025426438703512133,0.15901067117919299,-0.05097960928590961
22_music,music,bytedance_B_offline,TP,16,21,44,2.6239933762627032,2.8269830866420484,2.8619859370708336,2.625939130783081,2.873044729232788,0.0019457545203778182,0.04606164259073964,0.01105879216195449
22_music,music,bytedance_B_offline,TP,17,18,49,2.6239933762627032,2.8279889156773583,2.83097958067568,2.5930685997009277,2.7899999618530273,-0.030924776561775502,-0.037988953824330984,-0.040979618822652775
22_music,music,bytedance_B_offline,TP,18,23,61,2.829987162694174,3.040983272194586,3.040983272194586,2.783116340637207,2.8743759658932686,-0.04687082205696713,-0.1666073063013176,-0.1666073063013176
22_music,music,bytedance_B_offline,TP,19,25,49,2.83097958067568,3.044993177282022,3.044993177282022,2.795055627822876,2.875612735748291,-0.03592395285280414,-0.16938044153373077,-0.16938044153373077
22_music,music,bytedance_B_offline,FN,20,,54,2.83097958067568,3.044993177282022,3.044993177282022,,,,,
22_music,music,bytedance_B_offline,TP,21,24,58,2.83097958067568,3.044993177282022,3.044993177282022,2.786203384399414,2.8733106982707977,-0.044776196276266056,-0.17168247901122413,-0.17168247901122413
22_music,music,bytedance_B_offline,TP,22,28,44,3.0469914242988376,3.4709818903164775,3.891981691335796,3.0643959045410156,3.859999895095825,0.017404480242178,0.38901800477934767,-0.03198179623997088
22_music,music,bytedance_B_offline,TP,23,26,49,3.0479838422803436,3.4719877193517874,3.474978384350109,3.034008741378784,3.4100000858306885,-0.0139751009015594,-0.06198763352109893,-0.06497829851942072
22_music,music,bytedance_B_offline,TP,24,30,53,3.4739859663686032,3.890975862300486,4.096969648731957,3.4738571643829346,4.050000190734863,-0.00012880198566866952,0.15902432843437708,-0.0469694579970934
22_music,music,bytedance_B_offline,FN,25,,49,3.474978384350109,3.891981691335796,3.8949723563341174,,,,,
22_music,music,bytedance_B_offline,TP,26,31,56,3.474978384350109,3.890975862300486,4.096969648731957,3.4764904975891113,4.019999980926514,0.001512113239002133,0.12902411862602747,-0.07696966780544301
22_music,music,bytedance_B_offline,TP,27,33,44,3.891981691335796,4.089982489700004,4.282980964995271,3.8686506748199463,4.050000190734863,-0.02333101651584979,-0.03998229896514083,-0.2329807742604073
22_music,music,bytedance_B_offline,TP,28,32,49,3.8949723563341174,4.094971401715141,4.094971401715141,3.8684117794036865,4.050000190734863,-0.0265605769304309,-0.04497121098027801,-0.04497121098027801
22_music,music,bytedance_B_offline,TP,29,37,49,4.094971401715141,4.31497973937193,4.31497973937193,4.063360214233398,4.260000228881836,-0.03161118748174285,-0.054979510490094086,-0.054979510490094086
22_music,music,bytedance_B_offline,TP,30,36,53,4.096969648731957,4.31497973937193,4.31497973937193,4.062126159667969,4.225139141082764,-0.03484348906398793,-0.08984059828916635,-0.08984059828916635
22_music,music,bytedance_B_offline,FN,31,,56,4.096969648731957,4.3159721573534355,4.3159721573534355,,,,,
22_music,music,bytedance_B_offline,TP,32,39,44,4.3159721573534355,4.730977217322306,5.147980524307992,4.294841289520264,4.710000038146973,-0.021130867833171862,-0.020977179175333482,-0.4379804861610195
22_music,music,bytedance_B_offline,TP,33,38,49,4.318976233405561,4.731969635303812,4.733967882320627,4.286348819732666,4.650000095367432,-0.03262741367289479,-0.08196953993638001,-0.0839677869531954
22_music,music,bytedance_B_offline,FN,34,,49,4.733967882320627,5.143970619220557,5.148972942289498,,,,,
22_music,music,bytedance_B_offline,TP,35,41,53,4.734973711355937,5.144976448255867,5.349964405652027,4.71337366104126,5.289999961853027,-0.021600050314677155,0.14502351359716048,-0.059964443798999234
22_music,music,bytedance_B_offline,TP,36,44,61,4.734973711355937,5.144976448255867,5.347966158635211,4.728024482727051,5.119999885559082,-0.006949228628886139,-0.024976562696784832,-0.22796627307612916
22_music,music,bytedance_B_offline,TP,37,45,44,5.147980524307992,5.346973740653706,5.384967256080811,5.122763156890869,5.309999942779541,-0.025217367417122993,-0.03697379787416466,-0.07496731330127027
22_music,music,bytedance_B_offline,TP,38,46,49,5.148972942289498,5.347966158635211,5.3509702346873365,5.123116493225098,5.309999942779541,-0.02585644906439999,-0.03796621585567017,-0.04097029190779544
22_music,music,bytedance_B_offline,FN,39,,61,5.347966158635211,5.560973926206242,5.560973926206242,,,,,
22_music,music,bytedance_B_offline,TP,40,49,53,5.349964405652027,5.563978002258367,5.563978002258367,5.3023223876953125,5.570000171661377,-0.04764201795671408,0.006022169403009592,0.006022169403009592
22_music,music,bytedance_B_offline,TP,41,50,49,5.3509702346873365,5.563978002258367,5.563978002258367,5.317527770996094,5.378605365753174,-0.03344246369124271,-0.18537263650519353,-0.18537263650519353
22_music,music,bytedance_B_offline,TP,42,54,44,5.564970420239873,5.997973114413889,6.410979927365943,5.556825160980225,6.389999866485596,-0.008145259259648263,0.3920267520717067,-0.02098006088034765
22_music,music,bytedance_B_offline,TP,43,53,49,5.564970420239873,5.998978943449199,5.998978943449199,5.544188022613525,5.920000076293945,-0.020782397626347482,-0.0789788671552536,-0.0789788671552536
22_music,music,bytedance_B_offline,FN,44,,49,5.998978943449199,6.407975851313818,6.414976421399575,,,,,
22_music,music,bytedance_B_offline,TP,45,57,51,6.001983019501324,6.410979927365943,6.620970207831046,6.051248073577881,6.579999923706055,0.04926505407655668,0.16901999634011133,-0.04097028412499171
22_music,music,bytedance_B_offline,TP,46,56,54,6.001983019501324,6.408981680349128,6.621976036866356,5.985189437866211,6.539999961853027,-0.01679358163511324,0.13101828150389938,-0.08197607501332893
22_music,music,bytedance_B_offline,TP,47,59,44,6.410979927365943,6.616973713797415,6.785966402783285,6.396113395690918,6.733120576143265,-0.014866531675025385,0.11614686234585037,-0.05284582664002002
22_music,music,bytedance_B_offline,TP,48,58,49,6.414976421399575,6.617979542832725,6.621976036866356,6.377187252044678,6.590000152587891,-0.03778916935489729,-0.02797939024483398,-0.03197588427846565
22_music,music,bytedance_B_offline,TP,49,61,51,6.620970207831046,6.823973329264196,6.823973329264196,6.591672897338867,6.7313126462697985,-0.029297310492179207,-0.09266068299439745,-0.09266068299439745
22_music,music,bytedance_B_offline,TP,50,62,49,6.621976036866356,6.827969823297828,6.827969823297828,6.602557182312012,6.728001738041639,-0.019418854554344556,-0.09996808525618839,-0.09996808525618839
22_music,music,bytedance_B_offline,FN,51,,54,6.621976036866356,6.828962241279333,6.828962241279333,,,,,
22_music,music,bytedance_B_offline,TP,52,64,44,6.8309604882961485,7.251960289315466,7.667957767265842,6.821005821228027,7.619999885559082,-0.009954667068121203,0.3680395962436158,-0.0479578817067603
22_music,music,bytedance_B_offline,TP,53,63,49,6.8309604882961485,7.251960289315466,7.2549643653675915,6.802611351013184,7.170000076293945,-0.028349137282964953,-0.0819602130215209,-0.08496428907364617
22_music,music,bytedance_B_offline,TP,54,67,61,7.251960289315466,7.6639612732322115,7.870960888698991,7.255527973175049,7.800000190734863,0.0035676838595826155,0.13603891750265173,-0.07096069796412774
22_music,music,bytedance_B_offline,TP,55,66,54,7.253958536332282,7.664967102267521,7.868962641682176,7.219377040863037,7.78000020980835,-0.034581495469244494,0.11503310754082818,-0.08896243187382602
22_music,music,bytedance_B_offline,FN,56,,49,7.2549643653675915,7.666965349284337,7.667957767265842,,,,,
22_music,music,bytedance_B_offline,TP,57,68,51,7.2549643653675915,7.664967102267521,7.870960888698991,7.275826454162598,7.820000171661377,0.020862088795006173,0.15503306939385553,-0.05096071703761407
22_music,music,bytedance_B_offline,TP,58,70,44,7.667957767265842,7.867956812646866,7.937949102450632,7.628895282745361,8.069999694824219,-0.039062484520481,0.202042882177353,0.13205059237358707
22_music,music,bytedance_B_offline,TP,59,69,49,7.667957767265842,7.867956812646866,7.870960888698991,7.628881454467773,7.829999923706055,-0.03907631279806889,-0.03795688894081106,-0.04096096499293633
22_music,music,bytedance_B_offline,FN,60,,54,7.868962641682176,8.080964580217898,8.080964580217898,,,,,
22_music,music,bytedance_B_offline,TP,61,74,49,7.870960888698991,8.08395524521622,8.08395524521622,7.840096473693848,7.918356418609619,-0.030864415005143364,-0.16559882660660108,-0.16559882660660108
22_music,music,bytedance_B_offline,TP,62,73,51,7.870960888698991,8.081956998199404,8.081956998199404,7.833953380584717,8.085167543888092,-0.037007508114274223,0.003210545688688171,0.003210545688688171
22_music,music,bytedance_B_offline,FN,63,,61,7.870960888698991,8.081956998199404,8.081956998199404,,,,,
22_music,music,bytedance_B_offline,TP,64,76,44,8.08395524521622,8.528960832544936,8.977962913907284,8.075176239013672,8.960000038146973,-0.008779006202548345,0.4310392056020369,-0.017962875760311192
22_music,music,bytedance_B_offline,TP,65,75,49,8.084961074251531,8.528960832544936,8.532957326578568,8.071564674377441,8.235541538894177,-0.013396399874089582,-0.2934192936507589,-0.2974157876843915
22_music,music,bytedance_B_offline,TP,66,78,53,8.529966661580247,8.976957084871973,9.428963242286446,8.518518447875977,9.399999618530273,-0.01144821370426996,0.42304253365830036,-0.028963623756173007
22_music,music,bytedance_B_offline,TP,67,80,61,8.529966661580247,8.975964666890468,9.431953907284768,8.526665687561035,9.430000305175781,-0.003300974019211367,0.4540356382853137,-0.001953602108986985
22_music,music,bytedance_B_offline,FN,68,,49,8.532957326578568,8.976957084871973,8.9799611609241,,,,,
22_music,music,bytedance_B_offline,TP,69,82,44,8.977962913907284,9.427957413251136,9.889954805749689,8.966732025146484,9.430000305175781,-0.011230888760799473,0.0020428919246455735,-0.4599545005739074
22_music,music,bytedance_B_offline,FN,70,,49,8.9799611609241,9.428963242286446,9.432959736320079,,,,,
22_music,music,bytedance_B_offline,TP,71,84,53,9.428963242286446,9.886950729697562,10.342953381145668,9.405740737915039,9.829999923706055,-0.023222504371407382,-0.056950805991506925,-0.5129534574396128
22_music,music,bytedance_B_offline,TP,72,87,61,9.431953907284768,9.886950729697562,10.341947552110357,9.44438648223877,9.84000015258789,0.012432574954001296,-0.04695057710967099,-0.5019473995224661
22_music,music,bytedance_B_offline,FN,73,,49,9.432959736320079,9.887956558732872,9.890947223731194,,,,,
22_music,music,bytedance_B_offline,TP,74,91,44,9.889954805749689,10.337951058076724,10.807941438642539,9.864489555358887,10.789999961853027,-0.02546525039080194,0.45204890377630313,-0.017941476789511412
22_music,music,bytedance_B_offline,FN,75,,49,9.890947223731194,10.338956887112035,10.342953381145668,,,,,
22_music,music,bytedance_B_offline,FP,,2,49,,,,0.9002353549003601,1.3300000429153442,,,
22_music,music,bytedance_B_offline,FP,,7,56,,,,1.3677126169204712,1.3799999952316284,,,
22_music,music,bytedance_B_offline,FP,,8,54,,,,1.4994709491729736,1.7852932214736938,,,
22_music,music,bytedance_B_offline,FP,,10,61,,,,1.5572959184646606,1.771166205406189,,,
22_music,music,bytedance_B_offline,FP,,12,49,,,,1.7424943447113037,1.7781140673160554,,,
22_music,music,bytedance_B_offline,FP,,14,49,,,,2.157114267349243,2.5799999237060547,,,
22_music,music,bytedance_B_offline,FP,,15,54,,,,2.1577584743499756,2.75,,,
22_music,music,bytedance_B_offline,FP,,19,61,,,,2.5971450805664062,2.7699999809265137,,,
22_music,music,bytedance_B_offline,FP,,20,56,,,,2.6156389713287354,2.630000114440918,,,
22_music,music,bytedance_B_offline,FP,,22,54,,,,2.7552216053009033,2.866799393594265,,,
22_music,music,bytedance_B_offline,FP,,27,56,,,,3.041050910949707,3.4700000286102295,,,
22_music,music,bytedance_B_offline,FP,,29,49,,,,3.4173381328582764,3.859999895095825,,,
22_music,music,bytedance_B_offline,FP,,34,56,,,,4.025010108947754,4.225496768951416,,,
22_music,music,bytedance_B_offline,FP,,35,44,,,,4.06157922744751,4.224548816680908,,,
22_music,music,bytedance_B_offline,FP,,40,49,,,,4.664820671081543,5.110000133514404,,,
22_music,music,bytedance_B_offline,FP,,42,44,,,,4.715813159942627,5.110000133514404,,,
22_music,music,bytedance_B_offline,FP,,43,73,,,,4.726606369018555,5.389999866485596,,,
22_music,music,bytedance_B_offline,FP,,47,61,,,,5.1275858879089355,5.269999980926514,,,
22_music,music,bytedance_B_offline,FP,,48,61,,,,5.284287929534912,5.3568315505981445,,,
22_music,music,bytedance_B_offline,FP,,51,44,,,,5.322235584259033,5.367055892944336,,,
22_music,music,bytedance_B_offline,FP,,52,56,,,,5.540246963500977,5.550000190734863,,,
22_music,music,bytedance_B_offline,FP,,55,49,,,,5.933936595916748,6.369999885559082,,,
22_music,music,bytedance_B_offline,FP,,60,54,,,,6.546087741851807,6.733420372009277,,,
22_music,music,bytedance_B_offline,FP,,65,49,,,,7.1844072341918945,7.619999885559082,,,
22_music,music,bytedance_B_offline,FP,,71,54,,,,7.7904133796691895,8.076337483525275,,,
22_music,music,bytedance_B_offline,FP,,72,61,,,,7.813401699066162,7.912504196166992,,,
22_music,music,bytedance_B_offline,FP,,77,49,,,,8.473104476928711,8.899999618530273,,,
22_music,music,bytedance_B_offline,FP,,79,73,,,,8.52459716796875,9.430000305175781,,,
22_music,music,bytedance_B_offline,FP,,81,49,,,,8.913331031799316,9.359999656677246,,,
22_music,music,bytedance_B_offline,FP,,83,49,,,,9.365143775939941,9.819999694824219,,,
22_music,music,bytedance_B_offline,FP,,85,44,,,,9.435338973999023,9.850000381469727,,,
22_music,music,bytedance_B_offline,FP,,86,73,,,,9.438533782958984,10.84000015258789,,,
22_music,music,bytedance_B_offline,FP,,88,49,,,,9.826654434204102,10.260000228881836,,,
22_music,music,bytedance_B_offline,FP,,89,53,,,,9.838515281677246,10.3100004196167,,,
22_music,music,bytedance_B_offline,FP,,90,61,,,,9.854881286621094,10.3100004196167,,,
22_music,music,basic_pitch,TP,0,1,44,0.5199867891476181,0.950991236304819,1.3679945432905058,0.5456689342403628,1.3467573696145125,0.02568214509274469,0.39576613330969357,-0.021237173675993315
22_music,music,basic_pitch,TP,1,0,49,0.5239832831812495,0.9549877303384504,0.957991806390576,0.5108390022675737,1.3467573696145125,-0.01314428091367581,0.3917696392760621,0.3887655632239365
22_music,music,basic_pitch,TP,2,2,54,0.9549877303384504,1.3639980492568744,1.5789906527909179,0.9171882086167801,1.497687074829932,-0.03779952172167034,0.13368902557305762,-0.08130357796098586
22_music,music,basic_pitch,TP,3,3,58,0.9559935593737603,1.3639980492568744,1.5789906527909179,0.9868480725623583,1.799546485260771,0.030854513188598,0.4355484360038966,0.2205558324698531
22_music,music,basic_pitch,FN,4,,49,0.957991806390576,1.3649904672383801,1.3679945432905058,,,,,
22_music,music,basic_pitch,TP,5,4,44,1.3679945432905058,1.5709842536698508,1.7919850093081455,1.3467573696145125,2.1375197278911564,-0.021237173675993315,0.5665354742213056,0.3455347185830109
22_music,music,basic_pitch,TP,6,5,49,1.3679945432905058,1.5739883297219766,1.577984823755608,1.3467573696145125,1.555736961451247,-0.021237173675993315,-0.018251368270729484,-0.022247862304360932
22_music,music,basic_pitch,TP,7,7,49,1.577984823755608,1.7869960972930083,1.7939832563249611,1.555736961451247,1.7647165532879818,-0.022247862304360932,-0.02227954400502652,-0.029266703036979314
22_music,music,basic_pitch,FN,8,,54,1.5789906527909179,1.787988515274514,1.794989085360271,,,,,
22_music,music,basic_pitch,FN,9,,58,1.5789906527909179,1.7909925913266398,1.794989085360271,,,,,
22_music,music,basic_pitch,FN,10,,44,1.7919850093081455,2.2079958983123262,2.6239933762627032,,,,,
22_music,music,basic_pitch,TP,11,8,49,1.7939832563249611,2.208988316293832,2.210986563310648,1.7647165532879818,2.1607396825396825,-0.029266703036979314,-0.04824863375414967,-0.05024688077096551
22_music,music,basic_pitch,TP,12,10,54,2.208988316293832,2.6169928061769463,2.83097958067568,2.1607396825396825,2.7528485260770976,-0.04824863375414967,0.13585571990015133,-0.0781310545985825
22_music,music,basic_pitch,FN,13,,61,2.209994145329142,2.6209893002105775,2.829987162694174,,,,,
22_music,music,basic_pitch,FN,14,,49,2.210986563310648,2.6219951292458874,2.6239933762627032,,,,,
22_music,music,basic_pitch,TP,15,11,58,2.210986563310648,2.6209893002105775,2.83097958067568,2.253619501133787,2.7876784580498866,0.04263293782313893,0.16668915783930904,-0.04330112262579355
22_music,music,basic_pitch,TP,16,13,44,2.6239933762627032,2.8269830866420484,2.8619859370708336,2.590308843537415,2.7876784580498866,-0.033684532725288374,-0.03930462859216188,-0.07430747902094703
22_music,music,basic_pitch,TP,17,14,49,2.6239933762627032,2.8279889156773583,2.83097958067568,2.6019188208616777,2.7876784580498866,-0.022074555401025542,-0.04031045762747176,-0.04330112262579355
22_music,music,basic_pitch,FN,18,,61,2.829987162694174,3.040983272194586,3.040983272194586,,,,,
22_music,music,basic_pitch,TP,19,16,49,2.83097958067568,3.044993177282022,3.044993177282022,2.7876784580498866,3.0314879818594105,-0.04330112262579355,-0.013505195422611305,-0.013505195422611305
22_music,music,basic_pitch,FN,20,,54,2.83097958067568,3.044993177282022,3.044993177282022,,,,,
22_music,music,basic_pitch,TP,21,17,58,2.83097958067568,3.044993177282022,3.044993177282022,2.7992884353741494,3.0430979591836733,-0.03169114530153072,-0.0018952180983484723,-0.0018952180983484723
22_music,music,basic_pitch,TP,22,19,44,3.0469914242988376,3.4709818903164775,3.891981691335796,3.0430979591836733,3.890626303854875,-0.0038934651151643074,0.41964441353839765,-0.0013553874809208999
22_music,music,basic_pitch,TP,23,18,49,3.0479838422803436,3.4719877193517874,3.474978384350109,3.0314879818594105,3.4262272108843534,-0.016495860420933095,-0.04576050846743396,-0.04875117346575575
22_music,music,basic_pitch,TP,24,21,53,3.4739859663686032,3.890975862300486,4.096969648731957,3.484277097505669,4.275039455782313,0.010291131137065701,0.3840635934818266,0.17806980705035613
22_music,music,basic_pitch,TP,25,20,49,3.474978384350109,3.891981691335796,3.8949723563341174,3.4262272108843534,3.8790163265306123,-0.04875117346575575,-0.012965364805183732,-0.01595602980350508
22_music,music,basic_pitch,TP,26,22,56,3.474978384350109,3.890975862300486,4.096969648731957,3.4958870748299318,3.867406349206349,0.020908690479822578,-0.02356951309413713,-0.2295632995256076
22_music,music,basic_pitch,TP,27,24,44,3.891981691335796,4.089982489700004,4.282980964995271,3.890626303854875,4.2982594104308385,-0.0013553874809208999,0.20827692073083437,0.015278445435567889
22_music,music,basic_pitch,TP,28,23,49,3.8949723563341174,4.094971401715141,4.094971401715141,3.8790163265306123,4.669778684807256,-0.01595602980350508,0.5748072830921149,0.5748072830921149
22_music,music,basic_pitch,FN,29,,49,4.094971401715141,4.31497973937193,4.31497973937193,,,,,
22_music,music,basic_pitch,FN,30,,53,4.096969648731957,4.31497973937193,4.31497973937193,,,,,
22_music,music,basic_pitch,FN,31,,56,4.096969648731957,4.3159721573534355,4.3159721573534355,,,,,
22_music,music,basic_pitch,TP,32,26,44,4.3159721573534355,4.730977217322306,5.147980524307992,4.2982594104308385,5.122567800453514,-0.017712746922597056,0.3915905831312081,-0.025412723854477903
22_music,music,basic_pitch,FN,33,,49,4.318976233405561,4.731969635303812,4.733967882320627,,,,,
22_music,music,basic_pitch,FN,34,,49,4.733967882320627,5.143970619220557,5.148972942289498,,,,,
22_music,music,basic_pitch,TP,35,28,53,4.734973711355937,5.144976448255867,5.349964405652027,4.716218594104308,5.099347845804989,-0.018755117251628484,-0.0456286024508783,-0.250616559847038
22_music,music,basic_pitch,TP,36,29,61,4.734973711355937,5.144976448255867,5.347966158635211,4.727828571428571,5.087737868480725,-0.007145139927366095,-0.057238579775141574,-0.2602282901544859
22_music,music,basic_pitch,TP,37,30,44,5.147980524307992,5.346973740653706,5.384967256080811,5.122567800453514,5.412817233560091,-0.025412723854477903,0.06584349290638514,0.02784997747927953
22_music,music,basic_pitch,TP,38,31,49,5.148972942289498,5.347966158635211,5.3509702346873365,5.1341777777777775,5.319937414965986,-0.014795164511720138,-0.02802874366922481,-0.03103281972135008
22_music,music,basic_pitch,TP,39,33,61,5.347966158635211,5.560973926206242,5.560973926206242,5.308327437641723,5.505697052154195,-0.039638720993488086,-0.05527687405204684,-0.05527687405204684
22_music,music,basic_pitch,FN,40,,53,5.349964405652027,5.563978002258367,5.563978002258367,,,,,
22_music,music,basic_pitch,TP,41,34,49,5.3509702346873365,5.563978002258367,5.563978002258367,5.319937414965986,5.552136961451247,-0.03103281972135008,-0.011841040807120784,-0.011841040807120784
22_music,music,basic_pitch,TP,42,36,44,5.564970420239873,5.997973114413889,6.410979927365943,5.56374693877551,5.9713800453514745,-0.0012234814643630187,-0.026593069062414543,-0.43959988201446887
22_music,music,basic_pitch,TP,43,35,49,5.564970420239873,5.998978943449199,5.998978943449199,5.552136961451247,5.94687619047619,-0.012833458788626295,-0.052102752973008926,-0.052102752973008926
22_music,music,basic_pitch,FN,44,,49,5.998978943449199,6.407975851313818,6.414976421399575,,,,,
22_music,music,basic_pitch,TP,45,39,51,6.001983019501324,6.410979927365943,6.620970207831046,6.041039909297052,6.342899319727891,0.03905688979572819,-0.06808060763805202,-0.27807088810315506
22_music,music,basic_pitch,TP,46,38,54,6.001983019501324,6.408981680349128,6.621976036866356,5.982990022675737,6.540268934240363,-0.018992996825587305,0.13128725389123463,-0.08170710262599368
22_music,music,basic_pitch,TP,47,41,44,6.410979927365943,6.616973713797415,6.785966402783285,6.366119274376417,7.202037641723356,-0.04486065298952635,0.5850639279259413,0.4160712389400709
22_music,music,basic_pitch,TP,48,42,49,6.414976421399575,6.617979542832725,6.621976036866356,6.37772925170068,6.807298412698413,-0.037247169698894744,0.18931886986568802,0.18532237583205635
22_music,music,basic_pitch,TP,49,44,51,6.620970207831046,6.823973329264196,6.823973329264196,6.598318820861678,7.074327891156463,-0.022651386969368303,0.2503545618922667,0.2503545618922667
22_music,music,basic_pitch,FN,50,,49,6.621976036866356,6.827969823297828,6.827969823297828,,,,,
22_music,music,basic_pitch,FN,51,,54,6.621976036866356,6.828962241279333,6.828962241279333,,,,,
22_music,music,basic_pitch,FN,52,,44,6.8309604882961485,7.251960289315466,7.667957767265842,,,,,
22_music,music,basic_pitch,TP,53,45,49,6.8309604882961485,7.251960289315466,7.2549643653675915,6.807298412698413,7.190427664399093,-0.02366207559773592,-0.06153262491637346,-0.06453670096849873
22_music,music,basic_pitch,FN,54,,61,7.251960289315466,7.6639612732322115,7.870960888698991,,,,,
22_music,music,basic_pitch,TP,55,47,54,7.253958536332282,7.664967102267521,7.868962641682176,7.213647619047619,7.794146485260771,-0.040310917284662295,0.12917938299324927,-0.07481615642140493
22_music,music,basic_pitch,FN,56,,49,7.2549643653675915,7.666965349284337,7.667957767265842,,,,,
22_music,music,basic_pitch,TP,57,48,51,7.2549643653675915,7.664967102267521,7.870960888698991,7.271697505668935,7.619996825396825,0.01673314030134332,-0.044970276870696324,-0.2509640633021659
22_music,music,basic_pitch,FN,58,,44,7.667957767265842,7.867956812646866,7.937949102450632,,,,,
22_music,music,basic_pitch,TP,59,50,49,7.667957767265842,7.867956812646866,7.870960888698991,7.631606802721088,7.840586394557823,-0.03635096454475395,-0.027370418089042836,-0.030374494141168107
22_music,music,basic_pitch,FN,60,,54,7.868962641682176,8.080964580217898,8.080964580217898,,,,,
22_music,music,basic_pitch,TP,61,52,49,7.870960888698991,8.08395524521622,8.08395524521622,7.840586394557823,8.062459863945579,-0.030374494141168107,-0.021495381270641545,-0.021495381270641545
22_music,music,basic_pitch,TP,62,53,51,7.870960888698991,8.081956998199404,8.081956998199404,7.887026303854875,8.016019954648526,0.01606541515588411,-0.06593704355087837,-0.06593704355087837
22_music,music,basic_pitch,FN,63,,61,7.870960888698991,8.081956998199404,8.081956998199404,,,,,
22_music,music,basic_pitch,TP,64,55,44,8.08395524521622,8.528960832544936,8.977962913907284,8.074069841269841,8.979648072562357,-0.009885403946379157,0.45068724001742133,0.0016851586550732378
22_music,music,basic_pitch,TP,65,54,49,8.084961074251531,8.528960832544936,8.532957326578568,8.062459863945579,8.526858956916099,-0.022501210305952313,-0.0021018756288366802,-0.0060983696624692385
22_music,music,basic_pitch,TP,66,58,53,8.529966661580247,8.976957084871973,9.428963242286446,8.526858956916099,9.304727437641723,-0.003107704664147448,0.3277703527697504,-0.12423580464472295
22_music,music,basic_pitch,TP,67,56,61,8.529966661580247,8.975964666890468,9.431953907284768,8.515248979591837,8.944818140589568,-0.014717681988409836,-0.031146526300899424,-0.4871357666952001
22_music,music,basic_pitch,TP,68,57,49,8.532957326578568,8.976957084871973,8.9799611609241,8.526858956916099,8.90998820861678,-0.0060983696624692385,-0.06696887625519388,-0.06997295230732092
22_music,music,basic_pitch,TP,69,60,44,8.977962913907284,9.427957413251136,9.889954805749689,8.979648072562357,9.873616326530612,0.0016851586550732378,0.4456589132794768,-0.016338479219076163
22_music,music,basic_pitch,FN,70,,49,8.9799611609241,9.428963242286446,9.432959736320079,,,,,
22_music,music,basic_pitch,TP,71,61,53,9.428963242286446,9.886950729697562,10.342953381145668,9.397607256235828,9.815566439909297,-0.03135598605061851,-0.07138428978826461,-0.5273869412363705
22_music,music,basic_pitch,TP,72,62,61,9.431953907284768,9.886950729697562,10.341947552110357,9.44404716553288,9.815566439909297,0.012093258248111027,-0.07138428978826461,-0.5263811122010598
22_music,music,basic_pitch,FN,73,,49,9.432959736320079,9.887956558732872,9.890947223731194,,,,,
22_music,music,basic_pitch,TP,74,65,44,9.889954805749689,10.337951058076724,10.807941438642539,9.873616326530612,10.815308390022677,-0.016338479219076163,0.477357331945953,0.007366951380138431
22_music,music,basic_pitch,FN,75,,49,9.890947223731194,10.338956887112035,10.342953381145668,,,,,
22_music,music,basic_pitch,FP,,6,54,,,,1.497687074829932,1.811156462585034,,,
22_music,music,basic_pitch,FP,,9,49,,,,2.1607396825396825,2.6019188208616777,,,
22_music,music,basic_pitch,FP,,12,44,,,,2.311669387755102,2.450989115646258,,,
22_music,music,basic_pitch,FP,,15,54,,,,2.7528485260770976,3.0663179138321994,,,
22_music,music,basic_pitch,FP,,25,56,,,,4.031229931972789,4.193769614512472,,,
22_music,music,basic_pitch,FP,,27,49,,,,4.669778684807256,5.1341777777777775,,,
22_music,music,basic_pitch,FP,,32,53,,,,5.29671746031746,5.56374693877551,,,
22_music,music,basic_pitch,FP,,37,49,,,,5.94687619047619,6.37772925170068,,,
22_music,music,basic_pitch,FP,,40,44,,,,6.11069977324263,6.354509297052155,,,
22_music,music,basic_pitch,FP,,43,54,,,,6.540268934240363,6.830518367346939,,,
22_music,music,basic_pitch,FP,,46,49,,,,7.190427664399093,7.631606802721088,,,
22_music,music,basic_pitch,FP,,49,44,,,,7.5619469387755105,8.062459863945579,,,
22_music,music,basic_pitch,FP,,51,54,,,,7.794146485260771,8.062459863945579,,,
22_music,music,basic_pitch,FP,,59,49,,,,8.90998820861678,9.82717641723356,,,
22_music,music,basic_pitch,FP,,63,49,,,,9.82717641723356,10.269639455782313,,,
22_music,music,basic_pitch,FP,,64,61,,,,9.82717641723356,10.234809523809524,,,
22_music,music,basic_pitch,FP,,66,53,,,,9.932950113378686,10.768868480725624,,,
23_music,music,bytedance,TP,0,1,36,0.5259815301980652,3.329079530014954,3.329079530014954,0.5262801051139832,0.6499999761581421,0.000298574915918004,-2.6790795538568117,-2.6790795538568117
23_music,music,bytedance,TP,1,2,48,0.5259815301980652,0.6139848652607807,0.6139848652607807,0.5281620025634766,0.6100000143051147,0.002180472365411412,-0.0039848509556659195,-0.0039848509556659195
23_music,music,bytedance,TP,2,3,48,0.6139848652607807,3.224084389782403,3.2280808838160344,0.6207243204116821,0.7599999904632568,0.006739455150901463,-2.4640843993191464,-2.4680808933527776
23_music,music,bytedance,TP,3,4,55,0.6939952122562334,0.7819985473189489,3.134082807702872,0.6971903443336487,3.130000114440918,0.003195132077415286,2.348001567121969,-0.004082693261953985
23_music,music,bytedance,TP,4,5,60,0.7830043763542588,0.8690094644001587,0.9570127994628742,0.7877418994903564,0.9399999976158142,0.004737523136097654,0.07099053321565552,-0.01701280184706
23_music,music,bytedance,TP,5,6,64,0.8690094644001587,0.9560069704275643,2.952081396526994,0.8669558167457581,2.950000047683716,-0.0020536476544006366,1.9939930772561514,-0.0020813488432782634
23_music,music,bytedance,TP,6,7,60,0.9570127994628742,1.0400138114566484,2.86807455549791,0.9481654167175293,1.1200000047683716,-0.008847382745344912,0.07998619331172319,-1.7480745507295383
23_music,music,bytedance,TP,7,8,67,1.0450161345255897,1.1320136405529952,2.7730706503494376,1.0432051420211792,2.7699999809265137,-0.0018109925044105246,1.6379863403735184,-0.0030706694229238884
23_music,music,bytedance,TP,8,10,72,1.1320136405529952,1.2160204815820794,1.3000273226111636,1.1350040435791016,1.2799999713897705,0.002990403026106314,0.06397948980769108,-0.020027351221393097
23_music,music,bytedance,TP,9,11,76,1.2160204815820794,1.2990214935758537,2.594073315225685,1.218956708908081,2.5899999141693115,0.002936227326001628,1.2909784205934578,-0.004073401056373438
23_music,music,bytedance,TP,10,12,72,1.3000273226111636,1.3870248286385691,2.507062398144475,1.2940443754196167,2.5,-0.005982947191546906,1.1129751713614309,-0.007062398144475068
23_music,music,bytedance,TP,11,13,79,1.388030657673879,1.4710316696676533,2.4270788732566304,1.3932080268859863,2.4200000762939453,0.005177369212107319,0.948968406626292,-0.007078796962685097
23_music,music,bytedance,TP,12,14,84,1.4750281637012848,1.559035004730369,1.6470383397930843,1.477866291999817,1.6399999856948853,0.0028381282985321388,0.08096498096451632,-0.007038354098199084
23_music,music,bytedance,TP,13,15,88,1.559035004730369,1.6460325107577745,2.2520646211127047,1.5605367422103882,2.240000009536743,0.0015017374800192496,0.5939674987789687,-0.012064611575961504
23_music,music,bytedance,TP,14,16,84,1.6470383397930843,1.7340358458204899,2.1640612860499893,1.6492496728897095,2.1500000953674316,0.0022113330966251343,0.4159642495469418,-0.014061190682557623
23_music,music,bytedance,TP,15,17,91,1.7350416748557997,1.8210467629016995,2.0780561980040893,1.733665108680725,2.059999942779541,-0.001376566175074645,0.23895317987784148,-0.018056255224548234
23_music,music,bytedance,TP,16,18,96,1.8210467629016995,1.908044268929105,1.9900528629413734,1.8242422342300415,1.9800000190734863,0.00319547132834197,0.07195575014438127,-0.010052843867887074
23_music,music,bytedance,TP,17,19,100,1.909050097964415,1.9890604449598677,3.253092499160741,1.9073599576950073,3.2066292762756348,-0.001690140269407614,1.217568831315767,-0.04646322288510607
23_music,music,bytedance,TP,18,20,96,1.9900528629413734,2.0770637800225833,3.253092499160741,1.9872171878814697,3.208730936050415,-0.002835675059903675,1.1316671560278317,-0.0443615631103258
23_music,music,bytedance,TP,19,21,91,2.0780561980040893,2.1640612860499893,3.253092499160741,2.0715510845184326,3.20961332321167,-0.006505113485656633,1.0455520371616807,-0.043479175949070914
23_music,music,bytedance,TP,20,22,84,2.1640612860499893,2.2520646211127047,2.3400679561754205,2.164767265319824,2.3299999237060547,0.0007059792698349554,0.07793530259335002,-0.010068032469365829
23_music,music,bytedance,TP,21,23,88,2.2520646211127047,2.3390755381939146,3.253092499160741,2.2536134719848633,3.2092349529266357,0.0015488508721586136,0.8701594147327212,-0.043857546234105094
23_music,music,bytedance,TP,22,24,84,2.3400679561754205,2.423068968169195,3.253092499160741,2.3386995792388916,3.2093989849090576,-0.0013683769365289145,0.7863300167398628,-0.04369351425168322
23_music,music,bytedance,TP,23,25,79,2.4270788732566304,2.507062398144475,3.253092499160741,2.4315977096557617,3.2088685035705566,0.00451883639913131,0.7018061054260816,-0.044223995590184195
23_music,music,bytedance,TP,24,26,72,2.507062398144475,2.5910692391735592,2.686073144322032,2.514909029006958,2.680000066757202,0.00784663086248294,0.0889308275836429,-0.006073077564829887
23_music,music,bytedance,TP,25,27,76,2.594073315225685,2.685067315286722,3.253092499160741,2.597788095474243,3.2071242332458496,0.0037147802485582027,0.5220569179591275,-0.045968265914891226
23_music,music,bytedance,TP,26,28,72,2.686073144322032,2.7730706503494376,3.253092499160741,2.6875,3.20868182182312,0.0014268556779679642,0.43561117147368256,-0.04441067733762072
23_music,music,bytedance,TP,27,29,67,2.7730706503494376,2.86807455549791,3.253092499160741,2.7785589694976807,3.207704544067383,0.005488319148243104,0.3396299885694729,-0.04538795509335802
23_music,music,bytedance,TP,28,30,60,2.86807455549791,2.951075567491684,3.0470853016754664,2.8734233379364014,3.0399999618530273,0.005348782438491462,0.08892439436134314,-0.007085339822439085
23_music,music,bytedance,TP,29,31,64,2.952081396526994,3.0460794726401565,3.253092499160741,2.9555351734161377,3.207329034805298,0.0034537768891436116,0.1612495621651413,-0.045763464355442984
23_music,music,bytedance,TP,30,32,60,3.0470853016754664,3.134082807702872,3.253092499160741,3.0485565662384033,3.205995559692383,0.0014712645629368915,0.07191275198951086,-0.04709693946835802
23_music,music,bytedance,TP,31,33,55,3.134082807702872,3.225090218817713,3.253092499160741,3.14335560798645,3.209777355194092,0.009272800283578242,-0.015312863623621276,-0.04331514396664904
23_music,music,bytedance,TP,32,34,48,3.2280808838160344,3.3300853590502637,3.3300853590502637,3.2286527156829834,3.2899999618530273,0.0005718318669489797,-0.04008539719723636,-0.04008539719723636
23_music,music,bytedance,TP,33,36,29,3.333076024048585,4.751107209082307,4.751107209082307,3.335688829421997,6.019786834716797,0.0026128053734120193,1.2686796256344897,1.2686796256344897
23_music,music,bytedance,TP,34,35,41,3.334081853083895,4.754097874080629,4.754097874080629,3.3355231285095215,5.639999866485596,0.0014412754256265536,0.8859019924049667,0.8859019924049667
23_music,music,bytedance,TP,35,37,48,3.417069454023865,3.5040803711050748,4.6310916885891285,3.4161734580993652,4.340000152587891,-0.0008959959244996263,0.8359197814828159,-0.2910915360012378
23_music,music,bytedance,TP,36,38,57,3.5050727890865807,3.595074371166112,4.6310916885891285,3.5105483531951904,4.574379920959473,0.005475564108609721,0.9793055497933607,-0.056711767629655796
23_music,music,bytedance,TP,37,39,60,3.596080200201422,3.6830777062288274,3.7740851173436685,3.6066789627075195,3.759999990463257,0.010598762506097703,0.07692228423442948,-0.014085126880411636
23_music,music,bytedance,TP,38,40,65,3.6870742002624586,3.7710810412915428,4.6310916885891285,3.68694806098938,4.670000076293945,-0.00012613927307869588,0.8989190350024026,0.03890838770481686
23_music,music,bytedance,TP,39,41,60,3.7740851173436685,3.8510779772331913,4.6310916885891285,3.771932363510132,4.574777126312256,-0.002152753833536636,0.7236991490790645,-0.05631456227687259
23_music,music,bytedance,TP,40,42,69,3.8550744712668226,3.945076053346354,4.6310916885891285,3.8580551147460938,4.576929092407227,0.0029806434792711833,0.6318530390608728,-0.05416259618190189
23_music,music,bytedance,TP,41,43,72,3.9460818823816637,4.033079388409069,4.121082723471785,3.956278085708618,4.110000133514404,0.010196203326954478,0.07692074510533509,-0.011082589957380762
23_music,music,bytedance,TP,42,44,77,4.033079388409069,4.121082723471785,4.6310916885891285,4.0411696434021,4.670000076293945,0.008090254993030399,0.5489173528221603,0.03890838770481686
23_music,music,bytedance,TP,43,45,72,4.121082723471785,4.204083735465559,4.6310916885891285,4.115929126739502,4.860000133514404,-0.0051535967322831056,0.6559163980488449,0.22890844492527584
23_music,music,bytedance,TP,44,46,81,4.209086058534501,4.299087640614032,4.6310916885891285,4.216033458709717,4.679999828338623,0.00694740017521589,0.3809121877245909,0.048908139749494595
23_music,music,bytedance,TP,45,47,84,4.302091716666157,4.387090975676747,4.478098386791588,4.306614398956299,4.46999979019165,0.004522682290141411,0.08290881451490328,-0.008098596599937835
23_music,music,bytedance,TP,46,48,89,4.387090975676747,4.477092557756278,4.6310916885891285,4.385801315307617,6.0,-0.001289660369129919,1.5229074422437217,1.3689083114108715
23_music,music,bytedance,TP,47,49,84,4.478098386791588,4.565095892818994,4.6310916885891285,4.4846882820129395,5.010000228881836,0.006589895221351227,0.44490433606284174,0.3789085402927075
23_music,music,bytedance,TP,48,50,93,4.5680999688711195,4.660099797967466,4.660099797967466,4.570503234863281,4.920000076293945,0.002403265992161785,0.2599002783264792,0.2599002783264792
23_music,music,bytedance,TP,49,51,96,4.661092215948972,4.754097874080629,4.754097874080629,4.660742282867432,4.829999923706055,-0.00034993308153996594,0.07590204962542568,0.07590204962542568
23_music,music,bytedance,TP,50,54,30,4.758094368114261,6.168145976134523,6.168145976134523,4.76458215713501,6.021761894226074,0.006487789020749091,-0.1463840819084492,-0.1463840819084492
23_music,music,bytedance,TP,51,53,100,4.758094368114261,4.838091304055909,6.077151976073487,4.75959587097168,6.039999961853027,0.0015015028574190126,1.2019086577971185,-0.03715201422045933
23_music,music,bytedance,TP,52,52,42,4.7591001971495706,6.169151805169833,6.169151805169833,4.7573323249816895,6.039999961853027,-0.0017678721678811016,-0.12915184331680596,-0.12915184331680596
23_music,music,bytedance,TP,53,55,96,4.839097133091219,4.925088810083315,6.077151976073487,4.840265274047852,6.020134449005127,0.0011681409566328682,1.0950456389218122,-0.05701752706835972
23_music,music,bytedance,TP,54,56,93,4.926094639118625,5.013092145146031,6.077151976073487,4.930929660797119,6.039999961853027,0.004835021678494478,1.0269078167069967,-0.03715201422045933
23_music,music,bytedance,TP,55,57,84,5.017102050233466,5.101095480208746,5.1890988152714606,5.015110969543457,5.179999828338623,-0.0019910806900087508,0.07890434812987746,-0.009098986932837505
23_music,music,bytedance,TP,56,58,88,5.101095480208746,5.188106397289955,6.077151976073487,5.104628562927246,6.017475128173828,0.003533082718500502,0.8293687308838731,-0.05967684789965855
23_music,music,bytedance,TP,57,59,84,5.1890988152714606,5.27510390331736,6.077151976073487,5.193615913391113,6.02441930770874,0.004517098119652729,0.7493154043913801,-0.05273266836474644
23_music,music,bytedance,TP,58,60,81,5.27610973235267,5.363107238380076,6.077151976073487,5.284628391265869,6.024535655975342,0.00851865891319914,0.6614284175952658,-0.052616320098144875
23_music,music,bytedance,TP,59,61,72,5.363107238380076,5.44811990844447,5.539113908505508,5.367877960205078,5.53000020980835,0.0047707218250021555,0.08188030136387958,-0.009113698697158057
23_music,music,bytedance,TP,60,62,76,5.451110573442792,5.5341249964903705,6.077151976073487,5.4524688720703125,6.020050525665283,0.001358298627520682,0.4859255291749127,-0.05710145040820347
23_music,music,bytedance,TP,61,63,72,5.539113908505508,5.626124825586717,6.077151976073487,5.537903308868408,6.023283004760742,-0.0012105996370994632,0.39715817917402507,-0.053868971312744485
23_music,music,bytedance,TP,62,64,69,5.627117243568223,5.710131666615801,6.077151976073487,5.630065441131592,5.96999979019165,0.0029481975633691704,0.2598681235758491,-0.10715218588183628
23_music,music,bytedance,TP,63,65,60,5.710131666615801,5.798135001678517,5.885132507705922,5.718755722045898,5.869999885559082,0.008624055430097144,0.07186488388056489,-0.015132622146840191
23_music,music,bytedance,TP,64,67,62,5.798135001678517,5.884140089724417,6.077151976073487,5.8039960861206055,6.026782989501953,0.005861084442088327,0.1426428997775364,-0.05036898657153355
23_music,music,bytedance,TP,65,68,60,5.885132507705922,5.972143424787132,6.077151976073487,5.88491678237915,6.050000190734863,-0.00021572532677183176,0.07785676594773161,-0.02715178533862339
23_music,music,bytedance,TP,66,70,57,5.973135842768637,6.060146759849847,6.077151976073487,5.983855724334717,6.030274391174316,0.010719881566079614,-0.029872368675530225,-0.046877584899170266
23_music,music,bytedance,TP,67,71,48,6.060146759849847,6.171150052186649,6.171150052186649,6.0676069259643555,6.21999979019165,0.007460166114508837,0.0488497380050017,0.0488497380050017
23_music,music,bytedance,TP,68,73,31,6.172142470168154,6.875176732688374,7.575180097048857,6.182438373565674,7.519477367401123,0.010295903397519623,0.6443006347127493,-0.05570272964773437
23_music,music,bytedance,TP,69,72,43,6.176138964201786,6.8781673976866955,7.575180097048857,6.1817121505737305,7.519975185394287,0.005573186371944594,0.6418077877075916,-0.05520491165457031
23_music,music,bytedance,TP,70,74,47,6.263149881282995,6.3471567223120795,7.575180097048857,6.2693071365356445,7.520419597625732,0.0061572552526492075,1.173262875313653,-0.054760499423125
23_music,music,bytedance,TP,71,76,55,6.350147387310401,6.438150722373117,7.575180097048857,6.355952739715576,7.51926326751709,0.0058053524051748795,1.0811125451439727,-0.055916829531767576
23_music,music,bytedance,TP,72,77,59,6.438150722373117,6.521165145420696,6.616155639515364,6.443070888519287,7.53000020980835,0.004920166146169969,1.0088350643876538,0.9138445702929854
23_music,music,bytedance,TP,73,79,62,6.522157563402201,6.616155639515364,7.575180097048857,6.532999038696289,7.519111633300781,0.010841475294087743,0.902955993785417,-0.05606846374807617
23_music,music,bytedance,FN,74,,59,6.616155639515364,6.70415897457808,7.575180097048857,,,,,
23_music,music,bytedance,TP,75,81,67,6.70415897457808,6.7911698916592895,7.575180097048857,6.710251808166504,7.518779754638672,0.006092833588423829,0.7276098629793823,-0.056400342410185544
23_music,music,bytedance,TP,76,82,71,6.792162309640795,6.8781673976866955,6.970167226783043,6.79207181930542,6.960000038146973,-9.04903353751152e-05,0.08183264046027716,-0.010167188636070357
23_music,music,bytedance,TP,77,84,74,6.882163891720327,6.970167226783043,7.575180097048857,6.886157035827637,7.159999847412109,0.003993144107309554,0.18983262062906636,-0.41518024963674804
23_music,music,bytedance,TP,78,83,30,6.883169720755637,7.250176619159519,7.575180097048857,6.885395526885986,7.46999979019165,0.0022258061303492838,0.21982317103213145,-0.10518030685720703
23_music,music,bytedance,TP,79,85,42,6.883169720755637,7.251182448194829,7.575180097048857,6.88724422454834,7.51861047744751,0.004074503792702799,0.26742802925268094,-0.056569619601347654
23_music,music,bytedance,TP,80,86,71,6.970167226783043,7.065171131931516,7.575180097048857,6.967077732086182,7.519144535064697,-0.0030894946968613723,0.45397340313318146,-0.056035561984160154
23_music,music,bytedance,TP,81,87,79,7.065171131931516,7.155172714011047,7.575180097048857,7.072920322418213,7.521328449249268,0.007749190486697088,0.36615573523822054,-0.05385164779958984
23_music,music,bytedance,TP,82,88,83,7.158176790063172,7.251182448194829,7.344174695272681,7.165755748748779,7.340000152587891,0.007578958685606985,0.0888177043930618,-0.004174542684790339
23_music,music,bytedance,TP,83,90,86,7.253180695211644,7.341184030274359,7.575180097048857,7.2550458908081055,7.519607067108154,0.0018651955964612554,0.17842303683379512,-0.05557302994070312
23_music,music,bytedance,TP,84,91,28,7.25417311319315,7.628180581682788,7.628180581682788,7.2569122314453125,7.53000020980835,0.0027391182521627755,-0.09818037187443807,-0.09818037187443807
23_music,music,bytedance,TP,85,92,40,7.25417311319315,7.628180581682788,7.628180581682788,7.258124828338623,7.539999961853027,0.003951715145473322,-0.08818061982976033,-0.08818061982976033
23_music,music,bytedance,TP,86,93,83,7.344174695272681,7.435182106387522,7.575180097048857,7.351899147033691,7.539999961853027,0.007724451761010442,0.10481785546550526,-0.035180135195830076
23_music,music,bytedance,TP,87,94,91,7.436174524369028,7.533176676534316,7.575180097048857,7.431824684143066,7.52420711517334,-0.004349840225961188,-0.00896956136097593,-0.050972981875517576
23_music,music,bytedance,TP,88,95,93,7.534182505569626,7.629172999664293,7.629172999664293,7.537013530731201,7.710000038146973,0.0028310251615755178,0.08082703848267947,0.08082703848267947
23_music,music,bytedance,TP,89,98,98,7.629172999664293,7.716183916745503,8.961212507705916,7.6421284675598145,8.920000076293945,0.012955467895521267,1.2038161595484427,-0.04121243141197084
23_music,music,bytedance,TP,90,96,26,7.631171246681109,9.069198312936788,9.069198312936788,7.635276794433594,8.905285835266113,0.0041055477524851725,-0.1639124776706744,-0.1639124776706744
23_music,music,bytedance,TP,91,97,38,7.631171246681109,9.070204141972098,9.070204141972098,7.636025905609131,8.908896446228027,0.004854658928022282,-0.1613076957440711,-0.1613076957440711
23_music,music,bytedance,TP,92,99,93,7.716183916745503,7.806185498825034,8.961212507705916,7.716350078582764,8.90473461151123,0.00016616183726103628,1.0985491126861966,-0.056477896194685684
23_music,music,bytedance,TP,93,100,90,7.807177916806539,7.894188833887749,8.961212507705916,7.8130011558532715,8.90527057647705,0.005823239046732098,1.011081742589302,-0.05594193122886537
23_music,music,bytedance,TP,94,101,84,7.895181251869254,7.985182833948786,8.961212507705916,7.900683879852295,8.907319068908691,0.0055026279830405755,0.9221362349599058,-0.053893438797224746
23_music,music,bytedance,TP,95,102,86,7.988186910000911,8.072193751029994,8.961212507705916,7.993900299072266,8.905677795410156,0.005713389071354769,0.8334840443801621,-0.0555347122957599
23_music,music,bytedance,TP,96,103,81,8.0731861690115,8.166191827143157,8.961212507705916,8.0824613571167,8.904267311096191,0.009275188105199561,0.7380754839530344,-0.056945196609724746
23_music,music,bytedance,TP,97,104,78,8.167197656178468,8.251204497207551,8.961212507705916,8.170344352722168,8.529999732971191,0.003146696543700145,0.2787952357636403,-0.43121277473472475
23_music,music,bytedance,TP,98,105,72,8.254195162205873,8.345202573320714,8.961212507705916,8.26513671875,8.904556274414062,0.010941556544127096,0.5593537010933485,-0.05665623329185365
23_music,music,bytedance,TP,99,106,74,8.349199067354345,8.439200649433875,8.961212507705916,8.353367805480957,8.699999809265137,0.004168738126612226,0.26079915983126156,-0.26121269844077943
23_music,music,bytedance,TP,100,107,69,8.44019306741538,8.527203984496591,8.961212507705916,8.44682502746582,8.800000190734863,0.006631960050439645,0.2727962062382723,-0.16121231697105287
23_music,music,bytedance,TP,101,109,66,8.528196402478097,8.611210825525674,8.961212507705916,8.53510856628418,8.90506649017334,0.006912163806083171,0.29385566464766555,-0.05614601753257631
23_music,music,bytedance,TP,102,110,60,8.615207319559305,8.706214730674146,8.961212507705916,8.626297950744629,8.905529975891113,0.01109063118532383,0.19931524521696709,-0.05568253181480287
23_music,music,bytedance,TP,103,112,62,8.706214730674146,8.796216312753678,8.961212507705916,8.714818954467773,8.904772758483887,0.008604223793627241,0.1085564457302084,-0.056439749222029434
23_music,music,bytedance,TP,104,113,57,8.800212806787309,8.888216141850025,8.961212507705916,8.807355880737305,8.903863906860352,0.007143073949995582,0.01564776501032661,-0.05734860084556459
23_music,music,bytedance,TP,105,115,54,8.888216141850025,8.979196730857257,8.979196730857257,8.892799377441406,8.975049018859863,0.004583235591381296,-0.004147711997394055,-0.004147711997394055
23_music,music,bytedance,TP,106,116,48,8.979196730857257,9.07319480697042,9.07319480697042,8.984845161437988,9.119999885559082,0.005648430580730945,0.046805078588661786,0.046805078588661786
23_music,music,bytedance,TP,107,118,31,9.074200636005731,11.877312046876423,11.877312046876423,9.084869384765625,10.40999984741211,0.010668748759893987,-1.4673121994643132,-1.4673121994643132
23_music,music,bytedance,TP,108,117,43,9.077204712057856,11.877312046876423,11.877312046876423,9.084121704101562,11.680000305175781,0.006916992043706216,-0.19731174170064136,-0.19731174170064136
23_music,music,bytedance,TP,109,119,48,9.157201647999504,9.24520498306222,10.431265170445867,9.174429893493652,10.350000381469727,0.01722824549414881,1.1047953984075072,-0.08126478897614042
23_music,music,bytedance,TP,110,120,53,9.248209059114345,9.333208318124935,10.431265170445867,9.250312805175781,10.359712600708008,0.0021037460614365955,1.0265042825830726,-0.07155256973785917
23_music,music,bytedance,TP,111,121,56,9.333208318124935,9.419213406170835,10.431265170445867,9.344529151916504,10.357769012451172,0.011320833791568674,0.9385556062803371,-0.07349615799469511
23_music,music,bytedance,TP,112,123,62,9.420219235206146,9.50721674123355,10.431265170445867,9.426461219787598,10.359334945678711,0.006241984581452087,0.8521182044451603,-0.07193022476715605
23_music,music,bytedance,TP,113,124,60,9.508222570268861,9.595220076296266,10.431265170445867,9.519851684570312,10.361191749572754,0.011629114301451082,0.7659716732764874,-0.07007342087311308
23_music,music,bytedance,TP,114,125,65,9.595220076296266,9.683223411358982,10.431265170445867,9.60018253326416,10.361334800720215,0.004962456967893658,0.6781113893612325,-0.06993036972565214
23_music,music,bytedance,TP,115,126,68,9.683223411358982,9.769228499404882,10.431265170445867,9.690853118896484,10.3588228225708,0.0076297075375020285,0.5895943231659189,-0.0724423478750662
23_music,music,bytedance,TP,116,127,74,9.770234328440193,9.854241169469276,10.431265170445867,9.771276473999023,10.360502243041992,0.0010421455588307538,0.5062610735727162,-0.0707629274038748
23_music,music,bytedance,TP,117,128,72,9.854241169469276,9.941238675496681,10.431265170445867,9.865497589111328,10.361613273620605,0.011256419642052151,0.4203745981239244,-0.06965189682526152
23_music,music,bytedance,TP,118,129,77,9.945235169530312,10.028236181524086,10.431265170445867,9.949056625366211,10.363682746887207,0.0038214558358991013,0.3354465653631209,-0.06758242355865995
23_music,music,bytedance,FP,,0,24,,,,0.5229403972625732,0.5299999713897705,,,
23_music,music,bytedance,FP,,9,60,,,,1.1314023733139038,2.859999895095825,,,
23_music,music,bytedance,FP,,66,74,,,,5.803184986114502,6.023770809173584,,,
23_music,music,bytedance,FP,,69,69,,,,5.980332374572754,6.022531032562256,,,
23_music,music,bytedance,FP,,75,59,,,,6.270425319671631,6.429999828338623,,,
23_music,music,bytedance,FP,,78,74,,,,6.530662536621094,6.880000114440918,,,
23_music,music,bytedance,FP,,80,79,,,,6.707511901855469,6.71999979019165,,,
23_music,music,bytedance,FP,,89,74,,,,7.171367645263672,7.517829895019531,,,
23_music,music,bytedance,FP,,108,78,,,,8.535003662109375,8.905811309814453,,,
23_music,music,bytedance,FP,,111,74,,,,8.713913917541504,8.90489387512207,,,
23_music,music,bytedance,FP,,114,69,,,,8.81171989440918,8.90340518951416,,,
23_music,music,bytedance,FP,,122,74,,,,9.42530632019043,9.760000228881836,,,
23_music,music,bytedance_B_offline,TP,0,1,36,0.5259815301980652,3.329079530014954,3.329079530014954,0.5262801051139832,0.6499999761581421,0.000298574915918004,-2.6790795538568117,-2.6790795538568117
23_music,music,bytedance_B_offline,TP,1,2,48,0.5259815301980652,0.6139848652607807,0.6139848652607807,0.5281620025634766,0.6100000143051147,0.002180472365411412,-0.0039848509556659195,-0.0039848509556659195
23_music,music,bytedance_B_offline,TP,2,3,48,0.6139848652607807,3.224084389782403,3.2280808838160344,0.6207243204116821,0.7599999904632568,0.006739455150901463,-2.4640843993191464,-2.4680808933527776
23_music,music,bytedance_B_offline,TP,3,4,55,0.6939952122562334,0.7819985473189489,3.134082807702872,0.6971903443336487,3.130000114440918,0.003195132077415286,2.348001567121969,-0.004082693261953985
23_music,music,bytedance_B_offline,TP,4,5,60,0.7830043763542588,0.8690094644001587,0.9570127994628742,0.7877418994903564,0.9399999976158142,0.004737523136097654,0.07099053321565552,-0.01701280184706
23_music,music,bytedance_B_offline,TP,5,6,64,0.8690094644001587,0.9560069704275643,2.952081396526994,0.8669558167457581,2.950000047683716,-0.0020536476544006366,1.9939930772561514,-0.0020813488432782634
23_music,music,bytedance_B_offline,TP,6,7,60,0.9570127994628742,1.0400138114566484,2.86807455549791,0.9481654167175293,1.1200000047683716,-0.008847382745344912,0.07998619331172319,-1.7480745507295383
23_music,music,bytedance_B_offline,TP,7,8,67,1.0450161345255897,1.1320136405529952,2.7730706503494376,1.0432051420211792,2.7699999809265137,-0.0018109925044105246,1.6379863403735184,-0.0030706694229238884
23_music,music,bytedance_B_offline,TP,8,10,72,1.1320136405529952,1.2160204815820794,1.3000273226111636,1.1350040435791016,1.2799999713897705,0.002990403026106314,0.06397948980769108,-0.020027351221393097
23_music,music,bytedance_B_offline,TP,9,11,76,1.2160204815820794,1.2990214935758537,2.594073315225685,1.218956708908081,2.5899999141693115,0.002936227326001628,1.2909784205934578,-0.004073401056373438
23_music,music,bytedance_B_offline,TP,10,12,72,1.3000273226111636,1.3870248286385691,2.507062398144475,1.2940443754196167,2.5,-0.005982947191546906,1.1129751713614309,-0.007062398144475068
23_music,music,bytedance_B_offline,TP,11,13,79,1.388030657673879,1.4710316696676533,2.4270788732566304,1.3932080268859863,2.4200000762939453,0.005177369212107319,0.948968406626292,-0.007078796962685097
23_music,music,bytedance_B_offline,TP,12,14,84,1.4750281637012848,1.559035004730369,1.6470383397930843,1.477866291999817,1.6399999856948853,0.0028381282985321388,0.08096498096451632,-0.007038354098199084
23_music,music,bytedance_B_offline,TP,13,15,88,1.559035004730369,1.6460325107577745,2.2520646211127047,1.5605367422103882,2.240000009536743,0.0015017374800192496,0.5939674987789687,-0.012064611575961504
23_music,music,bytedance_B_offline,TP,14,16,84,1.6470383397930843,1.7340358458204899,2.1640612860499893,1.6492496728897095,2.1500000953674316,0.0022113330966251343,0.4159642495469418,-0.014061190682557623
23_music,music,bytedance_B_offline,TP,15,17,91,1.7350416748557997,1.8210467629016995,2.0780561980040893,1.733665108680725,2.059999942779541,-0.001376566175074645,0.23895317987784148,-0.018056255224548234
23_music,music,bytedance_B_offline,TP,16,18,96,1.8210467629016995,1.908044268929105,1.9900528629413734,1.8242422342300415,1.9800000190734863,0.00319547132834197,0.07195575014438127,-0.010052843867887074
23_music,music,bytedance_B_offline,TP,17,19,100,1.909050097964415,1.9890604449598677,3.253092499160741,1.9073599576950073,3.2066292762756348,-0.001690140269407614,1.217568831315767,-0.04646322288510607
23_music,music,bytedance_B_offline,TP,18,20,96,1.9900528629413734,2.0770637800225833,3.253092499160741,1.9872171878814697,3.208730936050415,-0.002835675059903675,1.1316671560278317,-0.0443615631103258
23_music,music,bytedance_B_offline,TP,19,21,91,2.0780561980040893,2.1640612860499893,3.253092499160741,2.0715510845184326,3.20961332321167,-0.006505113485656633,1.0455520371616807,-0.043479175949070914
23_music,music,bytedance_B_offline,TP,20,22,84,2.1640612860499893,2.2520646211127047,2.3400679561754205,2.164767265319824,2.3299999237060547,0.0007059792698349554,0.07793530259335002,-0.010068032469365829
23_music,music,bytedance_B_offline,TP,21,23,88,2.2520646211127047,2.3390755381939146,3.253092499160741,2.2536134719848633,3.2092349529266357,0.0015488508721586136,0.8701594147327212,-0.043857546234105094
23_music,music,bytedance_B_offline,TP,22,24,84,2.3400679561754205,2.423068968169195,3.253092499160741,2.3386995792388916,3.2093989849090576,-0.0013683769365289145,0.7863300167398628,-0.04369351425168322
23_music,music,bytedance_B_offline,TP,23,25,79,2.4270788732566304,2.507062398144475,3.253092499160741,2.4315977096557617,3.2088685035705566,0.00451883639913131,0.7018061054260816,-0.044223995590184195
23_music,music,bytedance_B_offline,TP,24,26,72,2.507062398144475,2.5910692391735592,2.686073144322032,2.514909029006958,2.680000066757202,0.00784663086248294,0.0889308275836429,-0.006073077564829887
23_music,music,bytedance_B_offline,TP,25,27,76,2.594073315225685,2.685067315286722,3.253092499160741,2.597788095474243,3.2071242332458496,0.0037147802485582027,0.5220569179591275,-0.045968265914891226
23_music,music,bytedance_B_offline,TP,26,28,72,2.686073144322032,2.7730706503494376,3.253092499160741,2.6875,3.20868182182312,0.0014268556779679642,0.43561117147368256,-0.04441067733762072
23_music,music,bytedance_B_offline,TP,27,29,67,2.7730706503494376,2.86807455549791,3.253092499160741,2.7785589694976807,3.207704544067383,0.005488319148243104,0.3396299885694729,-0.04538795509335802
23_music,music,bytedance_B_offline,TP,28,30,60,2.86807455549791,2.951075567491684,3.0470853016754664,2.8734233379364014,3.0399999618530273,0.005348782438491462,0.08892439436134314,-0.007085339822439085
23_music,music,bytedance_B_offline,TP,29,31,64,2.952081396526994,3.0460794726401565,3.253092499160741,2.9555351734161377,3.207329034805298,0.0034537768891436116,0.1612495621651413,-0.045763464355442984
23_music,music,bytedance_B_offline,TP,30,32,60,3.0470853016754664,3.134082807702872,3.253092499160741,3.0485565662384033,3.205995559692383,0.0014712645629368915,0.07191275198951086,-0.04709693946835802
23_music,music,bytedance_B_offline,TP,31,33,55,3.134082807702872,3.225090218817713,3.253092499160741,3.14335560798645,3.209777355194092,0.009272800283578242,-0.015312863623621276,-0.04331514396664904
23_music,music,bytedance_B_offline,TP,32,34,48,3.2280808838160344,3.3300853590502637,3.3300853590502637,3.2286527156829834,3.2899999618530273,0.0005718318669489797,-0.04008539719723636,-0.04008539719723636
23_music,music,bytedance_B_offline,TP,33,36,29,3.333076024048585,4.751107209082307,4.751107209082307,3.335688829421997,6.019786834716797,0.0026128053734120193,1.2686796256344897,1.2686796256344897
23_music,music,bytedance_B_offline,TP,34,35,41,3.334081853083895,4.754097874080629,4.754097874080629,3.3355231285095215,5.639999866485596,0.0014412754256265536,0.8859019924049667,0.8859019924049667
23_music,music,bytedance_B_offline,TP,35,37,48,3.417069454023865,3.5040803711050748,4.6310916885891285,3.4161734580993652,4.340000152587891,-0.0008959959244996263,0.8359197814828159,-0.2910915360012378
23_music,music,bytedance_B_offline,TP,36,38,57,3.5050727890865807,3.595074371166112,4.6310916885891285,3.5105483531951904,4.574379920959473,0.005475564108609721,0.9793055497933607,-0.056711767629655796
23_music,music,bytedance_B_offline,TP,37,39,60,3.596080200201422,3.6830777062288274,3.7740851173436685,3.6066789627075195,3.759999990463257,0.010598762506097703,0.07692228423442948,-0.014085126880411636
23_music,music,bytedance_B_offline,TP,38,40,65,3.6870742002624586,3.7710810412915428,4.6310916885891285,3.68694806098938,4.670000076293945,-0.00012613927307869588,0.8989190350024026,0.03890838770481686
23_music,music,bytedance_B_offline,TP,39,41,60,3.7740851173436685,3.8510779772331913,4.6310916885891285,3.771932363510132,4.574777126312256,-0.002152753833536636,0.7236991490790645,-0.05631456227687259
23_music,music,bytedance_B_offline,TP,40,42,69,3.8550744712668226,3.945076053346354,4.6310916885891285,3.8580551147460938,4.576929092407227,0.0029806434792711833,0.6318530390608728,-0.05416259618190189
23_music,music,bytedance_B_offline,TP,41,43,72,3.9460818823816637,4.033079388409069,4.121082723471785,3.956278085708618,4.110000133514404,0.010196203326954478,0.07692074510533509,-0.011082589957380762
23_music,music,bytedance_B_offline,TP,42,44,77,4.033079388409069,4.121082723471785,4.6310916885891285,4.0411696434021,4.670000076293945,0.008090254993030399,0.5489173528221603,0.03890838770481686
23_music,music,bytedance_B_offline,TP,43,45,72,4.121082723471785,4.204083735465559,4.6310916885891285,4.115929126739502,4.860000133514404,-0.0051535967322831056,0.6559163980488449,0.22890844492527584
23_music,music,bytedance_B_offline,TP,44,46,81,4.209086058534501,4.299087640614032,4.6310916885891285,4.216033458709717,4.679999828338623,0.00694740017521589,0.3809121877245909,0.048908139749494595
23_music,music,bytedance_B_offline,TP,45,47,84,4.302091716666157,4.387090975676747,4.478098386791588,4.306614398956299,4.46999979019165,0.004522682290141411,0.08290881451490328,-0.008098596599937835
23_music,music,bytedance_B_offline,TP,46,48,89,4.387090975676747,4.477092557756278,4.6310916885891285,4.385801315307617,6.0,-0.001289660369129919,1.5229074422437217,1.3689083114108715
23_music,music,bytedance_B_offline,TP,47,49,84,4.478098386791588,4.565095892818994,4.6310916885891285,4.4846882820129395,5.010000228881836,0.006589895221351227,0.44490433606284174,0.3789085402927075
23_music,music,bytedance_B_offline,TP,48,50,93,4.5680999688711195,4.660099797967466,4.660099797967466,4.570503234863281,4.920000076293945,0.002403265992161785,0.2599002783264792,0.2599002783264792
23_music,music,bytedance_B_offline,TP,49,51,96,4.661092215948972,4.754097874080629,4.754097874080629,4.660742282867432,4.829999923706055,-0.00034993308153996594,0.07590204962542568,0.07590204962542568
23_music,music,bytedance_B_offline,TP,50,54,30,4.758094368114261,6.168145976134523,6.168145976134523,4.76458215713501,6.021761894226074,0.006487789020749091,-0.1463840819084492,-0.1463840819084492
23_music,music,bytedance_B_offline,TP,51,53,100,4.758094368114261,4.838091304055909,6.077151976073487,4.75959587097168,6.039999961853027,0.0015015028574190126,1.2019086577971185,-0.03715201422045933
23_music,music,bytedance_B_offline,TP,52,52,42,4.7591001971495706,6.169151805169833,6.169151805169833,4.7573323249816895,6.039999961853027,-0.0017678721678811016,-0.12915184331680596,-0.12915184331680596
23_music,music,bytedance_B_offline,TP,53,55,96,4.839097133091219,4.925088810083315,6.077151976073487,4.840265274047852,6.020134449005127,0.0011681409566328682,1.0950456389218122,-0.05701752706835972
23_music,music,bytedance_B_offline,TP,54,56,93,4.926094639118625,5.013092145146031,6.077151976073487,4.930929660797119,6.039999961853027,0.004835021678494478,1.0269078167069967,-0.03715201422045933
23_music,music,bytedance_B_offline,TP,55,57,84,5.017102050233466,5.101095480208746,5.1890988152714606,5.015110969543457,5.179999828338623,-0.0019910806900087508,0.07890434812987746,-0.009098986932837505
23_music,music,bytedance_B_offline,TP,56,58,88,5.101095480208746,5.188106397289955,6.077151976073487,5.104628562927246,6.017475128173828,0.003533082718500502,0.8293687308838731,-0.05967684789965855
23_music,music,bytedance_B_offline,TP,57,59,84,5.1890988152714606,5.27510390331736,6.077151976073487,5.193615913391113,6.02441930770874,0.004517098119652729,0.7493154043913801,-0.05273266836474644
23_music,music,bytedance_B_offline,TP,58,60,81,5.27610973235267,5.363107238380076,6.077151976073487,5.284628391265869,6.024535655975342,0.00851865891319914,0.6614284175952658,-0.052616320098144875
23_music,music,bytedance_B_offline,TP,59,61,72,5.363107238380076,5.44811990844447,5.539113908505508,5.367877960205078,5.53000020980835,0.0047707218250021555,0.08188030136387958,-0.009113698697158057
23_music,music,bytedance_B_offline,TP,60,62,76,5.451110573442792,5.5341249964903705,6.077151976073487,5.4524688720703125,6.020050525665283,0.001358298627520682,0.4859255291749127,-0.05710145040820347
23_music,music,bytedance_B_offline,TP,61,63,72,5.539113908505508,5.626124825586717,6.077151976073487,5.537903308868408,6.023283004760742,-0.0012105996370994632,0.39715817917402507,-0.053868971312744485
23_music,music,bytedance_B_offline,TP,62,64,69,5.627117243568223,5.710131666615801,6.077151976073487,5.630065441131592,5.96999979019165,0.0029481975633691704,0.2598681235758491,-0.10715218588183628
23_music,music,bytedance_B_offline,TP,63,65,60,5.710131666615801,5.798135001678517,5.885132507705922,5.718755722045898,5.869999885559082,0.008624055430097144,0.07186488388056489,-0.015132622146840191
23_music,music,bytedance_B_offline,TP,64,67,62,5.798135001678517,5.884140089724417,6.077151976073487,5.8039960861206055,6.026782989501953,0.005861084442088327,0.1426428997775364,-0.05036898657153355
23_music,music,bytedance_B_offline,TP,65,68,60,5.885132507705922,5.972143424787132,6.077151976073487,5.88491678237915,6.024309900403023,-0.00021572532677183176,0.05216647561589127,-0.05284207567046373
23_music,music,bytedance_B_offline,TP,66,70,57,5.973135842768637,6.060146759849847,6.077151976073487,5.983855724334717,6.030274391174316,0.010719881566079614,-0.029872368675530225,-0.046877584899170266
23_music,music,bytedance_B_offline,TP,67,71,48,6.060146759849847,6.171150052186649,6.171150052186649,6.0676069259643555,6.21999979019165,0.007460166114508837,0.0488497380050017,0.0488497380050017
23_music,music,bytedance_B_offline,TP,68,73,31,6.172142470168154,6.875176732688374,7.575180097048857,6.182438373565674,7.519477367401123,0.010295903397519623,0.6443006347127493,-0.05570272964773437
23_music,music,bytedance_B_offline,TP,69,72,43,6.176138964201786,6.8781673976866955,7.575180097048857,6.1817121505737305,7.519975185394287,0.005573186371944594,0.6418077877075916,-0.05520491165457031
23_music,music,bytedance_B_offline,TP,70,74,47,6.263149881282995,6.3471567223120795,7.575180097048857,6.2693071365356445,7.520419597625732,0.0061572552526492075,1.173262875313653,-0.054760499423125
23_music,music,bytedance_B_offline,TP,71,76,55,6.350147387310401,6.438150722373117,7.575180097048857,6.355952739715576,7.51926326751709,0.0058053524051748795,1.0811125451439727,-0.055916829531767576
23_music,music,bytedance_B_offline,TP,72,77,59,6.438150722373117,6.521165145420696,6.616155639515364,6.443070888519287,7.518537954688072,0.004920166146169969,0.9973728092673761,0.9023823151727077
23_music,music,bytedance_B_offline,TP,73,79,62,6.522157563402201,6.616155639515364,7.575180097048857,6.532999038696289,7.519111633300781,0.010841475294087743,0.902955993785417,-0.05606846374807617
23_music,music,bytedance_B_offline,FN,74,,59,6.616155639515364,6.70415897457808,7.575180097048857,,,,,
23_music,music,bytedance_B_offline,TP,75,81,67,6.70415897457808,6.7911698916592895,7.575180097048857,6.710251808166504,7.518779754638672,0.006092833588423829,0.7276098629793823,-0.056400342410185544
23_music,music,bytedance_B_offline,TP,76,82,71,6.792162309640795,6.8781673976866955,6.970167226783043,6.79207181930542,6.960000038146973,-9.04903353751152e-05,0.08183264046027716,-0.010167188636070357
23_music,music,bytedance_B_offline,TP,77,84,74,6.882163891720327,6.970167226783043,7.575180097048857,6.886157035827637,7.159999847412109,0.003993144107309554,0.18983262062906636,-0.41518024963674804
23_music,music,bytedance_B_offline,TP,78,83,30,6.883169720755637,7.250176619159519,7.575180097048857,6.885395526885986,7.46999979019165,0.0022258061303492838,0.21982317103213145,-0.10518030685720703
23_music,music,bytedance_B_offline,TP,79,85,42,6.883169720755637,7.251182448194829,7.575180097048857,6.88724422454834,7.51861047744751,0.004074503792702799,0.26742802925268094,-0.056569619601347654
23_music,music,bytedance_B_offline,TP,80,86,71,6.970167226783043,7.065171131931516,7.575180097048857,6.967077732086182,7.519144535064697,-0.0030894946968613723,0.45397340313318146,-0.056035561984160154
23_music,music,bytedance_B_offline,TP,81,87,79,7.065171131931516,7.155172714011047,7.575180097048857,7.072920322418213,7.521328449249268,0.007749190486697088,0.36615573523822054,-0.05385164779958984
23_music,music,bytedance_B_offline,TP,82,88,83,7.158176790063172,7.251182448194829,7.344174695272681,7.165755748748779,7.340000152587891,0.007578958685606985,0.0888177043930618,-0.004174542684790339
23_music,music,bytedance_B_offline,TP,83,90,86,7.253180695211644,7.341184030274359,7.575180097048857,7.2550458908081055,7.519607067108154,0.0018651955964612554,0.17842303683379512,-0.05557302994070312
23_music,music,bytedance_B_offline,TP,84,91,28,7.25417311319315,7.628180581682788,7.628180581682788,7.2569122314453125,7.53000020980835,0.0027391182521627755,-0.09818037187443807,-0.09818037187443807
23_music,music,bytedance_B_offline,TP,85,92,40,7.25417311319315,7.628180581682788,7.628180581682788,7.258124828338623,7.539999961853027,0.003951715145473322,-0.08818061982976033,-0.08818061982976033
23_music,music,bytedance_B_offline,TP,86,93,83,7.344174695272681,7.435182106387522,7.575180097048857,7.351899147033691,7.5208997812122105,0.007724451761010442,0.0857176748246884,-0.05428031583664694
23_music,music,bytedance_B_offline,TP,87,94,91,7.436174524369028,7.533176676534316,7.575180097048857,7.431824684143066,7.52420711517334,-0.004349840225961188,-0.00896956136097593,-0.050972981875517576
23_music,music,bytedance_B_offline,TP,88,95,93,7.534182505569626,7.629172999664293,7.629172999664293,7.537013530731201,7.710000038146973,0.0028310251615755178,0.08082703848267947,0.08082703848267947
23_music,music,bytedance_B_offline,TP,89,98,98,7.629172999664293,7.716183916745503,8.961212507705916,7.6421284675598145,8.920000076293945,0.012955467895521267,1.2038161595484427,-0.04121243141197084
23_music,music,bytedance_B_offline,TP,90,96,26,7.631171246681109,9.069198312936788,9.069198312936788,7.635276794433594,8.905285835266113,0.0041055477524851725,-0.1639124776706744,-0.1639124776706744
23_music,music,bytedance_B_offline,TP,91,97,38,7.631171246681109,9.070204141972098,9.070204141972098,7.636025905609131,8.908896446228027,0.004854658928022282,-0.1613076957440711,-0.1613076957440711
23_music,music,bytedance_B_offline,TP,92,99,93,7.716183916745503,7.806185498825034,8.961212507705916,7.716350078582764,8.90473461151123,0.00016616183726103628,1.0985491126861966,-0.056477896194685684
23_music,music,bytedance_B_offline,TP,93,100,90,7.807177916806539,7.894188833887749,8.961212507705916,7.8130011558532715,8.90527057647705,0.005823239046732098,1.011081742589302,-0.05594193122886537
23_music,music,bytedance_B_offline,TP,94,101,84,7.895181251869254,7.985182833948786,8.961212507705916,7.900683879852295,8.907319068908691,0.0055026279830405755,0.9221362349599058,-0.053893438797224746
23_music,music,bytedance_B_offline,TP,95,102,86,7.988186910000911,8.072193751029994,8.961212507705916,7.993900299072266,8.905677795410156,0.005713389071354769,0.8334840443801621,-0.0555347122957599
23_music,music,bytedance_B_offline,TP,96,103,81,8.0731861690115,8.166191827143157,8.961212507705916,8.0824613571167,8.904267311096191,0.009275188105199561,0.7380754839530344,-0.056945196609724746
23_music,music,bytedance_B_offline,TP,97,104,78,8.167197656178468,8.251204497207551,8.961212507705916,8.170344352722168,8.529999732971191,0.003146696543700145,0.2787952357636403,-0.43121277473472475
23_music,music,bytedance_B_offline,TP,98,105,72,8.254195162205873,8.345202573320714,8.961212507705916,8.26513671875,8.904556274414062,0.010941556544127096,0.5593537010933485,-0.05665623329185365
23_music,music,bytedance_B_offline,TP,99,106,74,8.349199067354345,8.439200649433875,8.961212507705916,8.353367805480957,8.699999809265137,0.004168738126612226,0.26079915983126156,-0.26121269844077943
23_music,music,bytedance_B_offline,TP,100,107,69,8.44019306741538,8.527203984496591,8.961212507705916,8.44682502746582,8.800000190734863,0.006631960050439645,0.2727962062382723,-0.16121231697105287
23_music,music,bytedance_B_offline,TP,101,109,66,8.528196402478097,8.611210825525674,8.961212507705916,8.53510856628418,8.90506649017334,0.006912163806083171,0.29385566464766555,-0.05614601753257631
23_music,music,bytedance_B_offline,TP,102,110,60,8.615207319559305,8.706214730674146,8.961212507705916,8.626297950744629,8.905529975891113,0.01109063118532383,0.19931524521696709,-0.05568253181480287
23_music,music,bytedance_B_offline,TP,103,112,62,8.706214730674146,8.796216312753678,8.961212507705916,8.714818954467773,8.904772758483887,0.008604223793627241,0.1085564457302084,-0.056439749222029434
23_music,music,bytedance_B_offline,TP,104,113,57,8.800212806787309,8.888216141850025,8.961212507705916,8.807355880737305,8.903863906860352,0.007143073949995582,0.01564776501032661,-0.05734860084556459
23_music,music,bytedance_B_offline,TP,105,115,54,8.888216141850025,8.979196730857257,8.979196730857257,8.892799377441406,8.975049018859863,0.004583235591381296,-0.004147711997394055,-0.004147711997394055
23_music,music,bytedance_B_offline,TP,106,116,48,8.979196730857257,9.07319480697042,9.07319480697042,8.984845161437988,9.119999885559082,0.005648430580730945,0.046805078588661786,0.046805078588661786
23_music,music,bytedance_B_offline,TP,107,118,31,9.074200636005731,11.877312046876423,11.877312046876423,9.084869384765625,10.40999984741211,0.010668748759893987,-1.4673121994643132,-1.4673121994643132
23_music,music,bytedance_B_offline,TP,108,117,43,9.077204712057856,11.877312046876423,11.877312046876423,9.084121704101562,10.358243021816016,0.006916992043706216,-1.519069025060407,-1.519069025060407
23_music,music,bytedance_B_offline,TP,109,119,48,9.157201647999504,9.24520498306222,10.431265170445867,9.174429893493652,10.350000381469727,0.01722824549414881,1.1047953984075072,-0.08126478897614042
23_music,music,bytedance_B_offline,TP,110,120,53,9.248209059114345,9.333208318124935,10.431265170445867,9.250312805175781,10.359712600708008,0.0021037460614365955,1.0265042825830726,-0.07155256973785917
23_music,music,bytedance_B_offline,TP,111,121,56,9.333208318124935,9.419213406170835,10.431265170445867,9.344529151916504,10.357769012451172,0.011320833791568674,0.9385556062803371,-0.07349615799469511
23_music,music,bytedance_B_offline,TP,112,123,62,9.420219235206146,9.50721674123355,10.431265170445867,9.426461219787598,10.359334945678711,0.006241984581452087,0.8521182044451603,-0.07193022476715605
23_music,music,bytedance_B_offline,TP,113,124,60,9.508222570268861,9.595220076296266,10.431265170445867,9.519851684570312,10.361191749572754,0.011629114301451082,0.7659716732764874,-0.07007342087311308
23_music,music,bytedance_B_offline,TP,114,125,65,9.595220076296266,9.683223411358982,10.431265170445867,9.60018253326416,10.361334800720215,0.004962456967893658,0.6781113893612325,-0.06993036972565214
23_music,music,bytedance_B_offline,TP,115,126,68,9.683223411358982,9.769228499404882,10.431265170445867,9.690853118896484,10.3588228225708,0.0076297075375020285,0.5895943231659189,-0.0724423478750662
23_music,music,bytedance_B_offline,TP,116,127,74,9.770234328440193,9.854241169469276,10.431265170445867,9.771276473999023,10.360502243041992,0.0010421455588307538,0.5062610735727162,-0.0707629274038748
23_music,music,bytedance_B_offline,TP,117,128,72,9.854241169469276,9.941238675496681,10.431265170445867,9.865497589111328,10.361613273620605,0.011256419642052151,0.4203745981239244,-0.06965189682526152
23_music,music,bytedance_B_offline,TP,118,129,77,9.945235169530312,10.028236181524086,10.431265170445867,9.949056625366211,10.363682746887207,0.0038214558358991013,0.3354465653631209,-0.06758242355865995
23_music,music,bytedance_B_offline,FP,,0,24,,,,0.5229403972625732,0.5299999713897705,,,
23_music,music,bytedance_B_offline,FP,,9,60,,,,1.1314023733139038,2.859999895095825,,,
23_music,music,bytedance_B_offline,FP,,66,74,,,,5.803184986114502,6.023770809173584,,,
23_music,music,bytedance_B_offline,FP,,69,69,,,,5.980332374572754,6.022531032562256,,,
23_music,music,bytedance_B_offline,FP,,75,59,,,,6.270425319671631,6.429999828338623,,,
23_music,music,bytedance_B_offline,FP,,78,74,,,,6.530662536621094,6.880000114440918,,,
23_music,music,bytedance_B_offline,FP,,80,79,,,,6.707511901855469,6.71999979019165,,,
23_music,music,bytedance_B_offline,FP,,89,74,,,,7.171367645263672,7.517829895019531,,,
23_music,music,bytedance_B_offline,FP,,108,78,,,,8.535003662109375,8.905811309814453,,,
23_music,music,bytedance_B_offline,FP,,111,74,,,,8.713913917541504,8.90489387512207,,,
23_music,music,bytedance_B_offline,FP,,114,69,,,,8.81171989440918,8.90340518951416,,,
23_music,music,bytedance_B_offline,FP,,122,74,,,,9.42530632019043,9.760000228881836,,,
23_music,music,basic_pitch,FN,0,,36,0.5259815301980652,3.329079530014954,3.329079530014954,,,,,
23_music,music,basic_pitch,FN,1,,48,0.5259815301980652,0.6139848652607807,0.6139848652607807,,,,,
23_music,music,basic_pitch,TP,2,1,48,0.6139848652607807,3.224084389782403,3.2280808838160344,0.6501587301587302,0.8591383219954648,0.03617386489794949,-2.3649460677869385,-2.3689425618205697
23_music,music,basic_pitch,TP,3,2,55,0.6939952122562334,0.7819985473189489,3.134082807702872,0.7082086167800453,1.2654875283446712,0.014213404523811923,0.48348898102572224,-1.8685952793582008
23_music,music,basic_pitch,FN,4,,60,0.7830043763542588,0.8690094644001587,0.9570127994628742,,,,,
23_music,music,basic_pitch,TP,5,3,64,0.8690094644001587,0.9560069704275643,2.952081396526994,0.8707482993197279,1.1029478458049886,0.0017388349195691655,0.14694087537742428,-1.8491335507220055
23_music,music,basic_pitch,FN,6,,60,0.9570127994628742,1.0400138114566484,2.86807455549791,,,,,
23_music,music,basic_pitch,TP,7,4,67,1.0450161345255897,1.1320136405529952,2.7730706503494376,1.0448979591836736,1.3235374149659864,-0.00011817534191616019,0.19152377441299118,-1.4495332353834511
23_music,music,basic_pitch,FN,8,,72,1.1320136405529952,1.2160204815820794,1.3000273226111636,,,,,
23_music,music,basic_pitch,FN,9,,76,1.2160204815820794,1.2990214935758537,2.594073315225685,,,,,
23_music,music,basic_pitch,FN,10,,72,1.3000273226111636,1.3870248286385691,2.507062398144475,,,,,
23_music,music,basic_pitch,FN,11,,79,1.388030657673879,1.4710316696676533,2.4270788732566304,,,,,
23_music,music,basic_pitch,FN,12,,84,1.4750281637012848,1.559035004730369,1.6470383397930843,,,,,
23_music,music,basic_pitch,FN,13,,88,1.559035004730369,1.6460325107577745,2.2520646211127047,,,,,
23_music,music,basic_pitch,TP,14,6,84,1.6470383397930843,1.7340358458204899,2.1640612860499893,1.6602267573696146,2.033029931972789,0.01318841757653022,0.2989940861522993,-0.13103135407720012
23_music,music,basic_pitch,FN,15,,91,1.7350416748557997,1.8210467629016995,2.0780561980040893,,,,,
23_music,music,basic_pitch,FN,16,,96,1.8210467629016995,1.908044268929105,1.9900528629413734,,,,,
23_music,music,basic_pitch,FN,17,,100,1.909050097964415,1.9890604449598677,3.253092499160741,,,,,
23_music,music,basic_pitch,FN,18,,96,1.9900528629413734,2.0770637800225833,3.253092499160741,,,,,
23_music,music,basic_pitch,TP,19,8,91,2.0780561980040893,2.1640612860499893,3.253092499160741,2.067859863945578,2.2420095238095237,-0.01019633405851117,0.07794823775953441,-1.0110829753512172
23_music,music,basic_pitch,TP,20,9,84,2.1640612860499893,2.2520646211127047,2.3400679561754205,2.1607396825396825,2.4625990929705215,-0.0033216035103067476,0.21053447185781682,0.12253113679510097
23_music,music,basic_pitch,FN,21,,88,2.2520646211127047,2.3390755381939146,3.253092499160741,,,,,
23_music,music,basic_pitch,FN,22,,84,2.3400679561754205,2.423068968169195,3.253092499160741,,,,,
23_music,music,basic_pitch,TP,23,11,79,2.4270788732566304,2.507062398144475,3.253092499160741,2.4277691609977325,2.7528485260770976,0.0006902877411021358,0.24578612793262256,-0.5002439730836432
23_music,music,basic_pitch,TP,24,12,72,2.507062398144475,2.5910692391735592,2.686073144322032,2.4974290249433104,2.892168253968254,-0.009633373201164641,0.3010990147946946,0.2060951096462218
23_music,music,basic_pitch,TP,25,14,76,2.594073315225685,2.685067315286722,3.253092499160741,2.6019188208616777,2.8689482993197277,0.007845505635992733,0.18388098403300557,-0.3841441998410131
23_music,music,basic_pitch,FN,26,,72,2.686073144322032,2.7730706503494376,3.253092499160741,,,,,
23_music,music,basic_pitch,TP,27,15,67,2.7730706503494376,2.86807455549791,3.253092499160741,2.7760684807256233,2.950218140589569,0.0029978303761857283,0.08214358509165898,-0.30287435857117195
23_music,music,basic_pitch,TP,28,16,60,2.86807455549791,2.951075567491684,3.0470853016754664,2.8689482993197277,3.3333473922902495,0.0008737438218178184,0.38227182479856525,0.286262090614783
23_music,music,basic_pitch,TP,29,17,64,2.952081396526994,3.0460794726401565,3.253092499160741,2.950218140589569,3.205637641723356,-0.0018632559374252011,0.15955816908319953,-0.047454857437384756
23_music,music,basic_pitch,FN,30,,60,3.0470853016754664,3.134082807702872,3.253092499160741,,,,,
23_music,music,basic_pitch,TP,31,19,55,3.134082807702872,3.225090218817713,3.253092499160741,3.1359777777777778,3.3101274376417233,0.0018949700749057996,0.08503721882401027,0.05703493848098251
23_music,music,basic_pitch,FN,32,,48,3.2280808838160344,3.3300853590502637,3.3300853590502637,,,,,
23_music,music,basic_pitch,FN,33,,29,3.333076024048585,4.751107209082307,4.751107209082307,,,,,
23_music,music,basic_pitch,TP,34,20,41,3.334081853083895,4.754097874080629,4.754097874080629,3.3449573696145123,4.449189115646258,0.010875516530617357,-0.3049087584343706,-0.3049087584343706
23_music,music,basic_pitch,FN,35,,48,3.417069454023865,3.5040803711050748,4.6310916885891285,,,,,
23_music,music,basic_pitch,TP,36,21,57,3.5050727890865807,3.595074371166112,4.6310916885891285,3.530717006802721,3.9138462585034013,0.02564421771614045,0.31877188733728934,-0.7172454300857272
23_music,music,basic_pitch,FN,37,,60,3.596080200201422,3.6830777062288274,3.7740851173436685,,,,,
23_music,music,basic_pitch,TP,38,22,65,3.6870742002624586,3.7710810412915428,4.6310916885891285,3.6932566893424035,3.8790163265306123,0.006182489079944897,0.10793528523906959,-0.7520753620585161
23_music,music,basic_pitch,FN,39,,60,3.7740851173436685,3.8510779772331913,4.6310916885891285,,,,,
23_music,music,basic_pitch,FN,40,,69,3.8550744712668226,3.945076053346354,4.6310916885891285,,,,,
23_music,music,basic_pitch,FN,41,,72,3.9460818823816637,4.033079388409069,4.121082723471785,,,,,
23_music,music,basic_pitch,TP,42,23,77,4.033079388409069,4.121082723471785,4.6310916885891285,4.031229931972789,4.193769614512472,-0.0018494564362798727,0.0726868910406866,-0.4373220740766568
23_music,music,basic_pitch,FN,43,,72,4.121082723471785,4.204083735465559,4.6310916885891285,,,,,
23_music,music,basic_pitch,TP,44,24,81,4.209086058534501,4.299087640614032,4.6310916885891285,4.205379591836735,4.344699319727891,-0.0037064666977659755,0.04561167911385855,-0.28639236886123776
23_music,music,basic_pitch,FN,45,,84,4.302091716666157,4.387090975676747,4.478098386791588,,,,,
23_music,music,basic_pitch,FN,46,,89,4.387090975676747,4.477092557756278,4.6310916885891285,,,,,
23_music,music,basic_pitch,FN,47,,84,4.478098386791588,4.565095892818994,4.6310916885891285,,,,,
23_music,music,basic_pitch,FN,48,,93,4.5680999688711195,4.660099797967466,4.660099797967466,,,,,
23_music,music,basic_pitch,FN,49,,96,4.661092215948972,4.754097874080629,4.754097874080629,,,,,
23_music,music,basic_pitch,FN,50,,30,4.758094368114261,6.168145976134523,6.168145976134523,,,,,
23_music,music,basic_pitch,FN,51,,100,4.758094368114261,4.838091304055909,6.077151976073487,,,,,
23_music,music,basic_pitch,FN,52,,42,4.7591001971495706,6.169151805169833,6.169151805169833,,,,,
23_music,music,basic_pitch,FN,53,,96,4.839097133091219,4.925088810083315,6.077151976073487,,,,,
23_music,music,basic_pitch,FN,54,,93,4.926094639118625,5.013092145146031,6.077151976073487,,,,,
23_music,music,basic_pitch,FN,55,,84,5.017102050233466,5.101095480208746,5.1890988152714606,,,,,
23_music,music,basic_pitch,FN,56,,88,5.101095480208746,5.188106397289955,6.077151976073487,,,,,
23_music,music,basic_pitch,FN,57,,84,5.1890988152714606,5.27510390331736,6.077151976073487,,,,,
23_music,music,basic_pitch,TP,58,25,81,5.27610973235267,5.363107238380076,6.077151976073487,5.285107482993197,5.586966893424036,0.008997750640527435,0.22385965504396044,-0.49018508264945027
23_music,music,basic_pitch,TP,59,26,72,5.363107238380076,5.44811990844447,5.539113908505508,5.377987301587301,5.586966893424036,0.014880063207225014,0.13884698497956638,0.04785298491852874
23_music,music,basic_pitch,TP,60,27,76,5.451110573442792,5.5341249964903705,6.077151976073487,5.459257142857143,5.621796825396825,0.008146569414351212,0.08767182890645486,-0.4553551506766613
23_music,music,basic_pitch,FN,61,,72,5.539113908505508,5.626124825586717,6.077151976073487,,,,,
23_music,music,basic_pitch,TP,62,28,69,5.627117243568223,5.710131666615801,6.077151976073487,5.610186848072562,5.749506575963719,-0.016930395495660555,0.03937490934791743,-0.32764540010976795
23_music,music,basic_pitch,FN,63,,60,5.710131666615801,5.798135001678517,5.885132507705922,,,,,
23_music,music,basic_pitch,TP,64,29,62,5.798135001678517,5.884140089724417,6.077151976073487,5.795946485260771,6.075869841269841,-0.0021885164177462,0.1917297515454246,-0.0012821348036453628
23_music,music,basic_pitch,FN,65,,60,5.885132507705922,5.972143424787132,6.077151976073487,,,,,
23_music,music,basic_pitch,TP,66,30,57,5.973135842768637,6.060146759849847,6.077151976073487,5.982990022675737,6.14552970521542,0.009854179907099692,0.08538294536557345,0.06837772914193341
23_music,music,basic_pitch,FN,67,,48,6.060146759849847,6.171150052186649,6.171150052186649,,,,,
23_music,music,basic_pitch,FN,68,,31,6.172142470168154,6.875176732688374,7.575180097048857,,,,,
23_music,music,basic_pitch,FN,69,,43,6.176138964201786,6.8781673976866955,7.575180097048857,,,,,
23_music,music,basic_pitch,FN,70,,47,6.263149881282995,6.3471567223120795,7.575180097048857,,,,,
23_music,music,basic_pitch,TP,71,32,55,6.350147387310401,6.438150722373117,7.575180097048857,6.366119274376417,6.598318820861678,0.01597188706601571,0.16016809848856095,-0.9768612761871793
23_music,music,basic_pitch,FN,72,,59,6.438150722373117,6.521165145420696,6.616155639515364,,,,,
23_music,music,basic_pitch,TP,73,33,62,6.522157563402201,6.616155639515364,7.575180097048857,6.5286589569161,6.865348299319728,0.00650139351389889,0.2491926598043639,-0.7098317977291293
23_music,music,basic_pitch,FN,74,,59,6.616155639515364,6.70415897457808,7.575180097048857,,,,,
23_music,music,basic_pitch,TP,75,34,67,6.70415897457808,6.7911698916592895,7.575180097048857,6.714418594104308,6.865348299319728,0.010259619526228114,0.0741784076604386,-0.7098317977291293
23_music,music,basic_pitch,FN,76,,71,6.792162309640795,6.8781673976866955,6.970167226783043,,,,,
23_music,music,basic_pitch,FN,77,,74,6.882163891720327,6.970167226783043,7.575180097048857,,,,,
23_music,music,basic_pitch,FN,78,,30,6.883169720755637,7.250176619159519,7.575180097048857,,,,,
23_music,music,basic_pitch,FN,79,,42,6.883169720755637,7.251182448194829,7.575180097048857,,,,,
23_music,music,basic_pitch,FN,80,,71,6.970167226783043,7.065171131931516,7.575180097048857,,,,,
23_music,music,basic_pitch,FN,81,,79,7.065171131931516,7.155172714011047,7.575180097048857,,,,,
23_music,music,basic_pitch,FN,82,,83,7.158176790063172,7.251182448194829,7.344174695272681,,,,,
23_music,music,basic_pitch,FN,83,,86,7.253180695211644,7.341184030274359,7.575180097048857,,,,,
23_music,music,basic_pitch,FN,84,,28,7.25417311319315,7.628180581682788,7.628180581682788,,,,,
23_music,music,basic_pitch,FN,85,,40,7.25417311319315,7.628180581682788,7.628180581682788,,,,,
23_music,music,basic_pitch,FN,86,,83,7.344174695272681,7.435182106387522,7.575180097048857,,,,,
23_music,music,basic_pitch,FN,87,,91,7.436174524369028,7.533176676534316,7.575180097048857,,,,,
23_music,music,basic_pitch,FN,88,,93,7.534182505569626,7.629172999664293,7.629172999664293,,,,,
23_music,music,basic_pitch,FN,89,,98,7.629172999664293,7.716183916745503,8.961212507705916,,,,,
23_music,music,basic_pitch,FN,90,,26,7.631171246681109,9.069198312936788,9.069198312936788,,,,,
23_music,music,basic_pitch,FN,91,,38,7.631171246681109,9.070204141972098,9.070204141972098,,,,,
23_music,music,basic_pitch,FN,92,,93,7.716183916745503,7.806185498825034,8.961212507705916,,,,,
23_music,music,basic_pitch,FN,93,,90,7.807177916806539,7.894188833887749,8.961212507705916,,,,,
23_music,music,basic_pitch,FN,94,,84,7.895181251869254,7.985182833948786,8.961212507705916,,,,,
23_music,music,basic_pitch,FN,95,,86,7.988186910000911,8.072193751029994,8.961212507705916,,,,,
23_music,music,basic_pitch,TP,96,36,81,8.0731861690115,8.166191827143157,8.961212507705916,8.074069841269841,8.364319274376417,0.0008836722583414058,0.1981274472332597,-0.5968932333294994
23_music,music,basic_pitch,TP,97,37,78,8.167197656178468,8.251204497207551,8.961212507705916,8.155339682539681,8.352709297052154,-0.01185797363878649,0.10150479984460326,-0.6085032106537618
23_music,music,basic_pitch,FN,98,,72,8.254195162205873,8.345202573320714,8.961212507705916,,,,,
23_music,music,basic_pitch,FN,99,,74,8.349199067354345,8.439200649433875,8.961212507705916,,,,,
23_music,music,basic_pitch,FN,100,,69,8.44019306741538,8.527203984496591,8.961212507705916,,,,,
23_music,music,basic_pitch,TP,101,38,66,8.528196402478097,8.611210825525674,8.961212507705916,8.526858956916099,8.828718367346939,-0.0013374455619974412,0.21750754182126464,-0.13249414035897722
23_music,music,basic_pitch,TP,102,39,60,8.615207319559305,8.706214730674146,8.961212507705916,8.608128798185941,8.828718367346939,-0.007078521373363955,0.12250363667279274,-0.13249414035897722
23_music,music,basic_pitch,TP,103,40,62,8.706214730674146,8.796216312753678,8.961212507705916,8.712618594104308,8.979648072562357,0.006403863430161749,0.18343175980867876,0.018435564856440934
23_music,music,basic_pitch,TP,104,41,57,8.800212806787309,8.888216141850025,8.961212507705916,8.805498412698412,8.956428117913832,0.005285605911103275,0.06821197606380736,-0.004784389792083843
23_music,music,basic_pitch,TP,105,42,54,8.888216141850025,8.979196730857257,8.979196730857257,8.898378231292517,9.037697959183673,0.010162089442491862,0.058501228326415244,0.058501228326415244
23_music,music,basic_pitch,FN,106,,48,8.979196730857257,9.07319480697042,9.07319480697042,,,,,
23_music,music,basic_pitch,FN,107,,31,9.074200636005731,11.877312046876423,11.877312046876423,,,,,
23_music,music,basic_pitch,TP,108,43,43,9.077204712057856,11.877312046876423,11.877312046876423,9.0609179138322,10.501839002267575,-0.01628679822565715,-1.3754730446088477,-1.3754730446088477
23_music,music,basic_pitch,FN,109,,48,9.157201647999504,9.24520498306222,10.431265170445867,,,,,
23_music,music,basic_pitch,FN,110,,53,9.248209059114345,9.333208318124935,10.431265170445867,,,,,
23_music,music,basic_pitch,TP,111,44,56,9.333208318124935,9.419213406170835,10.431265170445867,9.339557369614512,9.56014693877551,0.0063490514895772066,0.14093353260467545,-0.8711182316703567
23_music,music,basic_pitch,TP,112,45,62,9.420219235206146,9.50721674123355,10.431265170445867,9.420827210884353,9.571756916099773,0.0006079756782071399,0.06454017486622199,-0.8595082543460943
23_music,music,basic_pitch,TP,113,46,60,9.508222570268861,9.595220076296266,10.431265170445867,9.467267120181406,9.862006349206348,-0.0409554500874556,0.26678627291008183,-0.5692588212395187
23_music,music,basic_pitch,TP,114,47,65,9.595220076296266,9.683223411358982,10.431265170445867,9.5949768707483,9.74590657596372,-0.00024320554796730676,0.06268316460473677,-0.6853585944821479
23_music,music,basic_pitch,TP,115,48,68,9.683223411358982,9.769228499404882,10.431265170445867,9.687856689342404,9.896836281179137,0.00463327798342128,0.12760778177425536,-0.5344288892667297
23_music,music,basic_pitch,FN,116,,74,9.770234328440193,9.854241169469276,10.431265170445867,,,,,
23_music,music,basic_pitch,FN,117,,72,9.854241169469276,9.941238675496681,10.431265170445867,,,,,
23_music,music,basic_pitch,FN,118,,77,9.945235169530312,10.028236181524086,10.431265170445867,,,,,
23_music,music,basic_pitch,FP,,0,60,,,,0.5456689342403628,2.067859863945578,,,
23_music,music,basic_pitch,FP,,5,64,,,,1.242267573696145,1.486077097505669,,,
23_music,music,basic_pitch,FP,,7,64,,,,1.6718367346938776,1.811156462585034,,,
23_music,music,basic_pitch,FP,,10,60,,,,2.2187895691609976,2.857338321995465,,,
23_music,music,basic_pitch,FP,,13,67,,,,2.590308843537415,2.7760684807256233,,,
23_music,music,basic_pitch,FP,,18,67,,,,2.950218140589569,3.205637641723356,,,
23_music,music,basic_pitch,FP,,31,43,,,,6.354509297052155,7.236867573696145,,,
23_music,music,basic_pitch,FP,,35,59,,,,6.784078458049887,6.935008163265306,,,
23_music,music,basic_pitch,FP,,49,60,,,,9.873616326530612,10.083879818594106,,,
24_music,music,bytedance,TP,0,0,70,1.111977526169622,1.429980433973205,1.429980433973205,1.1258666515350342,1.235597014427185,0.013889125365412092,-0.1943834195460199,-0.1943834195460199
24_music,music,bytedance,TP,1,1,70,1.429980433973205,1.534975574205756,1.9549561351359601,1.4214709997177124,1.9700000286102295,-0.008509434255492554,0.43502445440447346,0.015043893474269376
24_music,music,bytedance,TP,2,2,39,1.4339769280068364,1.535981403241066,1.751966424756615,1.4278866052627563,1.7000000476837158,-0.006090322744080057,0.1640186444426499,-0.051966377072899084
24_music,music,bytedance,TP,3,3,58,1.5379796502578815,1.6399707144383069,2.1649598266548664,1.5672651529312134,2.1700000762939453,0.029285502673331854,0.5300293618556384,0.0050402496390788976
24_music,music,bytedance,FN,4,,55,1.5389720682393873,1.6409765434736168,1.8579673940244759,,,,,
24_music,music,bytedance,TP,5,6,67,1.6429747904904324,1.7489623487044892,2.1649598266548664,1.6731678247451782,2.1700000762939453,0.030193034254745843,0.4210377275894561,0.0050402496390788976
24_music,music,bytedance,TP,6,5,46,1.6439672084719381,1.7489623487044892,1.9579602111880858,1.624267339706421,1.8899999856948853,-0.019699868765517214,0.14103763699039606,-0.06796022549320058
24_music,music,bytedance,TP,7,7,39,1.751966424756615,1.856961564989166,2.0599646864223153,1.7087693214416504,2.049999952316284,-0.04319710331496451,0.1930383873271182,-0.009964734106031159
24_music,music,bytedance,TP,8,8,75,1.751966424756615,1.8529650709555345,2.263946814783166,1.7744468450546265,2.2899999618530273,0.02248042029801156,0.4370348908974928,0.026053147069861282
24_music,music,bytedance,FN,9,,55,1.8579673940244759,1.9549561351359601,2.573943323465682,,,,,
24_music,music,bytedance,TP,10,9,63,1.8579673940244759,1.9509596411023287,2.4669499362163156,1.8697702884674072,2.4800000190734863,0.011802894442931366,0.5290403779711577,0.013050082857170686
24_music,music,bytedance,TP,11,11,70,1.9549561351359601,2.0569606103701896,2.4659441071810058,1.9821499586105347,2.4800000190734863,0.027193823474574552,0.4230394087032967,0.014055911892480566
24_music,music,bytedance,FN,12,,46,1.9579602111880858,2.0569606103701896,2.263946814783166,,,,,
24_music,music,bytedance,TP,13,12,39,2.0599646864223153,2.1649598266548664,2.3679495370342116,2.0571837425231934,2.369999885559082,-0.0027809438991219793,0.20504005890421562,0.0020503485248704045
24_music,music,bytedance,TP,14,13,79,2.0599646864223153,2.1619557506027407,2.5709392474135564,2.0660176277160645,2.5799999237060547,0.0060529412937491145,0.418044173103314,0.009060676292498293
24_music,music,bytedance,TP,15,15,58,2.1649598266548664,2.26295439680166,2.8749410150456254,2.184551239013672,2.5,0.01959141235880546,0.2370456031983399,-0.3749410150456254
24_music,music,bytedance,TP,16,14,67,2.1649598266548664,2.258957902768029,2.77093829279458,2.1828980445861816,2.7799999713897705,0.017938217931315226,0.5210420686217416,0.009061678595190692
24_music,music,bytedance,TP,17,16,46,2.263946814783166,2.364945460982086,2.6739361406292916,2.2364842891693115,2.680000066757202,-0.027462525613854538,0.31505460577511624,0.006063926127910513
24_music,music,bytedance,TP,18,17,75,2.263946814783166,2.364945460982086,2.77093829279458,2.2979373931884766,2.7799999713897705,0.0339905784053105,0.4150545104076846,0.009061678595190692
24_music,music,bytedance,TP,19,19,39,2.3679495370342116,2.4659441071810058,3.2709292007202366,2.381685733795166,2.7350921630859375,0.013736196760954389,0.26914805590493174,-0.5358370376342991
24_music,music,bytedance,TP,20,18,82,2.3679495370342116,2.4659441071810058,2.8729427680288095,2.3795135021209717,2.7425620555877686,0.011563965086760053,0.2766179484067628,-0.130380712441041
24_music,music,bytedance,TP,21,20,70,2.4659441071810058,2.566942753379925,3.071935984374523,2.488217830657959,3.0799999237060547,0.022273723476953222,0.5130571703261295,0.0080639393315316
24_music,music,bytedance,TP,22,21,63,2.4669499362163156,2.5709392474135564,3.2709292007202366,2.494800090789795,3.200000047683716,0.02785015457347928,0.6290608002701594,-0.07092915303652081
24_music,music,bytedance,TP,23,23,79,2.5709392474135564,2.6689472286141545,3.070930155339213,2.5857698917388916,3.069999933242798,0.014830644325335207,0.4010527046286434,-0.0009302220964153562
24_music,music,bytedance,TP,24,24,55,2.573943323465682,2.6689472286141545,3.2709292007202366,2.591972589492798,3.2100000381469727,0.018029266027115742,0.5410528095328182,-0.06092916257326397
24_music,music,bytedance,TP,25,25,87,2.6729437226477857,2.7659493807794426,3.2709292007202366,2.6745529174804688,3.190000057220459,0.0016091948326830696,0.42405067644101635,-0.08092914349977764
24_music,music,bytedance,TP,26,26,46,2.6739361406292916,2.7669417987609486,3.2709292007202366,2.6858696937561035,3.1700000762939453,0.01193355312681188,0.4030582775329967,-0.10092912442629132
24_music,music,bytedance,TP,27,28,67,2.77093829279458,2.8729427680288095,3.2709292007202366,2.7875843048095703,3.1848151683807373,0.016646012014990497,0.31187240035192776,-0.08611403233949932
24_music,music,bytedance,TP,28,27,75,2.77093829279458,2.8719369389934997,3.2709292007202366,2.7872908115386963,3.1851799488067627,0.016352518744116473,0.31324300981326303,-0.08574925191347393
24_music,music,bytedance,TP,29,29,82,2.8729427680288095,2.969931509140294,3.1689381365398113,2.8880579471588135,3.1600000858306885,0.01511517913000393,0.19006857669039467,-0.008938050709122791
24_music,music,bytedance,TP,30,30,58,2.8749410150456254,2.969931509140294,3.1699305545213172,2.8942863941192627,3.1600000858306885,0.019345379073637314,0.19006857669039467,-0.009930468690628746
24_music,music,bytedance,TP,31,31,91,2.9709373381756037,3.066933661305582,3.2709292007202366,2.9830422401428223,3.186507225036621,0.012104901967218584,0.11957356373103911,-0.08442197568361554
24_music,music,bytedance,TP,32,32,51,2.9729355851924195,3.067939490340892,3.2709292007202366,2.9853813648223877,3.1851584911346436,0.012445779629968179,0.1172190007937517,-0.08577070958559307
24_music,music,bytedance,TP,33,33,79,3.070930155339213,3.1659340604876856,3.2709292007202366,3.0843541622161865,3.2100000381469727,0.013424006876973316,0.0440659776592871,-0.06092916257326397
24_music,music,bytedance,TP,34,34,70,3.071935984374523,3.1669398895229954,3.2709292007202366,3.0945069789886475,3.184368133544922,0.022570994614124373,0.017428244021926442,-0.08656106717531475
24_music,music,bytedance,TP,35,36,82,3.1689381365398113,3.2639286306344797,3.2709292007202366,3.1713309288024902,3.3299999237060547,0.0023927922626789666,0.066071293071575,0.05907072298581806
24_music,music,bytedance,TP,36,35,58,3.1699305545213172,3.2649344596697896,3.2709292007202366,3.1654605865478516,3.5,-0.0044699679734656605,0.23506554033021043,0.22907079927976337
24_music,music,bytedance,TP,37,38,89,3.2669327066866054,3.3659331058687094,3.575923386333812,3.2741920948028564,3.509999990463257,0.007259388116251042,0.14406688459454742,-0.06592339587055518
24_music,music,bytedance,TP,38,37,51,3.2709292007202366,3.3659331058687094,3.575923386333812,3.2685747146606445,3.491485357284546,-0.002354486059592098,0.12555225141583648,-0.08443802904926612
24_music,music,bytedance,TP,39,39,74,3.3659331058687094,3.4659259230323194,3.575923386333812,3.3747687339782715,3.486968755722046,0.008835628109562066,0.02104283268972651,-0.08895463061176612
24_music,music,bytedance,TP,40,40,71,3.3669255238502154,3.4709282461012605,3.575923386333812,3.379617214202881,3.4871110916137695,0.012691690352665486,0.016182845512509036,-0.08881229472004248
24_music,music,bytedance,TP,41,42,80,3.4709282461012605,3.5719268923001803,3.575923386333812,3.4781546592712402,3.7699999809265137,0.00722641316997974,0.19807308862633333,0.19407659459270166
24_music,music,bytedance,TP,42,41,59,3.4729264931180763,3.5729193102816863,3.575923386333812,3.475001573562622,3.5299999713897705,0.0020750804445457405,-0.04291933889191579,-0.04592341494404151
24_music,music,bytedance,TP,43,44,87,3.574930968352306,3.6699214624469745,3.900926864223152,3.5817453861236572,3.8338539600372314,0.006814417771351167,0.16393249759025696,-0.06707290418592038
24_music,music,bytedance,TP,44,45,51,3.575923386333812,3.6699214624469745,3.8839216479995122,3.589585542678833,3.869999885559082,0.013662156345020993,0.20007842311210755,-0.013921762440430197
24_music,music,bytedance,TP,45,47,75,3.6739179564806057,3.7739241846980196,3.900926864223152,3.686063766479492,3.836158275604248,0.012145809998886481,0.062234090906228445,-0.06476858861890378
24_music,music,bytedance,TP,46,48,72,3.6769220325327314,3.778913096713157,3.900926864223152,3.706179618835449,3.8348891735076904,0.029257586302717797,0.05597607679453365,-0.0660376907154614
24_music,music,bytedance,FN,47,,60,3.778913096713157,3.8809175719473865,3.900926864223152,,,,,
24_music,music,bytedance,TP,48,49,80,3.778913096713157,3.8799117429120766,3.900926864223152,3.7762258052825928,3.8651912212371826,-0.0026872914305640094,-0.014720521674894016,-0.03573564298596921
24_music,music,bytedance,TP,49,52,84,3.8829158189642023,3.977933135166479,4.195916403698844,3.8891897201538086,4.139999866485596,0.006273901189606246,0.16206673131911664,-0.05591653721324796
24_music,music,bytedance,TP,50,51,51,3.8839216479995122,3.977933135166479,4.197914650715659,3.877371072769165,4.124721527099609,-0.006550575230347189,0.1467883919331303,-0.07319312361604968
24_music,music,bytedance,TP,51,53,72,3.9819296292001103,4.08192244636372,4.201911144749291,3.9905471801757812,4.124204635620117,0.008617550975670962,0.04228218925639737,-0.07770650912917354
24_music,music,bytedance,TP,52,54,68,3.9849202941984316,4.08292827539903,4.201911144749291,4.011358261108398,4.123568058013916,0.026437966909966804,0.04063978261488632,-0.07834308673537471
24_music,music,bytedance,TP,53,55,80,4.0859189403973515,4.194923985717338,4.201911144749291,4.086704730987549,4.190738201141357,0.0007857905901973439,-0.004185784575980733,-0.011172943607933306
24_music,music,bytedance,FN,54,,62,4.086924769432661,4.195916403698844,4.201911144749291,,,,,
24_music,music,bytedance,TP,55,56,84,4.195916403698844,4.299919125949889,4.530911116672262,4.205132484436035,4.463013172149658,0.00921608073719149,0.16309404619976942,-0.06789794452260356
24_music,music,bytedance,TP,56,57,51,4.197914650715659,4.299919125949889,4.530911116672262,4.2061662673950195,4.464613914489746,0.008251616679360474,0.1646947885398573,-0.06629720218251567
24_music,music,bytedance,TP,57,59,67,4.300911543931394,4.3979136960966825,4.530911116672262,4.3351922035217285,4.46376371383667,0.03428065959033422,0.06585001773998744,-0.06714740283559184
24_music,music,bytedance,TP,58,58,72,4.300911543931394,4.3979136960966825,4.530911116672262,4.296853542327881,4.464570045471191,-0.004058001603513439,0.06665634937450893,-0.06634107120107036
24_music,music,bytedance,TP,59,60,79,4.3979136960966825,4.502908836329234,4.530911116672262,4.420388221740723,4.505062580108643,0.022474525644040177,0.002153743779408579,-0.025848536563619184
24_music,music,bytedance,TP,60,61,63,4.401910190130314,4.503914665364544,4.530911116672262,4.424908638000488,4.510000228881836,0.022998447870174132,0.006085563517292059,-0.020910887790425825
24_music,music,bytedance,TP,61,62,82,4.503914665364544,4.607903976561785,5.140886076845608,4.519343852996826,5.060765743255615,0.015429187632282293,0.4528617666938306,-0.08012033358999293
24_music,music,bytedance,TP,62,63,58,4.505912912381359,4.607903976561785,5.140886076845608,4.524363994598389,5.060789585113525,0.018451082217029402,0.45288560855174076,-0.08009649173208278
24_music,music,bytedance,TP,63,65,70,4.6089098055970945,4.709908451796014,5.031894442579426,4.617831230163574,5.059999942779541,0.008921424566479708,0.35009149098352665,0.028105500200115152
24_music,music,bytedance,TP,64,64,67,4.611900470595416,4.712899116794336,4.922889397259439,4.593850135803223,4.900000095367432,-0.018050334792193645,0.1871009785730955,-0.022889301892007552
24_music,music,bytedance,TP,65,67,75,4.712899116794336,4.813897762993256,5.1368895828119765,4.744470119476318,5.063071250915527,0.03157100268198221,0.24917348792227134,-0.07381833189644915
24_music,music,bytedance,TP,66,66,63,4.713904945829646,4.814903592028566,4.923895226294749,4.674615383148193,4.949999809265137,-0.03928956268145267,0.13509621723657084,0.026104582970387646
24_music,music,bytedance,TP,67,68,79,4.817894257026888,4.9188929032258075,5.140886076845608,4.825747966766357,5.06223201751709,0.00785370973946975,0.14333911429128232,-0.07865405932851832
24_music,music,bytedance,TP,68,69,51,4.8189000860621976,4.922889397259439,5.140886076845608,4.829582214355469,5.060057640075684,0.010682128293271198,0.1371682428162444,-0.08082843676992457
24_music,music,bytedance,TP,69,70,67,4.922889397259439,5.031894442579426,5.140886076845608,4.913721084594727,5.079999923706055,-0.00916831266471263,0.048105481126628824,-0.06088615313955348
24_music,music,bytedance,TP,70,71,63,4.923895226294749,5.031894442579426,5.140886076845608,4.957827091217041,5.061078071594238,0.03393186492229194,0.029183629014812418,-0.07980800525136988
24_music,music,bytedance,TP,71,72,70,5.031894442579426,5.132893088778345,5.140886076845608,5.074588298797607,5.139999866485596,0.04269385621818156,0.0071067777072508775,-0.0008862103600124627
24_music,music,bytedance,FN,72,,55,5.032886860560931,5.1368895828119765,5.140886076845608,,,,,
24_music,music,bytedance,TP,73,74,75,5.1368895828119765,5.230887658925139,5.447878509475997,5.1478681564331055,5.355126857757568,0.010978573621128973,0.12423919883242895,-0.09275165171842836
24_music,music,bytedance,TP,74,73,41,5.139880247810298,5.233878323923461,5.447878509475997,5.141049861907959,5.354784965515137,0.0011696140976606983,0.12090664159167552,-0.09309354396086
24_music,music,bytedance,TP,75,75,63,5.234884152958771,5.33588279915769,5.447878509475997,5.2324957847595215,5.3561110496521,-0.002388368199249591,0.020228250494409572,-0.09176745982389711
24_music,music,bytedance,FN,76,,60,5.237888229010896,5.33588279915769,5.447878509475997,,,,,
24_music,music,bytedance,TP,77,77,69,5.339879293191322,5.440877939390241,5.447878509475997,5.356732368469238,5.444504261016846,0.016853075277916574,0.0036263216266050335,-0.003374248459151019
24_music,music,bytedance,FN,78,,53,5.342883369243447,5.443882015442366,5.447878509475997,,,,,
24_music,music,bytedance,FN,79,,48,5.4448744334238715,5.541876585589159,5.749868619037445,,,,,
24_music,music,bytedance,TP,80,78,74,5.4448744334238715,5.5388725095370335,5.749868619037445,5.457285404205322,5.655983924865723,0.012410970781450814,0.11711141532868918,-0.09388469417172196
24_music,music,bytedance,TP,81,81,62,5.542869003570664,5.643867649769583,5.749868619037445,5.573445796966553,5.658411502838135,0.03057679339588848,0.014543853068551549,-0.09145711619930985
24_music,music,bytedance,TP,82,79,60,5.5458730796227895,5.643867649769583,5.749868619037445,5.502533435821533,5.660828113555908,-0.04333964380125632,0.016960463786324986,-0.08904050548153641
24_music,music,bytedance,TP,83,82,69,5.647877554857018,5.744866295968503,5.749868619037445,5.636773586273193,5.760000228881836,-0.011103968583825008,0.01513393291333287,0.01013160984439132
24_music,music,bytedance,FN,84,,53,5.65086821985534,5.745872125003813,5.749868619037445,,,,,
24_music,music,bytedance,TP,85,84,75,5.745872125003813,5.846870771202733,6.049860481582077,5.756736755371094,5.974188804626465,0.010864630367280803,0.12731803342373205,-0.07567167695561228
24_music,music,bytedance,TP,86,83,41,5.749868619037445,5.849861436201055,6.049860481582077,5.754156112670898,5.974248886108398,0.0042874936334538205,0.12438744990734385,-0.07561159547367868
24_music,music,bytedance,TP,87,85,63,5.8508672652363645,5.948861835383158,6.049860481582077,5.857497692108154,5.97480583190918,0.00663042687178983,0.02594399652602153,-0.07505464967289743
24_music,music,bytedance,FN,88,,60,5.85387134128849,5.948861835383158,6.049860481582077,,,,,
24_music,music,bytedance,TP,89,87,69,5.949867664418468,6.045863987548446,6.049860481582077,5.949311256408691,6.050000190734863,-0.0005564080097766322,0.004136203186416942,0.00013970915278616047
24_music,music,bytedance,TP,90,86,53,5.951865911435283,6.046869816583756,6.049860481582077,5.940462112426758,5.984335422515869,-0.011403799008525617,-0.06253439406788708,-0.06552505906620798
24_music,music,bytedance,TP,91,88,79,6.048868063600572,6.14385855769524,6.356852914212467,6.054068088531494,6.284300804138184,0.005200024930922531,0.14044224644294356,-0.07255211007428297
24_music,music,bytedance,TP,92,89,46,6.049860481582077,6.14486438673055,6.356852914212467,6.055093288421631,6.284776210784912,0.005232806839553739,0.1399118240543622,-0.07207670342755446
24_music,music,bytedance,TP,93,91,67,6.147868462782675,6.245863032929469,6.356852914212467,6.159179210662842,6.2851643562316895,0.011310747880166616,0.03930132330222058,-0.07168855798077711
24_music,music,bytedance,TP,94,90,63,6.148860880764181,6.245863032929469,6.356852914212467,6.143287658691406,6.284996509552002,-0.005573222072774442,0.03913347662253308,-0.07185640466046461
24_music,music,bytedance,TP,95,93,70,6.246855450910974,6.343857603076263,6.356852914212467,6.264440536499023,6.336789131164551,0.017585085588049054,-0.007068471911711782,-0.020063783047915784
24_music,music,bytedance,TP,96,92,53,6.2498595269631,6.343857603076263,6.356852914212467,6.225118637084961,6.329999923706055,-0.024740889878138717,-0.013857679370207876,-0.026852990506411878
24_music,music,bytedance,TP,97,94,77,6.344863432111572,6.441865584276861,6.665857004913476,6.356170654296875,6.630000114440918,0.011307222185302557,0.18813453016405735,-0.0358568904725578
24_music,music,bytedance,TP,98,95,50,6.347854097109894,6.442858002258366,6.665857004913476,6.3616485595703125,6.6172919273376465,0.013794462460418266,0.17443392507928035,-0.048565077575829285
24_music,music,bytedance,TP,99,96,65,6.442858002258366,6.542850819421975,6.665857004913476,6.456284999847412,6.615383625030518,0.013426997589045975,0.07253280560854236,-0.05047337988295819
24_music,music,bytedance,TP,100,97,62,6.4448562492751815,6.543856648457285,6.665857004913476,6.473236560821533,6.617564678192139,0.028380311546351678,0.07370802973485358,-0.0482923267213371
24_music,music,bytedance,TP,101,98,70,6.54686072450941,6.641851218604079,6.665857004913476,6.535184860229492,6.635552406311035,-0.01167586427991818,-0.006298812293043632,-0.030304598602440613
24_music,music,bytedance,FN,102,,53,6.547853142490916,6.644855294656204,6.665857004913476,,,,,
24_music,music,bytedance,TP,103,101,74,6.644855294656204,6.742849864802999,6.9508418982512845,6.654992580413818,6.875709056854248,0.0101372857576143,0.1328591920512494,-0.07513284139703647
24_music,music,bytedance,TP,104,100,46,6.648851788689836,6.7438556938383085,6.9508418982512845,6.6544389724731445,6.878057479858398,0.005587183783308802,0.13420178602008992,-0.07278441839288607
24_music,music,bytedance,TP,105,102,62,6.7438556938383085,6.840857846003597,6.9508418982512845,6.762005805969238,6.875571250915527,0.018150112130929763,0.034713404911930645,-0.07527064733575717
24_music,music,bytedance,TP,106,103,58,6.745853940855124,6.840857846003597,6.9508418982512845,6.7645769119262695,6.876560211181641,0.018722971071145622,0.03570236517804393,-0.07428168706964389
24_music,music,bytedance,TP,107,105,65,6.841850263985102,6.945852986236147,6.9508418982512845,6.865091800689697,6.968367576599121,0.023241536704595056,0.022514590362973763,0.017525678347836582
24_music,music,bytedance,TP,108,104,53,6.843848511001918,6.945852986236147,6.9508418982512845,6.818220615386963,6.877903938293457,-0.02562789561495471,-0.0679490479426903,-0.07293795995782748
24_music,music,bytedance,TP,109,106,41,6.949849480269779,7.051840544450204,7.264834900967431,6.948047161102295,7.210000038146973,-0.0018023191674840788,0.1581594936967683,-0.05483486282045824
24_music,music,bytedance,TP,110,107,75,6.949849480269779,7.050848126468699,7.264834900967431,6.956704139709473,7.175899505615234,0.0068546594396936555,0.12505137914653552,-0.08893539535219652
24_music,music,bytedance,TP,111,108,63,7.051840544450204,7.1558432667012495,7.264834900967431,7.053629398345947,7.177884578704834,0.0017888538957429034,0.0220413120035845,-0.08695032226259691
24_music,music,bytedance,FN,112,,60,7.05383879146702,7.156835684682755,7.264834900967431,,,,,
24_music,music,bytedance,TP,113,109,69,7.156835684682755,7.2608384069338,7.264834900967431,7.170660018920898,7.244439601898193,0.013824334238143443,-0.016398805035606756,-0.020395299069237538
24_music,music,bytedance,TP,114,110,53,7.15883393169957,7.2608384069338,7.264834900967431,7.173199653625488,7.230000019073486,0.014365721925917896,-0.030838387860313787,-0.03483488189394457
24_music,music,bytedance,TP,115,112,74,7.261830824915306,7.361837053132719,7.575823827631451,7.273731708526611,7.4789276123046875,0.011900883611305701,0.11709055917196842,-0.09689621532676362
24_music,music,bytedance,TP,116,113,48,7.264834900967431,7.362829471114225,7.575823827631451,7.281317234039307,7.46999979019165,0.016482333071875743,0.1071703190774258,-0.10582403743980073
24_music,music,bytedance,TP,117,115,62,7.36583354716635,7.466832193365269,7.575823827631451,7.398983001708984,7.487242221832275,0.033149454542634516,0.02041002846700657,-0.08858160579917573
24_music,music,bytedance,TP,118,114,59,7.366825965147855,7.4708286873989005,7.575823827631451,7.36405086517334,7.492151737213135,-0.002775099974515527,0.021323049814234274,-0.08367209041831636
24_music,music,bytedance,TP,119,117,69,7.4708286873989005,7.572819751579326,7.575823827631451,7.455916404724121,7.610000133514404,-0.014912282674779398,0.037180381935078444,0.03417630588295317
24_music,music,bytedance,TP,120,116,53,7.47183451643421,7.572819751579326,7.575823827631451,7.434396743774414,7.486473083496094,-0.03743777265979631,-0.0863466680832321,-0.08935074413535737
24_music,music,bytedance,TP,121,119,75,7.573825580614636,7.669821903744613,7.902825552537606,7.5942277908325195,7.815797805786133,0.0204022102178838,0.14597590204151967,-0.08702774675147307
24_music,music,bytedance,TP,122,118,41,7.575823827631451,7.670827732779923,7.902825552537606,7.560652732849121,7.8176140785217285,-0.01517109478233003,0.1467863457418055,-0.08521147401587736
24_music,music,bytedance,TP,123,120,63,7.672825979796738,7.774817043977164,7.902825552537606,7.684628009796143,7.819149971008301,0.011802029999404162,0.044332927031137004,-0.0836755815293051
24_music,music,bytedance,TP,124,121,60,7.673818397778244,7.775822873012474,7.902825552537606,7.707564830780029,7.818175792694092,0.03374643300178537,0.04235291968161814,-0.08464975984351408
24_music,music,bytedance,TP,125,123,69,7.7788135380107954,7.897823229468664,7.902825552537606,7.775813579559326,7.887057781219482,-0.0029999584514692756,-0.010765448249181908,-0.015767771318123458
24_music,music,bytedance,TP,126,122,53,7.779819367046105,7.897823229468664,7.902825552537606,7.748352527618408,7.84505033493042,-0.031466839427697124,-0.05277289453824441,-0.05777521760718596
24_music,music,bytedance,TP,127,125,46,7.901819723502296,8.002818369701215,8.226809790337834,7.912780284881592,8.145997047424316,0.010960561379295797,0.14317867772310144,-0.08081274291351725
24_music,music,bytedance,TP,128,124,79,7.901819723502296,8.00182595171971,8.226809790337834,7.906835079193115,8.144908905029297,0.005015355690819234,0.14308295330958742,-0.08190088530853679
24_music,music,bytedance,TP,129,127,67,8.002818369701215,8.103817015900134,8.226809790337834,8.016966819763184,8.147174835205078,0.014148450061968632,0.0433578193049442,-0.07963495513275554
24_music,music,bytedance,TP,130,126,63,8.00582244575334,8.107813509933765,8.226809790337834,8.014473915100098,8.145516395568848,0.008651469346757423,0.03770288563508295,-0.081293394768986
24_music,music,bytedance,TP,131,128,72,8.108819338969075,8.212808650166318,8.226809790337834,8.124887466430664,8.197615623474121,0.01606812746158859,-0.01519302669219691,-0.029194166863712567
24_music,music,bytedance,TP,132,129,56,8.110817585985892,8.212808650166318,8.226809790337834,8.154160499572754,8.187783241271973,0.04334291358686215,-0.025025408894345347,-0.039026549065861005
24_music,music,bytedance,TP,133,131,77,8.213814479201629,8.306793315225677,8.541795211035485,8.223469734191895,8.495016098022461,0.00965525499026576,0.1882227827967835,-0.04677911301302373
24_music,music,bytedance,TP,134,130,53,8.21680514419995,8.307799144260988,8.418789025543985,8.216797828674316,8.289999961853027,-7.315525634155051e-06,-0.017799182407960856,-0.12878906369095766
24_music,music,bytedance,TP,135,132,65,8.310803220313113,8.415798360545663,8.541795211035485,8.323336601257324,8.495529174804688,0.012533380944210748,0.07973081425902429,-0.04626603623079717
24_music,music,bytedance,TP,136,133,62,8.314799714346744,8.416790778527169,8.541795211035485,8.334859848022461,8.495386123657227,0.020060133675716685,0.07859534513005784,-0.04640908737825811
24_music,music,bytedance,TP,137,135,68,8.416790778527169,8.51778942472609,8.541795211035485,8.435437202453613,8.519890785217285,0.018646423926444555,0.002101360491195692,-0.021904425818199513
24_music,music,bytedance,TP,138,136,53,8.418789025543985,8.51778942472609,8.541795211035485,8.436595916748047,8.49503231048584,0.01780689120406187,-0.02275711424024962,-0.046762900549644826
24_music,music,bytedance,TP,139,138,72,8.520793500778215,8.621805558030937,8.849780061647381,8.527130126953125,8.8100004196167,0.006336626174910265,0.18819486158576204,-0.03977964203068218
24_music,music,bytedance,TP,140,137,46,8.52178591875972,8.622797976012443,8.849780061647381,8.524989128112793,8.80322265625,0.0032032093530727224,0.1804246802375573,-0.0465574053973814
24_music,music,bytedance,TP,141,140,60,8.624796223029259,8.726800698263489,8.849780061647381,8.650930404663086,8.795000076293945,0.02613418163382697,0.06819937803045661,-0.05477998535343609
24_music,music,bytedance,TP,142,139,56,8.62580205206457,8.727793116244994,8.849780061647381,8.64656925201416,8.794089317321777,0.02076719994959042,0.06629620107678313,-0.05569074432560406
24_music,music,bytedance,TP,143,142,65,8.73079719229712,8.832788256477544,8.849780061647381,8.764364242553711,8.834268569946289,0.03356705025659146,0.0014803134687451092,-0.01551149170109234
24_music,music,bytedance,TP,144,141,50,8.731789610278625,8.832788256477544,8.849780061647381,8.756949424743652,8.825983047485352,0.025159814465027353,-0.006805208992192391,-0.02379701416202984
24_music,music,bytedance,TP,145,144,70,8.833794085512855,8.937783396710097,9.361773862727738,8.85488224029541,9.380000114440918,0.021088154782555435,0.4422167177308207,0.018226251713180375
24_music,music,bytedance,TP,146,143,39,8.835792332529671,8.937783396710097,9.148779506210511,8.850531578063965,8.892498970031738,0.014739245534293843,-0.04528442667835897,-0.2562805361787728
24_music,music,bytedance,TP,147,145,58,8.937783396710097,9.045782612994774,9.567767649159208,8.960962295532227,9.1899995803833,0.023178898822129312,0.14421696738852674,-0.3777680687759073
24_music,music,bytedance,TP,148,146,55,8.939781643726914,9.046788442030085,9.259769387493508,8.962005615234375,9.199999809265137,0.02222397150746147,0.1532113672350519,-0.059769578228371145
24_music,music,bytedance,TP,149,148,67,9.048786689046901,9.147787088229006,9.563771155125577,9.076395988464355,9.579999923706055,0.02760929941745438,0.43221283547704914,0.016228768580477393
24_music,music,bytedance,TP,150,147,46,9.049779107028407,9.147787088229006,9.363772109744554,9.017139434814453,9.300000190734863,-0.032639672213953475,0.15221310250585773,-0.06377191900969059
24_music,music,bytedance,FN,151,,39,9.148779506210511,9.255772893459877,9.462772508926658,,,,,
24_music,music,bytedance,TP,152,150,75,9.148779506210511,9.255772893459877,9.664769801324498,9.17050838470459,9.680000305175781,0.021728878494078785,0.42422741171590417,0.015230503851283217
24_music,music,bytedance,TP,153,152,55,9.259769387493508,9.361773862727738,9.973760480971706,9.21484661102295,9.979999542236328,-0.044922776470558645,0.6182256795085905,0.006239061264622592
24_music,music,bytedance,TP,154,153,63,9.259769387493508,9.360768033692427,9.86975775872066,9.265153884887695,9.539999961853027,0.0053844973941874485,0.17923192816060052,-0.3297577968676322
24_music,music,bytedance,TP,155,155,70,9.361773862727738,9.458776014893026,9.868765340739154,9.394302368164062,9.880000114440918,0.032528505436324906,0.4212240995478922,0.011234773701763956
24_music,music,bytedance,FN,156,,46,9.363772109744554,9.461766679891348,9.665762219306004,,,,,
24_music,music,bytedance,TP,157,157,39,9.462772508926658,9.563771155125577,9.76976494155705,9.474832534790039,9.720000267028809,0.01206002586338073,0.1562291119032313,-0.04976467452824096
24_music,music,bytedance,TP,158,156,79,9.462772508926658,9.563771155125577,9.973760480971706,9.469656944274902,9.979999542236328,0.006884435348244011,0.41622838711075083,0.006239061264622592
24_music,music,bytedance,TP,159,159,67,9.563771155125577,9.661765725272371,10.177756020386362,9.588293075561523,10.1899995803833,0.024521920435946143,0.5282338551109298,0.012243559996939268
24_music,music,bytedance,TP,160,160,58,9.567767649159208,9.662771554307682,10.275750590533157,9.588825225830078,9.979999542236328,0.02105757667087005,0.31722798792864637,-0.29575104829682886
24_music,music,bytedance,TP,161,162,75,9.664769801324498,9.766760865504923,10.17675019135105,9.694061279296875,10.1899995803833,0.029291477972376967,0.4232387148783783,0.013249389032250036
24_music,music,bytedance,TP,162,161,46,9.665762219306004,9.766760865504923,10.071755051118501,9.692214965820312,10.100000381469727,0.026452746514308956,0.33323951596480406,0.02824533035122556
24_music,music,bytedance,TP,163,164,82,9.767766694540233,9.864755435651718,10.274744761497846,9.775681495666504,10.279999732971191,0.007914801126270632,0.41524429731947343,0.0052549714733451935
24_music,music,bytedance,TP,164,163,39,9.76976494155705,9.868765340739154,10.670746358226268,9.727344512939453,10.594795227050781,-0.04242042861759643,0.7260298863116272,-0.07595113117548635
24_music,music,bytedance,TP,165,166,70,9.868765340739154,9.96975057588427,10.473751388897368,9.885770797729492,10.479999542236328,0.017005456990338175,0.5102489663520586,0.006248153338960449
24_music,music,bytedance,TP,166,165,63,9.86975775872066,9.973760480971706,10.670746358226268,9.885687828063965,10.0600004196167,0.01593006934330532,0.08623993864499369,-0.6107459386095684
24_music,music,bytedance,TP,167,168,55,9.973760480971706,10.07074922208319,10.670746358226268,9.992713928222656,10.619999885559082,0.018953447250950717,0.5492506634758918,-0.05074647266718557
24_music,music,bytedance,TP,168,167,79,9.973760480971706,10.067758557084868,10.471753141880551,9.986197471618652,10.470000267028809,0.01243699064694681,0.40224170994394015,-0.0017528748517428028
24_music,music,bytedance,FP,,4,43,,,,1.6174685955047607,2.759999990463257,,,
24_music,music,bytedance,FP,,10,46,,,,1.8954541683197021,2.2300000190734863,,,
24_music,music,bytedance,FP,,22,58,,,,2.5099098682403564,2.880000114440918,,,
24_music,music,bytedance,FP,,43,92,,,,3.4808359146118164,3.5899999141693115,,,
24_music,music,bytedance,FP,,46,43,,,,3.615468740463257,3.8299999237060547,,,
24_music,music,bytedance,FP,,50,60,,,,3.8324222564697266,4.130000114440918,,,
24_music,music,bytedance,FP,,76,60,,,,5.28929328918457,5.356339454650879,,,
24_music,music,bytedance,FP,,80,48,,,,5.519646167755127,5.65718936920166,,,
24_music,music,bytedance,FP,,99,54,,,,6.573429584503174,6.579999923706055,,,
24_music,music,bytedance,FP,,111,54,,,,7.173737049102783,7.179999828338623,,,
24_music,music,bytedance,FP,,134,56,,,,8.434758186340332,8.510000228881836,,,
24_music,music,bytedance,FP,,149,51,,,,9.094575881958008,10.380000114440918,,,
24_music,music,bytedance,FP,,151,58,,,,9.199897766113281,9.579999923706055,,,
24_music,music,bytedance,FP,,154,46,,,,9.305404663085938,9.680000305175781,,,
24_music,music,bytedance,FP,,158,63,,,,9.554075241088867,9.880000114440918,,,
24_music,music,bytedance,FP,,169,58,,,,9.993165016174316,10.0600004196167,,,
24_music,music,bytedance_B_offline,TP,0,0,70,1.111977526169622,1.429980433973205,1.429980433973205,1.1258666515350342,1.235597014427185,0.013889125365412092,-0.1943834195460199,-0.1943834195460199
24_music,music,bytedance_B_offline,TP,1,1,70,1.429980433973205,1.534975574205756,1.9549561351359601,1.4214709997177124,1.9700000286102295,-0.008509434255492554,0.43502445440447346,0.015043893474269376
24_music,music,bytedance_B_offline,TP,2,2,39,1.4339769280068364,1.535981403241066,1.751966424756615,1.4278866052627563,1.7000000476837158,-0.006090322744080057,0.1640186444426499,-0.051966377072899084
24_music,music,bytedance_B_offline,TP,3,3,58,1.5379796502578815,1.6399707144383069,2.1649598266548664,1.5672651529312134,2.1700000762939453,0.029285502673331854,0.5300293618556384,0.0050402496390788976
24_music,music,bytedance_B_offline,FN,4,,55,1.5389720682393873,1.6409765434736168,1.8579673940244759,,,,,
24_music,music,bytedance_B_offline,TP,5,6,67,1.6429747904904324,1.7489623487044892,2.1649598266548664,1.6731678247451782,2.1700000762939453,0.030193034254745843,0.4210377275894561,0.0050402496390788976
24_music,music,bytedance_B_offline,TP,6,5,46,1.6439672084719381,1.7489623487044892,1.9579602111880858,1.624267339706421,1.8899999856948853,-0.019699868765517214,0.14103763699039606,-0.06796022549320058
24_music,music,bytedance_B_offline,TP,7,7,39,1.751966424756615,1.856961564989166,2.0599646864223153,1.7087693214416504,2.049999952316284,-0.04319710331496451,0.1930383873271182,-0.009964734106031159
24_music,music,bytedance_B_offline,TP,8,8,75,1.751966424756615,1.8529650709555345,2.263946814783166,1.7744468450546265,2.2899999618530273,0.02248042029801156,0.4370348908974928,0.026053147069861282
24_music,music,bytedance_B_offline,FN,9,,55,1.8579673940244759,1.9549561351359601,2.573943323465682,,,,,
24_music,music,bytedance_B_offline,TP,10,9,63,1.8579673940244759,1.9509596411023287,2.4669499362163156,1.8697702884674072,2.4800000190734863,0.011802894442931366,0.5290403779711577,0.013050082857170686
24_music,music,bytedance_B_offline,TP,11,11,70,1.9549561351359601,2.0569606103701896,2.4659441071810058,1.9821499586105347,2.4800000190734863,0.027193823474574552,0.4230394087032967,0.014055911892480566
24_music,music,bytedance_B_offline,FN,12,,46,1.9579602111880858,2.0569606103701896,2.263946814783166,,,,,
24_music,music,bytedance_B_offline,TP,13,12,39,2.0599646864223153,2.1649598266548664,2.3679495370342116,2.0571837425231934,2.0693637120723722,-0.0027809438991219793,-0.09559611458249417,-0.2985858249618394
24_music,music,bytedance_B_offline,TP,14,13,79,2.0599646864223153,2.1619557506027407,2.5709392474135564,2.0660176277160645,2.5799999237060547,0.0060529412937491145,0.418044173103314,0.009060676292498293
24_music,music,bytedance_B_offline,TP,15,15,58,2.1649598266548664,2.26295439680166,2.8749410150456254,2.184551239013672,2.5,0.01959141235880546,0.2370456031983399,-0.3749410150456254
24_music,music,bytedance_B_offline,TP,16,14,67,2.1649598266548664,2.258957902768029,2.77093829279458,2.1828980445861816,2.7778802654147148,0.017938217931315226,0.5189223626466859,0.006941972620134962
24_music,music,bytedance_B_offline,TP,17,16,46,2.263946814783166,2.364945460982086,2.6739361406292916,2.2364842891693115,2.680000066757202,-0.027462525613854538,0.31505460577511624,0.006063926127910513
24_music,music,bytedance_B_offline,TP,18,17,75,2.263946814783166,2.364945460982086,2.77093829279458,2.2979373931884766,2.775453495681286,0.0339905784053105,0.41050803469920005,0.004515202886706149
24_music,music,bytedance_B_offline,TP,19,19,39,2.3679495370342116,2.4659441071810058,3.2709292007202366,2.381685733795166,2.7350921630859375,0.013736196760954389,0.26914805590493174,-0.5358370376342991
24_music,music,bytedance_B_offline,TP,20,18,82,2.3679495370342116,2.4659441071810058,2.8729427680288095,2.3795135021209717,2.7425620555877686,0.011563965086760053,0.2766179484067628,-0.130380712441041
24_music,music,bytedance_B_offline,TP,21,20,70,2.4659441071810058,2.566942753379925,3.071935984374523,2.488217830657959,3.0799999237060547,0.022273723476953222,0.5130571703261295,0.0080639393315316
24_music,music,bytedance_B_offline,TP,22,21,63,2.4669499362163156,2.5709392474135564,3.2709292007202366,2.494800090789795,3.200000047683716,0.02785015457347928,0.6290608002701594,-0.07092915303652081
24_music,music,bytedance_B_offline,TP,23,23,79,2.5709392474135564,2.6689472286141545,3.070930155339213,2.5857698917388916,3.069999933242798,0.014830644325335207,0.4010527046286434,-0.0009302220964153562
24_music,music,bytedance_B_offline,TP,24,24,55,2.573943323465682,2.6689472286141545,3.2709292007202366,2.591972589492798,3.2100000381469727,0.018029266027115742,0.5410528095328182,-0.06092916257326397
24_music,music,bytedance_B_offline,TP,25,25,87,2.6729437226477857,2.7659493807794426,3.2709292007202366,2.6745529174804688,3.190000057220459,0.0016091948326830696,0.42405067644101635,-0.08092914349977764
24_music,music,bytedance_B_offline,TP,26,26,46,2.6739361406292916,2.7669417987609486,3.2709292007202366,2.6858696937561035,3.1700000762939453,0.01193355312681188,0.4030582775329967,-0.10092912442629132
24_music,music,bytedance_B_offline,TP,27,28,67,2.77093829279458,2.8729427680288095,3.2709292007202366,2.7875843048095703,3.1848151683807373,0.016646012014990497,0.31187240035192776,-0.08611403233949932
24_music,music,bytedance_B_offline,TP,28,27,75,2.77093829279458,2.8719369389934997,3.2709292007202366,2.7872908115386963,3.1851799488067627,0.016352518744116473,0.31324300981326303,-0.08574925191347393
24_music,music,bytedance_B_offline,TP,29,29,82,2.8729427680288095,2.969931509140294,3.1689381365398113,2.8880579471588135,3.1600000858306885,0.01511517913000393,0.19006857669039467,-0.008938050709122791
24_music,music,bytedance_B_offline,TP,30,30,58,2.8749410150456254,2.969931509140294,3.1699305545213172,2.8942863941192627,3.1600000858306885,0.019345379073637314,0.19006857669039467,-0.009930468690628746
24_music,music,bytedance_B_offline,TP,31,31,91,2.9709373381756037,3.066933661305582,3.2709292007202366,2.9830422401428223,3.186507225036621,0.012104901967218584,0.11957356373103911,-0.08442197568361554
24_music,music,bytedance_B_offline,TP,32,32,51,2.9729355851924195,3.067939490340892,3.2709292007202366,2.9853813648223877,3.1851584911346436,0.012445779629968179,0.1172190007937517,-0.08577070958559307
24_music,music,bytedance_B_offline,TP,33,33,79,3.070930155339213,3.1659340604876856,3.2709292007202366,3.0843541622161865,3.2100000381469727,0.013424006876973316,0.0440659776592871,-0.06092916257326397
24_music,music,bytedance_B_offline,TP,34,34,70,3.071935984374523,3.1669398895229954,3.2709292007202366,3.0945069789886475,3.184368133544922,0.022570994614124373,0.017428244021926442,-0.08656106717531475
24_music,music,bytedance_B_offline,TP,35,36,82,3.1689381365398113,3.2639286306344797,3.2709292007202366,3.1713309288024902,3.3299999237060547,0.0023927922626789666,0.066071293071575,0.05907072298581806
24_music,music,bytedance_B_offline,TP,36,35,58,3.1699305545213172,3.2649344596697896,3.2709292007202366,3.1654605865478516,3.49022650802508,-0.0044699679734656605,0.2252920483552905,0.21929730730484343
24_music,music,bytedance_B_offline,TP,37,38,89,3.2669327066866054,3.3659331058687094,3.575923386333812,3.2741920948028564,3.509999990463257,0.007259388116251042,0.14406688459454742,-0.06592339587055518
24_music,music,bytedance_B_offline,TP,38,37,51,3.2709292007202366,3.3659331058687094,3.575923386333812,3.2685747146606445,3.491485357284546,-0.002354486059592098,0.12555225141583648,-0.08443802904926612
24_music,music,bytedance_B_offline,TP,39,39,74,3.3659331058687094,3.4659259230323194,3.575923386333812,3.3747687339782715,3.486968755722046,0.008835628109562066,0.02104283268972651,-0.08895463061176612
24_music,music,bytedance_B_offline,TP,40,40,71,3.3669255238502154,3.4709282461012605,3.575923386333812,3.379617214202881,3.4871110916137695,0.012691690352665486,0.016182845512509036,-0.08881229472004248
24_music,music,bytedance_B_offline,TP,41,42,80,3.4709282461012605,3.5719268923001803,3.575923386333812,3.4781546592712402,3.7699999809265137,0.00722641316997974,0.19807308862633333,0.19407659459270166
24_music,music,bytedance_B_offline,TP,42,41,59,3.4729264931180763,3.5729193102816863,3.575923386333812,3.475001573562622,3.5299999713897705,0.0020750804445457405,-0.04291933889191579,-0.04592341494404151
24_music,music,bytedance_B_offline,TP,43,44,87,3.574930968352306,3.6699214624469745,3.900926864223152,3.5817453861236572,3.8338539600372314,0.006814417771351167,0.16393249759025696,-0.06707290418592038
24_music,music,bytedance_B_offline,TP,44,45,51,3.575923386333812,3.6699214624469745,3.8839216479995122,3.589585542678833,3.8535527205467224,0.013662156345020993,0.1836312580997479,-0.03036892745278985
24_music,music,bytedance_B_offline,TP,45,47,75,3.6739179564806057,3.7739241846980196,3.900926864223152,3.686063766479492,3.836158275604248,0.012145809998886481,0.062234090906228445,-0.06476858861890378
24_music,music,bytedance_B_offline,TP,46,48,72,3.6769220325327314,3.778913096713157,3.900926864223152,3.706179618835449,3.8348891735076904,0.029257586302717797,0.05597607679453365,-0.0660376907154614
24_music,music,bytedance_B_offline,FN,47,,60,3.778913096713157,3.8809175719473865,3.900926864223152,,,,,
24_music,music,bytedance_B_offline,TP,48,49,80,3.778913096713157,3.8799117429120766,3.900926864223152,3.7762258052825928,3.8651912212371826,-0.0026872914305640094,-0.014720521674894016,-0.03573564298596921
24_music,music,bytedance_B_offline,TP,49,52,84,3.8829158189642023,3.977933135166479,4.195916403698844,3.8891897201538086,3.9292490115761756,0.006273901189606246,-0.048684123590303496,-0.2666673921226681
24_music,music,bytedance_B_offline,TP,50,51,51,3.8839216479995122,3.977933135166479,4.197914650715659,3.877371072769165,4.124721527099609,-0.006550575230347189,0.1467883919331303,-0.07319312361604968
24_music,music,bytedance_B_offline,TP,51,53,72,3.9819296292001103,4.08192244636372,4.201911144749291,3.9905471801757812,4.124204635620117,0.008617550975670962,0.04228218925639737,-0.07770650912917354
24_music,music,bytedance_B_offline,TP,52,54,68,3.9849202941984316,4.08292827539903,4.201911144749291,4.011358261108398,4.123568058013916,0.026437966909966804,0.04063978261488632,-0.07834308673537471
24_music,music,bytedance_B_offline,TP,53,55,80,4.0859189403973515,4.194923985717338,4.201911144749291,4.086704730987549,4.190738201141357,0.0007857905901973439,-0.004185784575980733,-0.011172943607933306
24_music,music,bytedance_B_offline,FN,54,,62,4.086924769432661,4.195916403698844,4.201911144749291,,,,,
24_music,music,bytedance_B_offline,TP,55,56,84,4.195916403698844,4.299919125949889,4.530911116672262,4.205132484436035,4.463013172149658,0.00921608073719149,0.16309404619976942,-0.06789794452260356
24_music,music,bytedance_B_offline,TP,56,57,51,4.197914650715659,4.299919125949889,4.530911116672262,4.2061662673950195,4.464613914489746,0.008251616679360474,0.1646947885398573,-0.06629720218251567
24_music,music,bytedance_B_offline,TP,57,59,67,4.300911543931394,4.3979136960966825,4.530911116672262,4.3351922035217285,4.46376371383667,0.03428065959033422,0.06585001773998744,-0.06714740283559184
24_music,music,bytedance_B_offline,TP,58,58,72,4.300911543931394,4.3979136960966825,4.530911116672262,4.296853542327881,4.464570045471191,-0.004058001603513439,0.06665634937450893,-0.06634107120107036
24_music,music,bytedance_B_offline,TP,59,60,79,4.3979136960966825,4.502908836329234,4.530911116672262,4.420388221740723,4.505062580108643,0.022474525644040177,0.002153743779408579,-0.025848536563619184
24_music,music,bytedance_B_offline,TP,60,61,63,4.401910190130314,4.503914665364544,4.530911116672262,4.424908638000488,4.510000228881836,0.022998447870174132,0.006085563517292059,-0.020910887790425825
24_music,music,bytedance_B_offline,TP,61,62,82,4.503914665364544,4.607903976561785,5.140886076845608,4.519343852996826,5.060765743255615,0.015429187632282293,0.4528617666938306,-0.08012033358999293
24_music,music,bytedance_B_offline,TP,62,63,58,4.505912912381359,4.607903976561785,5.140886076845608,4.524363994598389,5.060789585113525,0.018451082217029402,0.45288560855174076,-0.08009649173208278
24_music,music,bytedance_B_offline,TP,63,65,70,4.6089098055970945,4.709908451796014,5.031894442579426,4.617831230163574,5.059999942779541,0.008921424566479708,0.35009149098352665,0.028105500200115152
24_music,music,bytedance_B_offline,TP,64,64,67,4.611900470595416,4.712899116794336,4.922889397259439,4.593850135803223,4.900000095367432,-0.018050334792193645,0.1871009785730955,-0.022889301892007552
24_music,music,bytedance_B_offline,TP,65,67,75,4.712899116794336,4.813897762993256,5.1368895828119765,4.744470119476318,5.063071250915527,0.03157100268198221,0.24917348792227134,-0.07381833189644915
24_music,music,bytedance_B_offline,TP,66,66,63,4.713904945829646,4.814903592028566,4.923895226294749,4.674615383148193,4.949999809265137,-0.03928956268145267,0.13509621723657084,0.026104582970387646
24_music,music,bytedance_B_offline,TP,67,68,79,4.817894257026888,4.9188929032258075,5.140886076845608,4.825747966766357,5.06223201751709,0.00785370973946975,0.14333911429128232,-0.07865405932851832
24_music,music,bytedance_B_offline,TP,68,69,51,4.8189000860621976,4.922889397259439,5.140886076845608,4.829582214355469,5.060057640075684,0.010682128293271198,0.1371682428162444,-0.08082843676992457
24_music,music,bytedance_B_offline,TP,69,70,67,4.922889397259439,5.031894442579426,5.140886076845608,4.913721084594727,5.062040469497442,-0.00916831266471263,0.03014602691801649,-0.07884560734816581
24_music,music,bytedance_B_offline,TP,70,71,63,4.923895226294749,5.031894442579426,5.140886076845608,4.957827091217041,5.061078071594238,0.03393186492229194,0.029183629014812418,-0.07980800525136988
24_music,music,bytedance_B_offline,TP,71,72,70,5.031894442579426,5.132893088778345,5.140886076845608,5.074588298797607,5.139999866485596,0.04269385621818156,0.0071067777072508775,-0.0008862103600124627
24_music,music,bytedance_B_offline,FN,72,,55,5.032886860560931,5.1368895828119765,5.140886076845608,,,,,
24_music,music,bytedance_B_offline,TP,73,74,75,5.1368895828119765,5.230887658925139,5.447878509475997,5.1478681564331055,5.355126857757568,0.010978573621128973,0.12423919883242895,-0.09275165171842836
24_music,music,bytedance_B_offline,TP,74,73,41,5.139880247810298,5.233878323923461,5.447878509475997,5.141049861907959,5.354784965515137,0.0011696140976606983,0.12090664159167552,-0.09309354396086
24_music,music,bytedance_B_offline,TP,75,75,63,5.234884152958771,5.33588279915769,5.447878509475997,5.2324957847595215,5.3561110496521,-0.002388368199249591,0.020228250494409572,-0.09176745982389711
24_music,music,bytedance_B_offline,FN,76,,60,5.237888229010896,5.33588279915769,5.447878509475997,,,,,
24_music,music,bytedance_B_offline,TP,77,77,69,5.339879293191322,5.440877939390241,5.447878509475997,5.356732368469238,5.444504261016846,0.016853075277916574,0.0036263216266050335,-0.003374248459151019
24_music,music,bytedance_B_offline,FN,78,,53,5.342883369243447,5.443882015442366,5.447878509475997,,,,,
24_music,music,bytedance_B_offline,FN,79,,48,5.4448744334238715,5.541876585589159,5.749868619037445,,,,,
24_music,music,bytedance_B_offline,TP,80,78,74,5.4448744334238715,5.5388725095370335,5.749868619037445,5.457285404205322,5.655983924865723,0.012410970781450814,0.11711141532868918,-0.09388469417172196
24_music,music,bytedance_B_offline,TP,81,81,62,5.542869003570664,5.643867649769583,5.749868619037445,5.573445796966553,5.658411502838135,0.03057679339588848,0.014543853068551549,-0.09145711619930985
24_music,music,bytedance_B_offline,TP,82,79,60,5.5458730796227895,5.643867649769583,5.749868619037445,5.502533435821533,5.660828113555908,-0.04333964380125632,0.016960463786324986,-0.08904050548153641
24_music,music,bytedance_B_offline,TP,83,82,69,5.647877554857018,5.744866295968503,5.749868619037445,5.636773586273193,5.669009131267667,-0.011103968583825008,-0.07585716470083614,-0.0808594877697777
24_music,music,bytedance_B_offline,FN,84,,53,5.65086821985534,5.745872125003813,5.749868619037445,,,,,
24_music,music,bytedance_B_offline,TP,85,84,75,5.745872125003813,5.846870771202733,6.049860481582077,5.756736755371094,5.974188804626465,0.010864630367280803,0.12731803342373205,-0.07567167695561228
24_music,music,bytedance_B_offline,TP,86,83,41,5.749868619037445,5.849861436201055,6.049860481582077,5.754156112670898,5.974248886108398,0.0042874936334538205,0.12438744990734385,-0.07561159547367868
24_music,music,bytedance_B_offline,TP,87,85,63,5.8508672652363645,5.948861835383158,6.049860481582077,5.857497692108154,5.97480583190918,0.00663042687178983,0.02594399652602153,-0.07505464967289743
24_music,music,bytedance_B_offline,FN,88,,60,5.85387134128849,5.948861835383158,6.049860481582077,,,,,
24_music,music,bytedance_B_offline,TP,89,87,69,5.949867664418468,6.045863987548446,6.049860481582077,5.949311256408691,5.994219011366368,-0.0005564080097766322,-0.05164497618207875,-0.05564147021570953
24_music,music,bytedance_B_offline,TP,90,86,53,5.951865911435283,6.046869816583756,6.049860481582077,5.940462112426758,5.984335422515869,-0.011403799008525617,-0.06253439406788708,-0.06552505906620798
24_music,music,bytedance_B_offline,TP,91,88,79,6.048868063600572,6.14385855769524,6.356852914212467,6.054068088531494,6.284300804138184,0.005200024930922531,0.14044224644294356,-0.07255211007428297
24_music,music,bytedance_B_offline,TP,92,89,46,6.049860481582077,6.14486438673055,6.356852914212467,6.055093288421631,6.284776210784912,0.005232806839553739,0.1399118240543622,-0.07207670342755446
24_music,music,bytedance_B_offline,TP,93,91,67,6.147868462782675,6.245863032929469,6.356852914212467,6.159179210662842,6.2851643562316895,0.011310747880166616,0.03930132330222058,-0.07168855798077711
24_music,music,bytedance_B_offline,TP,94,90,63,6.148860880764181,6.245863032929469,6.356852914212467,6.143287658691406,6.284996509552002,-0.005573222072774442,0.03913347662253308,-0.07185640466046461
24_music,music,bytedance_B_offline,TP,95,93,70,6.246855450910974,6.343857603076263,6.356852914212467,6.264440536499023,6.336789131164551,0.017585085588049054,-0.007068471911711782,-0.020063783047915784
24_music,music,bytedance_B_offline,TP,96,92,53,6.2498595269631,6.343857603076263,6.356852914212467,6.225118637084961,6.329999923706055,-0.024740889878138717,-0.013857679370207876,-0.026852990506411878
24_music,music,bytedance_B_offline,TP,97,94,77,6.344863432111572,6.441865584276861,6.665857004913476,6.356170654296875,6.38976629814133,0.011307222185302557,-0.0520992861355305,-0.27609070677214564
24_music,music,bytedance_B_offline,TP,98,95,50,6.347854097109894,6.442858002258366,6.665857004913476,6.3616485595703125,6.6172919273376465,0.013794462460418266,0.17443392507928035,-0.048565077575829285
24_music,music,bytedance_B_offline,TP,99,96,65,6.442858002258366,6.542850819421975,6.665857004913476,6.456284999847412,6.615383625030518,0.013426997589045975,0.07253280560854236,-0.05047337988295819
24_music,music,bytedance_B_offline,TP,100,97,62,6.4448562492751815,6.543856648457285,6.665857004913476,6.473236560821533,6.617564678192139,0.028380311546351678,0.07370802973485358,-0.0482923267213371
24_music,music,bytedance_B_offline,TP,101,98,70,6.54686072450941,6.641851218604079,6.665857004913476,6.535184860229492,6.635552406311035,-0.01167586427991818,-0.006298812293043632,-0.030304598602440613
24_music,music,bytedance_B_offline,FN,102,,53,6.547853142490916,6.644855294656204,6.665857004913476,,,,,
24_music,music,bytedance_B_offline,TP,103,101,74,6.644855294656204,6.742849864802999,6.9508418982512845,6.654992580413818,6.875709056854248,0.0101372857576143,0.1328591920512494,-0.07513284139703647
24_music,music,bytedance_B_offline,TP,104,100,46,6.648851788689836,6.7438556938383085,6.9508418982512845,6.6544389724731445,6.878057479858398,0.005587183783308802,0.13420178602008992,-0.07278441839288607
24_music,music,bytedance_B_offline,TP,105,102,62,6.7438556938383085,6.840857846003597,6.9508418982512845,6.762005805969238,6.875571250915527,0.018150112130929763,0.034713404911930645,-0.07527064733575717
24_music,music,bytedance_B_offline,TP,106,103,58,6.745853940855124,6.840857846003597,6.9508418982512845,6.7645769119262695,6.876560211181641,0.018722971071145622,0.03570236517804393,-0.07428168706964389
24_music,music,bytedance_B_offline,TP,107,105,65,6.841850263985102,6.945852986236147,6.9508418982512845,6.865091800689697,6.968367576599121,0.023241536704595056,0.022514590362973763,0.017525678347836582
24_music,music,bytedance_B_offline,TP,108,104,53,6.843848511001918,6.945852986236147,6.9508418982512845,6.818220615386963,6.877903938293457,-0.02562789561495471,-0.0679490479426903,-0.07293795995782748
24_music,music,bytedance_B_offline,TP,109,106,41,6.949849480269779,7.051840544450204,7.264834900967431,6.948047161102295,6.982985731363296,-0.0018023191674840788,-0.068854813086908,-0.28184916960413453
24_music,music,bytedance_B_offline,TP,110,107,75,6.949849480269779,7.050848126468699,7.264834900967431,6.956704139709473,7.175899505615234,0.0068546594396936555,0.12505137914653552,-0.08893539535219652
24_music,music,bytedance_B_offline,TP,111,108,63,7.051840544450204,7.1558432667012495,7.264834900967431,7.053629398345947,7.177884578704834,0.0017888538957429034,0.0220413120035845,-0.08695032226259691
24_music,music,bytedance_B_offline,FN,112,,60,7.05383879146702,7.156835684682755,7.264834900967431,,,,,
24_music,music,bytedance_B_offline,TP,113,109,69,7.156835684682755,7.2608384069338,7.264834900967431,7.170660018920898,7.244439601898193,0.013824334238143443,-0.016398805035606756,-0.020395299069237538
24_music,music,bytedance_B_offline,TP,114,110,53,7.15883393169957,7.2608384069338,7.264834900967431,7.173199653625488,7.230000019073486,0.014365721925917896,-0.030838387860313787,-0.03483488189394457
24_music,music,bytedance_B_offline,TP,115,112,74,7.261830824915306,7.361837053132719,7.575823827631451,7.273731708526611,7.4789276123046875,0.011900883611305701,0.11709055917196842,-0.09689621532676362
24_music,music,bytedance_B_offline,TP,116,113,48,7.264834900967431,7.362829471114225,7.575823827631451,7.281317234039307,7.46999979019165,0.016482333071875743,0.1071703190774258,-0.10582403743980073
24_music,music,bytedance_B_offline,TP,117,115,62,7.36583354716635,7.466832193365269,7.575823827631451,7.398983001708984,7.487242221832275,0.033149454542634516,0.02041002846700657,-0.08858160579917573
24_music,music,bytedance_B_offline,TP,118,114,59,7.366825965147855,7.4708286873989005,7.575823827631451,7.36405086517334,7.492151737213135,-0.002775099974515527,0.021323049814234274,-0.08367209041831636
24_music,music,bytedance_B_offline,TP,119,117,69,7.4708286873989005,7.572819751579326,7.575823827631451,7.455916404724121,7.502549211382866,-0.014912282674779398,-0.07027054019645984,-0.07327461624858511
24_music,music,bytedance_B_offline,TP,120,116,53,7.47183451643421,7.572819751579326,7.575823827631451,7.434396743774414,7.486473083496094,-0.03743777265979631,-0.0863466680832321,-0.08935074413535737
24_music,music,bytedance_B_offline,TP,121,119,75,7.573825580614636,7.669821903744613,7.902825552537606,7.5942277908325195,7.815797805786133,0.0204022102178838,0.14597590204151967,-0.08702774675147307
24_music,music,bytedance_B_offline,TP,122,118,41,7.575823827631451,7.670827732779923,7.902825552537606,7.560652732849121,7.8176140785217285,-0.01517109478233003,0.1467863457418055,-0.08521147401587736
24_music,music,bytedance_B_offline,TP,123,120,63,7.672825979796738,7.774817043977164,7.902825552537606,7.684628009796143,7.819149971008301,0.011802029999404162,0.044332927031137004,-0.0836755815293051
24_music,music,bytedance_B_offline,TP,124,121,60,7.673818397778244,7.775822873012474,7.902825552537606,7.707564830780029,7.818175792694092,0.03374643300178537,0.04235291968161814,-0.08464975984351408
24_music,music,bytedance_B_offline,TP,125,123,69,7.7788135380107954,7.897823229468664,7.902825552537606,7.775813579559326,7.887057781219482,-0.0029999584514692756,-0.010765448249181908,-0.015767771318123458
24_music,music,bytedance_B_offline,TP,126,122,53,7.779819367046105,7.897823229468664,7.902825552537606,7.748352527618408,7.84505033493042,-0.031466839427697124,-0.05277289453824441,-0.05777521760718596
24_music,music,bytedance_B_offline,TP,127,125,46,7.901819723502296,8.002818369701215,8.226809790337834,7.912780284881592,8.145997047424316,0.010960561379295797,0.14317867772310144,-0.08081274291351725
24_music,music,bytedance_B_offline,TP,128,124,79,7.901819723502296,8.00182595171971,8.226809790337834,7.906835079193115,8.144908905029297,0.005015355690819234,0.14308295330958742,-0.08190088530853679
24_music,music,bytedance_B_offline,TP,129,127,67,8.002818369701215,8.103817015900134,8.226809790337834,8.016966819763184,8.147174835205078,0.014148450061968632,0.0433578193049442,-0.07963495513275554
24_music,music,bytedance_B_offline,TP,130,126,63,8.00582244575334,8.107813509933765,8.226809790337834,8.014473915100098,8.145516395568848,0.008651469346757423,0.03770288563508295,-0.081293394768986
24_music,music,bytedance_B_offline,TP,131,128,72,8.108819338969075,8.212808650166318,8.226809790337834,8.124887466430664,8.197615623474121,0.01606812746158859,-0.01519302669219691,-0.029194166863712567
24_music,music,bytedance_B_offline,TP,132,129,56,8.110817585985892,8.212808650166318,8.226809790337834,8.154160499572754,8.187783241271973,0.04334291358686215,-0.025025408894345347,-0.039026549065861005
24_music,music,bytedance_B_offline,TP,133,131,77,8.213814479201629,8.306793315225677,8.541795211035485,8.223469734191895,8.256047498881816,0.00965525499026576,-0.050745816343860994,-0.28574771215366823
24_music,music,bytedance_B_offline,TP,134,130,53,8.21680514419995,8.307799144260988,8.418789025543985,8.216797828674316,8.234975315332413,-7.315525634155051e-06,-0.0728238289285752,-0.183813710211572
24_music,music,bytedance_B_offline,TP,135,132,65,8.310803220313113,8.415798360545663,8.541795211035485,8.323336601257324,8.495529174804688,0.012533380944210748,0.07973081425902429,-0.04626603623079717
24_music,music,bytedance_B_offline,TP,136,133,62,8.314799714346744,8.416790778527169,8.541795211035485,8.334859848022461,8.495386123657227,0.020060133675716685,0.07859534513005784,-0.04640908737825811
24_music,music,bytedance_B_offline,TP,137,135,68,8.416790778527169,8.51778942472609,8.541795211035485,8.435437202453613,8.519890785217285,0.018646423926444555,0.002101360491195692,-0.021904425818199513
24_music,music,bytedance_B_offline,TP,138,136,53,8.418789025543985,8.51778942472609,8.541795211035485,8.436595916748047,8.49503231048584,0.01780689120406187,-0.02275711424024962,-0.046762900549644826
24_music,music,bytedance_B_offline,TP,139,138,72,8.520793500778215,8.621805558030937,8.849780061647381,8.527130126953125,8.588414918482304,0.006336626174910265,-0.033390639548633416,-0.26136514316507764
24_music,music,bytedance_B_offline,TP,140,137,46,8.52178591875972,8.622797976012443,8.849780061647381,8.524989128112793,8.80322265625,0.0032032093530727224,0.1804246802375573,-0.0465574053973814
24_music,music,bytedance_B_offline,TP,141,140,60,8.624796223029259,8.726800698263489,8.849780061647381,8.650930404663086,8.795000076293945,0.02613418163382697,0.06819937803045661,-0.05477998535343609
24_music,music,bytedance_B_offline,TP,142,139,56,8.62580205206457,8.727793116244994,8.849780061647381,8.64656925201416,8.794089317321777,0.02076719994959042,0.06629620107678313,-0.05569074432560406
24_music,music,bytedance_B_offline,TP,143,142,65,8.73079719229712,8.832788256477544,8.849780061647381,8.764364242553711,8.834268569946289,0.03356705025659146,0.0014803134687451092,-0.01551149170109234
24_music,music,bytedance_B_offline,TP,144,141,50,8.731789610278625,8.832788256477544,8.849780061647381,8.756949424743652,8.825983047485352,0.025159814465027353,-0.006805208992192391,-0.02379701416202984
24_music,music,bytedance_B_offline,TP,145,144,70,8.833794085512855,8.937783396710097,9.361773862727738,8.85488224029541,9.380000114440918,0.021088154782555435,0.4422167177308207,0.018226251713180375
24_music,music,bytedance_B_offline,TP,146,143,39,8.835792332529671,8.937783396710097,9.148779506210511,8.850531578063965,8.892498970031738,0.014739245534293843,-0.04528442667835897,-0.2562805361787728
24_music,music,bytedance_B_offline,TP,147,145,58,8.937783396710097,9.045782612994774,9.567767649159208,8.960962295532227,9.1899995803833,0.023178898822129312,0.14421696738852674,-0.3777680687759073
24_music,music,bytedance_B_offline,TP,148,146,55,8.939781643726914,9.046788442030085,9.259769387493508,8.962005615234375,9.199999809265137,0.02222397150746147,0.1532113672350519,-0.059769578228371145
24_music,music,bytedance_B_offline,TP,149,148,67,9.048786689046901,9.147787088229006,9.563771155125577,9.076395988464355,9.579999923706055,0.02760929941745438,0.43221283547704914,0.016228768580477393
24_music,music,bytedance_B_offline,TP,150,147,46,9.049779107028407,9.147787088229006,9.363772109744554,9.017139434814453,9.300000190734863,-0.032639672213953475,0.15221310250585773,-0.06377191900969059
24_music,music,bytedance_B_offline,FN,151,,39,9.148779506210511,9.255772893459877,9.462772508926658,,,,,
24_music,music,bytedance_B_offline,TP,152,150,75,9.148779506210511,9.255772893459877,9.664769801324498,9.17050838470459,9.680000305175781,0.021728878494078785,0.42422741171590417,0.015230503851283217
24_music,music,bytedance_B_offline,TP,153,152,55,9.259769387493508,9.361773862727738,9.973760480971706,9.21484661102295,9.234872553646564,-0.044922776470558645,-0.12690130908117325,-0.7388879273251412
24_music,music,bytedance_B_offline,TP,154,153,63,9.259769387493508,9.360768033692427,9.86975775872066,9.265153884887695,9.539999961853027,0.0053844973941874485,0.17923192816060052,-0.3297577968676322
24_music,music,bytedance_B_offline,TP,155,155,70,9.361773862727738,9.458776014893026,9.868765340739154,9.394302368164062,9.880000114440918,0.032528505436324906,0.4212240995478922,0.011234773701763956
24_music,music,bytedance_B_offline,FN,156,,46,9.363772109744554,9.461766679891348,9.665762219306004,,,,,
24_music,music,bytedance_B_offline,TP,157,157,39,9.462772508926658,9.563771155125577,9.76976494155705,9.474832534790039,9.720000267028809,0.01206002586338073,0.1562291119032313,-0.04976467452824096
24_music,music,bytedance_B_offline,TP,158,156,79,9.462772508926658,9.563771155125577,9.973760480971706,9.469656944274902,9.979999542236328,0.006884435348244011,0.41622838711075083,0.006239061264622592
24_music,music,bytedance_B_offline,TP,159,159,67,9.563771155125577,9.661765725272371,10.177756020386362,9.588293075561523,10.1899995803833,0.024521920435946143,0.5282338551109298,0.012243559996939268
24_music,music,bytedance_B_offline,TP,160,160,58,9.567767649159208,9.662771554307682,10.275750590533157,9.588825225830078,9.979999542236328,0.02105757667087005,0.31722798792864637,-0.29575104829682886
24_music,music,bytedance_B_offline,TP,161,162,75,9.664769801324498,9.766760865504923,10.17675019135105,9.694061279296875,10.1899995803833,0.029291477972376967,0.4232387148783783,0.013249389032250036
24_music,music,bytedance_B_offline,TP,162,161,46,9.665762219306004,9.766760865504923,10.071755051118501,9.692214965820312,10.100000381469727,0.026452746514308956,0.33323951596480406,0.02824533035122556
24_music,music,bytedance_B_offline,TP,163,164,82,9.767766694540233,9.864755435651718,10.274744761497846,9.775681495666504,10.279999732971191,0.007914801126270632,0.41524429731947343,0.0052549714733451935
24_music,music,bytedance_B_offline,TP,164,163,39,9.76976494155705,9.868765340739154,10.670746358226268,9.727344512939453,10.594795227050781,-0.04242042861759643,0.7260298863116272,-0.07595113117548635
24_music,music,bytedance_B_offline,TP,165,166,70,9.868765340739154,9.96975057588427,10.473751388897368,9.885770797729492,10.479999542236328,0.017005456990338175,0.5102489663520586,0.006248153338960449
24_music,music,bytedance_B_offline,TP,166,165,63,9.86975775872066,9.973760480971706,10.670746358226268,9.885687828063965,10.0600004196167,0.01593006934330532,0.08623993864499369,-0.6107459386095684
24_music,music,bytedance_B_offline,TP,167,168,55,9.973760480971706,10.07074922208319,10.670746358226268,9.992713928222656,10.619999885559082,0.018953447250950717,0.5492506634758918,-0.05074647266718557
24_music,music,bytedance_B_offline,TP,168,167,79,9.973760480971706,10.067758557084868,10.471753141880551,9.986197471618652,10.470000267028809,0.01243699064694681,0.40224170994394015,-0.0017528748517428028
24_music,music,bytedance_B_offline,FP,,4,43,,,,1.6174685955047607,2.759999990463257,,,
24_music,music,bytedance_B_offline,FP,,10,46,,,,1.8954541683197021,2.2300000190734863,,,
24_music,music,bytedance_B_offline,FP,,22,58,,,,2.5099098682403564,2.880000114440918,,,
24_music,music,bytedance_B_offline,FP,,43,92,,,,3.4808359146118164,3.5899999141693115,,,
24_music,music,bytedance_B_offline,FP,,46,43,,,,3.615468740463257,3.8299999237060547,,,
24_music,music,bytedance_B_offline,FP,,50,60,,,,3.8324222564697266,3.867261828482151,,,
24_music,music,bytedance_B_offline,FP,,76,60,,,,5.28929328918457,5.356339454650879,,,
24_music,music,bytedance_B_offline,FP,,80,48,,,,5.519646167755127,5.65718936920166,,,
24_music,music,bytedance_B_offline,FP,,99,54,,,,6.573429584503174,6.579999923706055,,,
24_music,music,bytedance_B_offline,FP,,111,54,,,,7.173737049102783,7.179999828338623,,,
24_music,music,bytedance_B_offline,FP,,134,56,,,,8.434758186340332,8.510000228881836,,,
24_music,music,bytedance_B_offline,FP,,149,51,,,,9.094575881958008,10.380000114440918,,,
24_music,music,bytedance_B_offline,FP,,151,58,,,,9.199897766113281,9.579999923706055,,,
24_music,music,bytedance_B_offline,FP,,154,46,,,,9.305404663085938,9.680000305175781,,,
24_music,music,bytedance_B_offline,FP,,158,63,,,,9.554075241088867,9.880000114440918,,,
24_music,music,bytedance_B_offline,FP,,169,58,,,,9.993165016174316,10.0600004196167,,,
24_music,music,basic_pitch,TP,0,0,70,1.111977526169622,1.429980433973205,1.429980433973205,1.1261678004535147,1.4164172335600906,0.014190274283892634,-0.013563200413114318,-0.013563200413114318
24_music,music,basic_pitch,TP,1,1,70,1.429980433973205,1.534975574205756,1.9549561351359601,1.4164172335600906,1.7414965986394557,-0.013563200413114318,0.20652102443369968,-0.2134595364965044
24_music,music,basic_pitch,FN,2,,39,1.4339769280068364,1.535981403241066,1.751966424756615,,,,,
24_music,music,basic_pitch,FN,3,,58,1.5379796502578815,1.6399707144383069,2.1649598266548664,,,,,
24_music,music,basic_pitch,FN,4,,55,1.5389720682393873,1.6409765434736168,1.8579673940244759,,,,,
24_music,music,basic_pitch,TP,5,3,67,1.6429747904904324,1.7489623487044892,2.1649598266548664,1.6834467120181407,1.9504761904761905,0.04047192152770829,0.20151384177170129,-0.21448363617867594
24_music,music,basic_pitch,FN,6,,46,1.6439672084719381,1.7489623487044892,1.9579602111880858,,,,,
24_music,music,basic_pitch,FN,7,,39,1.751966424756615,1.856961564989166,2.0599646864223153,,,,,
24_music,music,basic_pitch,TP,8,4,75,1.751966424756615,1.8529650709555345,2.263946814783166,1.7763265306122449,1.9981999999999998,0.024360105855629977,0.14523492904446522,-0.2657468147831663
24_music,music,basic_pitch,FN,9,,55,1.8579673940244759,1.9549561351359601,2.573943323465682,,,,,
24_music,music,basic_pitch,TP,10,5,63,1.8579673940244759,1.9509596411023287,2.4669499362163156,1.8808163265306121,2.033029931972789,0.022848932506136288,0.08207029087046047,-0.4339200042435265
24_music,music,basic_pitch,TP,11,6,70,1.9549561351359601,2.0569606103701896,2.4659441071810058,1.9853061224489796,2.1142997732426303,0.030349987313019522,0.057339162872440674,-0.35164433393837546
24_music,music,basic_pitch,FN,12,,46,1.9579602111880858,2.0569606103701896,2.263946814783166,,,,,
24_music,music,basic_pitch,FN,13,,39,2.0599646864223153,2.1649598266548664,2.3679495370342116,,,,,
24_music,music,basic_pitch,TP,14,7,79,2.0599646864223153,2.1619557506027407,2.5709392474135564,2.067859863945578,2.2187895691609976,0.007895177523262742,0.056833818558256866,-0.35214967825255883
24_music,music,basic_pitch,FN,15,,58,2.1649598266548664,2.26295439680166,2.8749410150456254,,,,,
24_music,music,basic_pitch,TP,16,8,67,2.1649598266548664,2.258957902768029,2.77093829279458,2.1723496598639453,2.4858190476190476,0.007389833209078933,0.22686114485101871,-0.2851192451755322
24_music,music,basic_pitch,FN,17,,46,2.263946814783166,2.364945460982086,2.6739361406292916,,,,,
24_music,music,basic_pitch,FN,18,,75,2.263946814783166,2.364945460982086,2.77093829279458,,,,,
24_music,music,basic_pitch,FN,19,,39,2.3679495370342116,2.4659441071810058,3.2709292007202366,,,,,
24_music,music,basic_pitch,TP,20,9,82,2.3679495370342116,2.4659441071810058,2.8729427680288095,2.369719274376417,2.636748752834467,0.0017697373422054241,0.17080464565346132,-0.23619401519434247
24_music,music,basic_pitch,FN,21,,70,2.4659441071810058,2.566942753379925,3.071935984374523,,,,,
24_music,music,basic_pitch,FN,22,,63,2.4669499362163156,2.5709392474135564,3.2709292007202366,,,,,
24_music,music,basic_pitch,FN,23,,79,2.5709392474135564,2.6689472286141545,3.070930155339213,,,,,
24_music,music,basic_pitch,TP,24,12,55,2.573943323465682,2.6689472286141545,3.2709292007202366,2.590308843537415,2.938608163265306,0.016365520071732753,0.2696609346511516,-0.3323210374549306
24_music,music,basic_pitch,FN,25,,87,2.6729437226477857,2.7659493807794426,3.2709292007202366,,,,,
24_music,music,basic_pitch,FN,26,,46,2.6739361406292916,2.7669417987609486,3.2709292007202366,,,,,
24_music,music,basic_pitch,TP,27,15,67,2.77093829279458,2.8729427680288095,3.2709292007202366,2.7876784580498866,3.240467573696145,0.01674016525530675,0.3675248056673355,-0.03046162702409161
24_music,music,basic_pitch,FN,28,,75,2.77093829279458,2.8719369389934997,3.2709292007202366,,,,,
24_music,music,basic_pitch,FN,29,,82,2.8729427680288095,2.969931509140294,3.1689381365398113,,,,,
24_music,music,basic_pitch,FN,30,,58,2.8749410150456254,2.969931509140294,3.1699305545213172,,,,,
24_music,music,basic_pitch,TP,31,17,91,2.9709373381756037,3.066933661305582,3.2709292007202366,2.973438095238095,3.18241768707483,0.00250075706249131,0.11548402576924799,-0.08851151364540666
24_music,music,basic_pitch,TP,32,18,51,2.9729355851924195,3.067939490340892,3.2709292007202366,2.9850480725623583,3.275297505668934,0.012112487369938751,0.2073580153280421,0.0043683049486973324
24_music,music,basic_pitch,FN,33,,79,3.070930155339213,3.1659340604876856,3.2709292007202366,,,,,
24_music,music,basic_pitch,FN,34,,70,3.071935984374523,3.1669398895229954,3.2709292007202366,,,,,
24_music,music,basic_pitch,FN,35,,82,3.1689381365398113,3.2639286306344797,3.2709292007202366,,,,,
24_music,music,basic_pitch,FN,36,,58,3.1699305545213172,3.2649344596697896,3.2709292007202366,,,,,
24_music,music,basic_pitch,FN,37,,89,3.2669327066866054,3.3659331058687094,3.575923386333812,,,,,
24_music,music,basic_pitch,TP,38,19,51,3.2709292007202366,3.3659331058687094,3.575923386333812,3.275297505668934,3.600376870748299,0.0043683049486973324,0.23444376487958962,0.024453484414487026
24_music,music,basic_pitch,FN,39,,74,3.3659331058687094,3.4659259230323194,3.575923386333812,,,,,
24_music,music,basic_pitch,FN,40,,71,3.3669255238502154,3.4709282461012605,3.575923386333812,,,,,
24_music,music,basic_pitch,TP,41,21,80,3.4709282461012605,3.5719268923001803,3.575923386333812,3.484277097505669,3.7745265306122446,0.013348851404408446,0.2025996383120643,0.19860314427843262
24_music,music,basic_pitch,FN,42,,59,3.4729264931180763,3.5729193102816863,3.575923386333812,,,,,
24_music,music,basic_pitch,FN,43,,87,3.574930968352306,3.6699214624469745,3.900926864223152,,,,,
24_music,music,basic_pitch,TP,44,23,51,3.575923386333812,3.6699214624469745,3.8839216479995122,3.600376870748299,3.890626303854875,0.024453484414487026,0.2207048414079007,0.006704655855362951
24_music,music,basic_pitch,TP,45,24,75,3.6739179564806057,3.7739241846980196,3.900926864223152,3.6932566893424035,3.8557963718820862,0.01933873286179777,0.08187218718406664,-0.04513049234106559
24_music,music,basic_pitch,FN,46,,72,3.6769220325327314,3.778913096713157,3.900926864223152,,,,,
24_music,music,basic_pitch,FN,47,,60,3.778913096713157,3.8809175719473865,3.900926864223152,,,,,
24_music,music,basic_pitch,TP,48,25,80,3.778913096713157,3.8799117429120766,3.900926864223152,3.7745265306122446,3.925456235827664,-0.004386566100912148,0.04554449291558749,0.024529371604512296
24_music,music,basic_pitch,TP,49,27,84,3.8829158189642023,3.977933135166479,4.195916403698844,3.902236281179138,4.205379591836735,0.019320462214935663,0.22744645667025587,0.009463188137891265
24_music,music,basic_pitch,TP,50,26,51,3.8839216479995122,3.977933135166479,4.197914650715659,3.890626303854875,4.205379591836735,0.006704655855362951,0.22744645667025587,0.007464941121075874
24_music,music,basic_pitch,TP,51,28,72,3.9819296292001103,4.08192244636372,4.201911144749291,3.984790022675737,4.495629024943311,0.0028603934756268323,0.4137065785795908,0.2937178801940199
24_music,music,basic_pitch,TP,52,29,68,3.9849202941984316,4.08292827539903,4.201911144749291,4.008009977324263,4.193769614512472,0.02308968312583115,0.11084133911344196,-0.008141530236819072
24_music,music,basic_pitch,TP,53,30,80,4.0859189403973515,4.194923985717338,4.201911144749291,4.077669841269841,4.216989569160997,-0.008249099127510817,0.022065583443659165,0.015078424411706592
24_music,music,basic_pitch,FN,54,,62,4.086924769432661,4.195916403698844,4.201911144749291,,,,,
24_music,music,basic_pitch,TP,55,32,84,4.195916403698844,4.299919125949889,4.530911116672262,4.205379591836735,4.449189115646258,0.009463188137891265,0.14926998969636962,-0.08172200102600335
24_music,music,basic_pitch,TP,56,31,51,4.197914650715659,4.299919125949889,4.530911116672262,4.205379591836735,4.5304589569161,0.007464941121075874,0.23053983096621078,-0.00045215975616219595
24_music,music,basic_pitch,TP,57,33,67,4.300911543931394,4.3979136960966825,4.530911116672262,4.333089342403628,4.576898866213152,0.03217779847223401,0.1789851701164693,0.04598774954089002
24_music,music,basic_pitch,FN,58,,72,4.300911543931394,4.3979136960966825,4.530911116672262,,,,,
24_music,music,basic_pitch,FN,59,,79,4.3979136960966825,4.502908836329234,4.530911116672262,,,,,
24_music,music,basic_pitch,FN,60,,63,4.401910190130314,4.503914665364544,4.530911116672262,,,,,
24_music,music,basic_pitch,FN,61,,82,4.503914665364544,4.607903976561785,5.140886076845608,,,,,
24_music,music,basic_pitch,TP,62,34,58,4.505912912381359,4.607903976561785,5.140886076845608,4.518848979591836,5.018078004535147,0.01293606721047702,0.4101740279733628,-0.12280807231046076
24_music,music,basic_pitch,TP,63,36,70,4.6089098055970945,4.709908451796014,5.031894442579426,4.611728798185941,4.8323183673469385,0.002818992588846214,0.12240991555092418,-0.19957607523248733
24_music,music,basic_pitch,TP,64,35,67,4.611900470595416,4.712899116794336,4.922889397259439,4.576898866213152,4.901978231292516,-0.03500160438226452,0.18907911449818027,-0.020911165966922773
24_music,music,basic_pitch,FN,65,,75,4.712899116794336,4.813897762993256,5.1368895828119765,,,,,
24_music,music,basic_pitch,TP,66,37,63,4.713904945829646,4.814903592028566,4.923895226294749,4.669778684807256,4.8323183673469385,-0.04412626102238981,0.017414775318372655,-0.09157685894781054
24_music,music,basic_pitch,TP,67,38,79,4.817894257026888,4.9188929032258075,5.140886076845608,4.820708390022675,5.076127891156462,0.0028141329957875882,0.1572349879306545,-0.06475818568914615
24_music,music,basic_pitch,TP,68,39,51,4.8189000860621976,4.922889397259439,5.140886076845608,4.8323183673469385,5.1341777777777775,0.013418281284740985,0.21128838051833831,-0.006708299067830659
24_music,music,basic_pitch,TP,69,41,67,4.922889397259439,5.031894442579426,5.140886076845608,4.901978231292516,5.099347845804989,-0.020911165966922773,0.0674534032255627,-0.0415382310406196
24_music,music,basic_pitch,FN,70,,63,4.923895226294749,5.031894442579426,5.140886076845608,,,,,
24_music,music,basic_pitch,TP,71,42,70,5.031894442579426,5.132893088778345,5.140886076845608,5.076127891156462,5.261887528344671,0.04423344857703615,0.12899443956632606,0.12100145149906272
24_music,music,basic_pitch,FN,72,,55,5.032886860560931,5.1368895828119765,5.140886076845608,,,,,
24_music,music,basic_pitch,TP,73,43,75,5.1368895828119765,5.230887658925139,5.447878509475997,5.157397732426304,5.366377324263039,0.020508149614327564,0.1354896653378992,-0.08150118521295813
24_music,music,basic_pitch,TP,74,44,41,5.139880247810298,5.233878323923461,5.447878509475997,5.1690077097505664,5.44764716553288,0.029127461940268162,0.21376884160941856,-0.00023134394311696838
24_music,music,basic_pitch,TP,75,45,63,5.234884152958771,5.33588279915769,5.447878509475997,5.238667573696145,5.4360371882086165,0.0037834207373741435,0.10015438905092644,-0.011841321267380245
24_music,music,basic_pitch,FN,76,,60,5.237888229010896,5.33588279915769,5.447878509475997,,,,,
24_music,music,basic_pitch,TP,77,46,69,5.339879293191322,5.440877939390241,5.447878509475997,5.354767346938775,5.633406802721089,0.014888053747453611,0.19252886333084795,0.1855282932450919
24_music,music,basic_pitch,FN,78,,53,5.342883369243447,5.443882015442366,5.447878509475997,,,,,
24_music,music,basic_pitch,FN,79,,48,5.4448744334238715,5.541876585589159,5.749868619037445,,,,,
24_music,music,basic_pitch,FN,80,,74,5.4448744334238715,5.5388725095370335,5.749868619037445,,,,,
24_music,music,basic_pitch,TP,81,47,62,5.542869003570664,5.643867649769583,5.749868619037445,5.575356916099773,5.749506575963719,0.032487912529108876,0.10563892619413551,-0.00036204307372589284
24_music,music,basic_pitch,FN,82,,60,5.5458730796227895,5.643867649769583,5.749868619037445,,,,,
24_music,music,basic_pitch,TP,83,48,69,5.647877554857018,5.744866295968503,5.749868619037445,5.633406802721089,5.94687619047619,-0.014470752135929743,0.20200989450768692,0.19700757143874537
24_music,music,basic_pitch,FN,84,,53,5.65086821985534,5.745872125003813,5.749868619037445,,,,,
24_music,music,basic_pitch,TP,85,50,75,5.745872125003813,5.846870771202733,6.049860481582077,5.761116553287982,5.958486167800453,0.015244428284169054,0.11161539659772046,-0.09137431378162386
24_music,music,basic_pitch,TP,86,49,41,5.749868619037445,5.849861436201055,6.049860481582077,5.761116553287982,6.029429931972789,0.011247934250537384,0.1795684957717345,-0.02043054960928803
24_music,music,basic_pitch,TP,87,51,63,5.8508672652363645,5.948861835383158,6.049860481582077,5.8539963718820855,6.133919727891157,0.0031291066457210803,0.18505789250799864,0.08405924630907968
24_music,music,basic_pitch,FN,88,,60,5.85387134128849,5.948861835383158,6.049860481582077,,,,,
24_music,music,basic_pitch,TP,89,52,69,5.949867664418468,6.045863987548446,6.049860481582077,5.94687619047619,6.087479818594105,-0.0029914739422780556,0.04161583104565825,0.037619337012027465
24_music,music,basic_pitch,FN,90,,53,5.951865911435283,6.046869816583756,6.049860481582077,,,,,
24_music,music,basic_pitch,TP,91,53,79,6.048868063600572,6.14385855769524,6.356852914212467,6.052649886621316,6.215189569160998,0.003781823020744035,0.07133101146575793,-0.1416633450514686
24_music,music,basic_pitch,FN,92,,46,6.049860481582077,6.14486438673055,6.356852914212467,,,,,
24_music,music,basic_pitch,TP,93,55,67,6.147868462782675,6.245863032929469,6.356852914212467,6.1571396825396825,6.342899319727891,0.009271219757007287,0.09703628679842247,-0.013953594484575227
24_music,music,basic_pitch,TP,94,54,63,6.148860880764181,6.245863032929469,6.356852914212467,6.133919727891157,6.2732394557823135,-0.014941152873023889,0.027376422852844584,-0.08361345843015311
24_music,music,basic_pitch,TP,95,56,70,6.246855450910974,6.343857603076263,6.356852914212467,6.26162947845805,6.5286589569161,0.014774027547075796,0.18480135383983765,0.17180604270363364
24_music,music,basic_pitch,FN,96,,53,6.2498595269631,6.343857603076263,6.356852914212467,,,,,
24_music,music,basic_pitch,FN,97,,77,6.344863432111572,6.441865584276861,6.665857004913476,,,,,
24_music,music,basic_pitch,TP,98,58,50,6.347854097109894,6.442858002258366,6.665857004913476,6.366119274376417,6.64475873015873,0.01826517726652277,0.20190072790036417,-0.02109827475474546
24_music,music,basic_pitch,TP,99,59,65,6.442858002258366,6.542850819421975,6.665857004913476,6.447389115646259,6.64475873015873,0.0045311133878929155,0.10190791073675509,-0.02109827475474546
24_music,music,basic_pitch,FN,100,,62,6.4448562492751815,6.543856648457285,6.665857004913476,,,,,
24_music,music,basic_pitch,TP,101,60,70,6.54686072450941,6.641851218604079,6.665857004913476,6.5286589569161,6.702808616780046,-0.01820176759331016,0.060957398175967015,0.03695161186657003
24_music,music,basic_pitch,FN,102,,53,6.547853142490916,6.644855294656204,6.665857004913476,,,,,
24_music,music,basic_pitch,TP,103,61,74,6.644855294656204,6.742849864802999,6.9508418982512845,6.656368707482994,6.79568843537415,0.011513412826789526,0.0528385705711516,-0.15515346287713427
24_music,music,basic_pitch,FN,104,,46,6.648851788689836,6.7438556938383085,6.9508418982512845,,,,,
24_music,music,basic_pitch,TP,105,62,62,6.7438556938383085,6.840857846003597,6.9508418982512845,6.76085850340136,6.946618140589569,0.01700280956305189,0.10576029458597258,-0.004223757661715233
24_music,music,basic_pitch,TP,106,63,58,6.745853940855124,6.840857846003597,6.9508418982512845,6.772468480725624,6.923398185941044,0.026614539870499776,0.08254033993744692,-0.027443712310240898
24_music,music,basic_pitch,FN,107,,65,6.841850263985102,6.945852986236147,6.9508418982512845,,,,,
24_music,music,basic_pitch,FN,108,,53,6.843848511001918,6.945852986236147,6.9508418982512845,,,,,
24_music,music,basic_pitch,TP,109,64,41,6.949849480269779,7.051840544450204,7.264834900967431,6.946618140589569,7.225257596371883,-0.0032313396802097216,0.17341705192167822,-0.03957730459554831
24_music,music,basic_pitch,TP,110,65,75,6.949849480269779,7.050848126468699,7.264834900967431,6.9582281179138326,7.17881768707483,0.008378637644053555,0.12796956060613152,-0.08601721389260053
24_music,music,basic_pitch,TP,111,66,63,7.051840544450204,7.1558432667012495,7.264834900967431,7.051107936507937,7.2600875283446715,-0.0007326079422673715,0.10424426164342204,-0.0047473726227593716
24_music,music,basic_pitch,FN,112,,60,7.05383879146702,7.156835684682755,7.264834900967431,,,,,
24_music,music,basic_pitch,TP,113,67,69,7.156835684682755,7.2608384069338,7.264834900967431,7.167207709750567,7.457457142857143,0.010372025067812096,0.19661873592334267,0.1926222418897119
24_music,music,basic_pitch,FN,114,,53,7.15883393169957,7.2608384069338,7.264834900967431,,,,,
24_music,music,basic_pitch,TP,115,68,74,7.261830824915306,7.361837053132719,7.575823827631451,7.271697505668935,7.422627210884354,0.009866680753629176,0.060790157751634766,-0.15319661674709728
24_music,music,basic_pitch,FN,116,,48,7.264834900967431,7.362829471114225,7.575823827631451,,,,,
24_music,music,basic_pitch,TP,117,69,62,7.36583354716635,7.466832193365269,7.575823827631451,7.399407256235828,7.550336961451247,0.03357370906947832,0.0835047680859784,-0.025486866180203904
24_music,music,basic_pitch,FN,118,,59,7.366825965147855,7.4708286873989005,7.575823827631451,,,,,
24_music,music,basic_pitch,TP,119,71,69,7.4708286873989005,7.572819751579326,7.575823827631451,7.457457142857143,7.770926530612245,-0.013371544541757707,0.19810677903291918,0.1951027029807939
24_music,music,basic_pitch,FN,120,,53,7.47183451643421,7.572819751579326,7.575823827631451,,,,,
24_music,music,basic_pitch,FN,121,,75,7.573825580614636,7.669821903744613,7.902825552537606,,,,,
24_music,music,basic_pitch,FN,122,,41,7.575823827631451,7.670827732779923,7.902825552537606,,,,,
24_music,music,basic_pitch,TP,123,72,63,7.672825979796738,7.774817043977164,7.902825552537606,7.689656689342404,8.004409977324263,0.016830709545665457,0.2295929333470994,0.1015844247866573
24_music,music,basic_pitch,FN,124,,60,7.673818397778244,7.775822873012474,7.902825552537606,,,,,
24_music,music,basic_pitch,TP,125,73,69,7.7788135380107954,7.897823229468664,7.902825552537606,7.770926530612245,7.945076190476191,-0.007887007398550416,0.047252961007526295,0.042250637938584745
24_music,music,basic_pitch,FN,126,,53,7.779819367046105,7.897823229468664,7.902825552537606,,,,,
24_music,music,basic_pitch,FN,127,,46,7.901819723502296,8.002818369701215,8.226809790337834,,,,,
24_music,music,basic_pitch,TP,128,74,79,7.901819723502296,8.00182595171971,8.226809790337834,7.910246258503402,8.074069841269841,0.008426535001105684,0.07224388955013161,-0.1527399490679926
24_music,music,basic_pitch,TP,129,76,67,8.002818369701215,8.103817015900134,8.226809790337834,8.016019954648526,8.190169614512472,0.013201584947310607,0.08635259861233813,-0.03664017582536161
24_music,music,basic_pitch,TP,130,75,63,8.00582244575334,8.107813509933765,8.226809790337834,8.004409977324263,8.155339682539681,-0.0014124684290770517,0.04752617260591663,-0.07147010779815233
24_music,music,basic_pitch,FN,131,,72,8.108819338969075,8.212808650166318,8.226809790337834,,,,,
24_music,music,basic_pitch,FN,132,,56,8.110817585985892,8.212808650166318,8.226809790337834,,,,,
24_music,music,basic_pitch,TP,133,78,77,8.213814479201629,8.306793315225677,8.541795211035485,8.224999546485261,8.37592925170068,0.011185067283632222,0.06913593647500171,-0.16586595933480552
24_music,music,basic_pitch,TP,134,77,53,8.21680514419995,8.307799144260988,8.418789025543985,8.213389569160997,8.550078911564626,-0.003415575038953733,0.24227976730363743,0.13128988602064062
24_music,music,basic_pitch,TP,135,79,65,8.310803220313113,8.415798360545663,8.541795211035485,8.317879365079365,8.468809070294784,0.007076144766251957,0.053010709749120366,-0.07298614074070109
24_music,music,basic_pitch,TP,136,80,62,8.314799714346744,8.416790778527169,8.541795211035485,8.34109931972789,8.526858956916099,0.026299605381145952,0.11006817838893035,-0.014936254119385595
24_music,music,basic_pitch,TP,137,81,68,8.416790778527169,8.51778942472609,8.541795211035485,8.433979138321995,8.72422857142857,0.017188359794825914,0.20643914670248087,0.18243336039308566
24_music,music,basic_pitch,FN,138,,53,8.418789025543985,8.51778942472609,8.541795211035485,,,,,
24_music,music,basic_pitch,TP,139,82,72,8.520793500778215,8.621805558030937,8.849780061647381,8.526858956916099,8.805498412698412,0.00606545613788434,0.1836928546674752,-0.04428164894896902
24_music,music,basic_pitch,FN,140,,46,8.52178591875972,8.622797976012443,8.849780061647381,,,,,
24_music,music,basic_pitch,TP,141,84,60,8.624796223029259,8.726800698263489,8.849780061647381,8.654568707482992,8.828718367346939,0.029772484453733483,0.10191766908345024,-0.02106169430044247
24_music,music,basic_pitch,TP,142,83,56,8.62580205206457,8.727793116244994,8.849780061647381,8.654568707482992,8.79388843537415,0.028766655418422715,0.06609531912915578,-0.05589162627323141
24_music,music,basic_pitch,FN,143,,65,8.73079719229712,8.832788256477544,8.849780061647381,,,,,
24_music,music,basic_pitch,FN,144,,50,8.731789610278625,8.832788256477544,8.849780061647381,,,,,
24_music,music,basic_pitch,TP,145,85,70,8.833794085512855,8.937783396710097,9.361773862727738,8.851938321995464,9.049307936507937,0.01814423648260899,0.1115245397978395,-0.31246592621980085
24_music,music,basic_pitch,FN,146,,39,8.835792332529671,8.937783396710097,9.148779506210511,,,,,
24_music,music,basic_pitch,TP,147,87,58,8.937783396710097,9.045782612994774,9.567767649159208,8.968038095238095,9.362777324263039,0.030254698527997448,0.31699471126826495,-0.20499032489616908
24_music,music,basic_pitch,TP,148,86,55,8.939781643726914,9.046788442030085,9.259769387493508,8.968038095238095,9.653026757369615,0.02825645151118117,0.6062383153395299,0.3932573698761068
24_music,music,basic_pitch,TP,149,89,67,9.048786689046901,9.147787088229006,9.563771155125577,9.072527891156462,9.235067573696144,0.023741202109560433,0.08728048546713829,-0.32870358142943346
24_music,music,basic_pitch,TP,150,88,46,9.049779107028407,9.147787088229006,9.363772109744554,9.014478004535148,9.153797732426304,-0.035301102493258796,0.006010644197298021,-0.2099743773182503
24_music,music,basic_pitch,FN,151,,39,9.148779506210511,9.255772893459877,9.462772508926658,,,,,
24_music,music,basic_pitch,TP,152,90,75,9.148779506210511,9.255772893459877,9.664769801324498,9.165407709750566,9.432437188208617,0.016628203540054898,0.1766642947487398,-0.23233261311588116
24_music,music,basic_pitch,FN,153,,55,9.259769387493508,9.361773862727738,9.973760480971706,,,,,
24_music,music,basic_pitch,TP,154,91,63,9.259769387493508,9.360768033692427,9.86975775872066,9.269897505668935,10.374129251700682,0.010128118175426692,1.0133612180082547,0.504371492980022
24_music,music,basic_pitch,FN,155,,70,9.361773862727738,9.458776014893026,9.868765340739154,,,,,
24_music,music,basic_pitch,FN,156,,46,9.363772109744554,9.461766679891348,9.665762219306004,,,,,
24_music,music,basic_pitch,FN,157,,39,9.462772508926658,9.563771155125577,9.76976494155705,,,,,
24_music,music,basic_pitch,TP,158,93,79,9.462772508926658,9.563771155125577,9.973760480971706,9.467267120181406,10.072269841269842,0.004494611254747483,0.5084986861442644,0.09850936029813617
24_music,music,basic_pitch,TP,159,94,67,9.563771155125577,9.661765725272371,10.177756020386362,9.5949768707483,10.199979591836735,0.031205715622721897,0.5382138665643641,0.02222357145037357
24_music,music,basic_pitch,FN,160,,58,9.567767649159208,9.662771554307682,10.275750590533157,,,,,
24_music,music,basic_pitch,FN,161,,75,9.664769801324498,9.766760865504923,10.17675019135105,,,,,
24_music,music,basic_pitch,FN,162,,46,9.665762219306004,9.766760865504923,10.071755051118501,,,,,
24_music,music,basic_pitch,TP,163,95,82,9.767766694540233,9.864755435651718,10.274744761497846,9.780736507936508,10.049049886621315,0.012969813396274787,0.18429445096959718,-0.22569487487653106
24_music,music,basic_pitch,FN,164,,39,9.76976494155705,9.868765340739154,10.670746358226268,,,,,
24_music,music,basic_pitch,FN,165,,70,9.868765340739154,9.96975057588427,10.473751388897368,,,,,
24_music,music,basic_pitch,FN,166,,63,9.86975775872066,9.973760480971706,10.670746358226268,,,,,
24_music,music,basic_pitch,TP,167,97,55,9.973760480971706,10.07074922208319,10.670746358226268,9.991000000000001,10.234809523809524,0.017239519028295902,0.1640603017263338,-0.4359368344167436
24_music,music,basic_pitch,FN,168,,79,9.973760480971706,10.067758557084868,10.471753141880551,,,,,
24_music,music,basic_pitch,FP,,2,58,,,,1.5905668934240362,1.7298866213151927,,,
24_music,music,basic_pitch,FP,,10,63,,,,2.3813292517006803,2.973438095238095,,,
24_music,music,basic_pitch,FP,,11,58,,,,2.5670888888888888,2.7644585034013605,,,
24_music,music,basic_pitch,FP,,13,67,,,,2.590308843537415,2.7876784580498866,,,
24_music,music,basic_pitch,FP,,14,75,,,,2.671578684807256,2.91538820861678,,,
24_music,music,basic_pitch,FP,,16,63,,,,2.973438095238095,3.3101274376417233,,,
24_music,music,basic_pitch,FP,,20,58,,,,3.275297505668934,3.507497052154195,,,
24_music,music,basic_pitch,FP,,22,63,,,,3.588766893424036,3.7745265306122446,,,
24_music,music,basic_pitch,FP,,40,63,,,,4.8323183673469385,5.238667573696145,,,
24_music,music,basic_pitch,FP,,57,58,,,,6.2732394557823135,6.633148752834467,,,
24_music,music,basic_pitch,FP,,70,41,,,,7.457457142857143,7.921856235827665,,,
24_music,music,basic_pitch,FP,,92,51,,,,9.29311746031746,9.780736507936508,,,
24_music,music,basic_pitch,FP,,96,51,,,,9.920056235827664,10.374129251700682,,,
